v 671.75 16.8651 716.37
v 934.91 -6.83993 231.212
v 799.92 -78.3464 338.485
v 335.682 -245.307 820.335
v 350.447 -229.671 813.632
v 365.355 -221.834 812.018
v 338.788 -237.199 817.882
v 332.712 -236.623 824.369
v 333.691 -246.957 829.681
v 328.274 -240.342 832.058
v 342.719 -224.341 828.956
v 347.832 -220 832.032
v 328.102 -229.253 835.489
v 338.072 -246.053 837.285
v 335.61 -239.38 841.781
v 335.005 -224.334 840.492
v 331.187 -228.944 842.188
v 345.939 -209.719 840.803
v 353.296 -243.005 839.414
v 336.26 -238.97 845.281
v 356.271 -243.84 843.395
v 335.822 -217.4 842.753
v 331.196 -233.309 842.991
v 290.285 -226.253 880.589
v 348.551 -242.687 854.703
v 327.942 -214.999 852.875
v 342.677 -202.929 856.633
v 317.35 -241.946 874.525
v 325.854 -210.108 861.18
v 311.595 -238.04 866.159
v 331.611 -204.702 865.688
v 342.534 -193.274 865.371
v 329.474 -198.687 871.55
v 310.968 -202.042 884.647
v 290.362 -217.994 883.901
v 296.961 -210.636 890.276
v 322.452 -189.509 887.874
v 325.175 -239.222 882.27
v 282.375 -231.936 888.026
v 343.37 -182.879 874.995
v 287.243 -238.037 891.891
v 350.186 -234.944 873.29
v 281.065 -237.253 905.721
v 342.371 -228.897 885.926
v 354.005 -215.846 897.471
v 267.535 -233.655 903.934
v 292.911 -233.744 909.195
v 346.152 -228.199 887.837
v 274.386 -218.71 897.048
v 282.473 -211.013 900.279
v 250.178 -218.995 917.307
v 261.729 -233.91 917.197
v 286.255 -193.058 918.743
v 268.917 -232.815 918.899
v 276.906 -206.153 909.123
v 300.145 -234.1 910.316
v 341.975 -205.325 914.196
v 312.808 -186.31 901.693
v 331.922 -176.074 899.907
v 339.868 -172.99 906.183
v 318.098 -179.495 912.418
v 236.837 -213.206 931.645
v 268.556 -233.843 923.017
v 246.034 -228.101 923.115
v 356.884 -188.858 905.717
v 235.599 -223.083 934.107
v 284.072 -187.591 934.151
v 312.477 -213.085 930.949
v 249.387 -231.358 928.915
v 319.301 -181.425 907.141
v 285.654 -227.461 934.084
v 251.342 -209.72 925.025
v 307.817 -223.579 925.267
v 263.044 -197.467 933.888
v 310.441 -180.886 925.354
v 237.961 -207.055 938.309
v 325.482 -188.703 924.871
v 228.592 -221.648 950.648
v 226.419 -208.073 949.987
v 240.599 -225.373 954.067
v 264.227 -230.216 938.665
v 227.83 -216.927 945.197
v 254.677 -193.018 952.722
v 280.778 -187.45 941.94
v 225.891 -213.41 957.338
v 262.063 -194.252 955.135
v 291.479 -187.466 939.734
v 296.295 -191.275 940.539
v 265.707 -219.312 953.186
v 303.628 -206.403 938.663
v 226.464 -206.776 957.733
v 251.468 -224.401 954.391
v 229.642 -201.938 954.594
v 256.377 -210.915 960.452
v 237.765 -214.209 965.902
v 231.569 -218.244 962.164
v 239.12 -196.232 958.911
v 250.416 -202.454 962.501
v 232.928 -201.289 964.068
v 346.359 -249.354 811.915
v 345.988 -252.029 828.878
v 366.448 -249.4 823.302
v 486.23 -111.886 183.233
v 533.375 -47.7787 171.295
v 524.975 -64.7277 175.206
v 561.032 -25.3516 170.361
v 570.216 -5.0696 178.97
v 622.626 -171.308 185.953
v 538.97 -77.6823 174.247
v 662.162 -175.807 186.892
v 471.076 -120.845 186.994
v 537.296 -50.9232 178.794
v 558.885 -22.9296 172.033
v 514.001 -133.129 186.197
v 473.662 -113.829 184.94
v 489.978 -126.324 191.17
v 606.256 56.1895 183.679
v 513.242 -110.533 181.121
v 522.727 -97.335 187.588
v 574.565 12.4089 181.969
v 634.26 -176.417 175.947
v 493.141 -127.589 181.996
v 532.374 -84.7823 185.723
v 534.641 -57.8473 184.138
v 573.207 -119.833 184.529
v 563.499 -110.124 190.592
v 493.512 -107.381 188.598
v 530.832 -56.5582 179.966
v 647.256 -160.814 180.921
v 620.959 -163.009 189.009
v 519.035 -123.417 187.716
v 479.463 -124.516 191.367
v 596.965 -128.679 198.659
v 529.726 -129.165 195.241
v 512.778 -131.095 195.184
v 478.928 -111.113 194.878
v 503.791 -95.9626 200.95
v 658.199 -150.185 207.976
v 542.923 -42.2132 180.091
v 517.872 -126.995 195.404
v 514.129 -95.2146 195.232
v 533.269 -116.505 208.43
v 507.531 -118.349 197.79
v 521.536 -119.597 194.615
v 540.029 -78.1252 194.304
v 544.167 -29.4644 180.692
v 563.775 -15.9701 177.777
v 556.637 -123.268 182.382
v 517.639 -94.665 190.908
v 542.891 -41.6717 191.505
v 655.689 -146.789 208.509
v 503.027 -118.956 199.471
v 557.94 -5.94402 183.864
v 572.51 -133.192 193.734
v 522.538 -117.721 206.093
v 580.95 -140.946 190.641
v 569.866 9.49085 195.107
v 547.684 -119.157 206.284
v 542.575 -56.1831 191.403
v 569 4.16304 175.103
v 620.964 -145.939 183.565
v 621.952 -147.099 191.198
v 554.094 -12.2425 190.756
v 528.169 -80.7318 197.668
v 628.37 -158.844 210.244
v 519.323 -115.144 209.64
v 556.504 -15.85 182.156
v 566.035 -11.8358 184.825
v 645.79 -146.766 207.404
v 515.439 -106.299 213.344
v 535.055 -74.4571 197.946
v 601.786 -129.828 196.615
v 482.936 -112.451 203.799
v 558.868 0.224287 188.058
v 562.052 6.93835 191.087
v 560.24 -105.334 200.172
v 490.835 -122.994 205.931
v 498.15 -106.592 199.972
v 508.118 -93.6259 197.998
v 575.835 -121.848 217.438
v 484.868 -116.548 206.604
v 551.715 -19.2827 194.665
v 581.445 -120.164 223.193
v 588.941 -134.974 195.023
v 649.775 -136.82 223.952
v 506.827 -87.8979 208.874
v 517.592 -84.0876 205.647
v 587.361 34.7009 190.306
v 607.781 -120.981 224.164
v 520.413 -70.7962 203.843
v 528.887 -112.044 206.282
v 502.53 -116.626 216.266
v 494.692 -112.577 215.226
v 503.18 -103.804 210.067
v 575.065 -114.26 199.685
v 660.72 -161.477 208.6
v 572.261 -116.997 219.161
v 551.655 -26.3394 204.533
v 677.155 -169.062 195.159
v 571.446 -101.847 206.46
v 535.831 -100.644 221.902
v 496.856 -108.651 215.339
v 565.795 8.21639 205.548
v 572.698 15.5974 201.367
v 619.418 -153.637 207.147
v 541.22 -65.838 203.594
v 544.172 -50.7187 210.327
v 551.63 -107.52 211.962
v 563.539 5.86974 196.339
v 507.492 -101.388 225.447
v 527.879 -107.367 212.249
v 555.01 -2.70099 204.51
v 538.896 -130.713 206.031
v 545.798 -48.5052 200.552
v 550.491 -32.9643 194.936
v 536.821 -124.061 211.195
v 561.216 -88.4641 218.263
v 520.471 -96.2173 221.083
v 618.237 -141.956 223.752
v 620.852 -126.903 231.75
v 600.232 50.982 175.512
v 680.07 -137.429 233.853
v 564.64 -89.7544 216.298
v 514.958 -80.5675 233.062
v 535.099 -88.5057 228.45
v 559.931 -2.53445 216.161
v 528.741 -59.4633 223.653
v 560.317 13.3613 217.013
v 616.358 -136.481 196.178
v 518.162 -77.5185 216.926
v 549.553 -31.5278 215.735
v 545.888 -109.191 222.407
v 595.227 -117.784 218.788
v 523.042 -49.3159 217.522
v 514.818 -102.655 225.919
v 537.702 -40.6776 219.624
v 515.023 -75.1602 220.195
v 527.909 -48.4476 216.073
v 573.518 27.6968 217.311
v 624.536 -154.763 219.202
v 551.017 -79.7995 237.164
v 619.565 -147.066 225.747
v 582.64 31.4361 213.794
v 541.569 -104.483 227.636
v 528.947 -29.812 226.198
v 555.823 -11.4085 224.609
v 576.234 -101.725 251.602
v 533.465 -22.4035 226.179
v 528.434 -83.5883 233.153
v 536.565 -44.8513 236.349
v 666.897 -144.884 237.775
v 600.442 -117.197 221.916
v 525.526 -46.1906 224.678
v 539.245 -28.534 225.454
v 619.963 -124.022 230.599
v 663.249 -145.517 236.53
v 547.691 -22.287 226.644
v 554.272 -68.3774 243.439
v 518.494 -92.3478 233.948
v 631.724 -142.115 236.505
v 538.297 -37.6307 234.614
v 567.026 -80.7769 235.109
v 545.16 -10.5263 233.941
v 536.194 -16.9283 233.937
v 536.052 -55.4415 254.288
v 532.336 -53.5041 250.538
v 565.228 8.52553 224.652
v 591.251 -102.952 248.407
v 590.912 41.4215 223.621
v 545.821 -71.2631 244.308
v 539.353 -42.3443 243.699
v 542.485 -7.40659 235.172
v 616.162 -118.372 235.519
v 568.516 27.6088 226.514
v 644.815 -127.031 242.909
v 550.537 -3.34923 244.554
v 658.04 -134.728 246.054
v 546.872 -27.6454 243.713
v 540.982 -61.2521 247.297
v 560.176 3.57043 238.316
v 597.944 -101.597 254.499
v 660.493 -126.992 266.957
v 609.775 59.6026 238.908
v 543.321 -23.5369 247.261
v 531.323 -59.7685 251.488
v 580.057 33.9967 252.34
v 577.163 28.8273 237.652
v 550.767 -44.244 257.813
v 612.045 -110.651 253.271
v 565.477 -62.826 258.842
v 544.186 -31.2046 250.357
v 577.214 -82.555 253.818
v 573.91 -87.5486 259.293
v 602.112 -102.549 264.379
v 581.814 -89.9885 268.359
v 554.801 -58.59 251.984
v 560.758 15.9846 246.812
v 557.002 -35.3401 264.908
v 553.358 -3.52209 251.051
v 551.113 -13.5269 259.5
v 618.612 -122.182 272.358
v 656.144 -125.169 249.551
v 583.54 36.702 248.504
v 566.032 17.379 256.961
v 546.949 -29.9664 263.435
v 567.242 15.3474 255.175
v 588.101 46.9684 242.977
v 621.864 -124.777 270.772
v 553.453 2.66089 253.736
v 597.366 51.2992 258.128
v 576.529 -73.7079 270.638
v 617.58 -112.72 261.312
v 616.11 -109.535 261.652
v 560.585 9.41408 261.236
v 581.707 35.5323 257.15
v 640.396 -105.345 280.976
v 562.695 -16.8782 269.619
v 559.667 -33.6622 271.993
v 652.056 -122.169 249.592
v 627.268 -117.643 278.896
v 612.133 -86.9936 298.945
v 560.891 -49.0662 272.565
v 654.315 -108.972 289.286
v 559.235 -2.55991 272.577
v 587.628 45.242 261.941
v 576.164 -65.6949 284.364
v 612.462 65.6486 262.677
v 567.906 -18.1013 274.635
v 596.587 -73.7853 305.306
v 574.14 -92.5889 262.249
v 574.977 16.0496 284.288
v 573.237 22.5871 285.296
v 584.246 37.066 279.753
v 588.699 44.2081 279.476
v 572.964 -66.6255 270.268
v 575.479 -37.666 308.866
v 625.013 72.0377 274.287
v 574.398 24.6858 278.664
v 659.536 -110.599 289.007
v 574.112 2.37481 291.087
v 592.714 48.2068 273.623
v 669.439 -122.767 268.726
v 627.048 -95.1182 307.659
v 600.226 -79.4184 306.603
v 588.748 -56.8123 322.096
v 577.458 30.2019 288.422
v 578.127 -67.8485 298.587
v 586.801 -78.4675 286.018
v 570.229 -14.4952 304.781
v 573.99 -65.4646 295.917
v 562.499 -23.9851 274.287
v 614.984 61.9893 286.948
v 615.692 -106.503 289.531
v 590.146 42.8639 293.538
v 653.164 -92.6835 314.917
v 617.111 -92.5419 298.122
v 647.269 -101.183 287.857
v 604.822 56.1781 296.309
v 607.374 59.3002 290.537
v 647.627 -95.0773 301.031
v 605.2 54.1778 291.547
v 635.531 -85.9399 312.715
v 575.901 -8.91417 303.076
v 583.877 20.2727 311.989
v 568.141 -33.5236 302.628
v 620.888 69.1414 306.433
v 586.5 29.1955 292.418
v 620.213 -91.2566 317.203
v 616.018 -101.134 300.751
v 605.614 46.8652 301.004
v 585.589 25.0309 293.352
v 588.745 30.8328 300.57
v 582.981 22.4955 297.637
v 639.632 -75.374 333.457
v 576.125 -10.6856 321.744
v 578.185 -0.556137 310.141
v 672.1 -88.0117 312.71
v 617.03 -69.6711 335.448
v 600.555 -69.8938 321.138
v 616.018 -76.7114 320.418
v 580.318 -42.9105 326.79
v 604.479 51.6142 301.04
v 610.743 53.8612 312.29
v 591.884 -55.75 331.961
v 596.661 34.6975 317.122
v 631.473 -78.07 327.738
v 590.871 29.5572 328.017
v 617.003 58.5249 306.7
v 579.341 -40.7662 316.557
v 606.103 44.523 317.782
v 589.303 19.324 340.305
v 592.021 25.0491 334.755
v 618.847 -84.3841 323.804
v 648.438 -85.6755 324.786
v 578.821 -47.8599 332.989
v 586.012 -48.0762 330.925
v 581.267 -56.4961 332.623
v 661.705 -80.6242 335.858
v 579.15 -55.4148 335.171
v 595.189 -65.1746 335.265
v 585.016 3.156 337.726
v 604.08 -63.7895 336.165
v 579.372 -22.9742 329.109
v 574.044 -41.4598 341.543
v 574.6 -48.8844 337.753
v 573.273 -47.4578 345.776
v 585.031 -41.8223 334.909
v 587.452 4.69074 335.465
v 604.275 -77.5559 339.696
v 649.503 -80.45 338.16
v 616.495 -77.1015 341.851
v 585.205 -68.6188 343.983
v 584.552 -32.8489 339.726
v 608.194 -71.7832 336.733
v 657.948 -81.9671 339.823
v 648.344 -79.9805 341.575
v 587.076 -70.4184 341.223
v 586.877 14.9547 329.53
v 580.011 -32.8066 343.897
v 586.98 -31.6597 345.246
v 644.712 -90.8728 343.279
v 621.192 -69.1149 342.047
v 606.62 38.0709 346.105
v 587.818 -61.524 361.148
v 637.613 -79.6545 350.224
v 628.144 -73.1185 344.958
v 596.973 -83.2056 350.143
v 665.424 -97.2862 346.067
v 668.477 -79.5878 340.487
v 617.276 -77.7394 355.99
v 678.61 -79.8908 345.888
v 593.524 -80.8709 353.943
v 598.341 30.2066 350.095
v 664.876 -83.657 341.266
v 564.45 -34.19 351.971
v 676.132 -105.104 354.097
v 671.497 -84.1418 347.039
v 600.515 -83.9588 356.164
v 603.578 33.2649 342.529
v 640.681 -96.4088 349.045
v 602.391 21.2932 362.032
v 640.135 -86.9228 348.607
v 624.579 -79.1177 351.251
v 625.987 -89.4816 353.209
v 584.736 -23.8444 356.678
v 600.73 12.3874 358.711
v 592.75 -87.9617 361.656
v 638.61 -101.245 358.386
v 685.255 -93.0581 349.508
v 654.813 -104.578 362.669
v 617.971 -96.3577 357.04
v 592.162 -18.641 359.664
v 675.229 -90.9264 351.796
v 582.247 -51.3255 350.994
v 681.052 -100.731 351.582
v 662.795 -99.1988 356.147
v 635.27 -83.1157 354.023
v 589.7 -85.5449 363.112
v 595.135 9.48219 356.117
v 644.45 -113.856 364.91
v 619.499 -102.577 359.122
v 621.077 -81.2905 356.923
v 584.382 -7.82304 341.629
v 681.473 -103.67 362.708
v 592.589 -18.6304 355.816
v 640.535 -89.5786 360.446
v 594.383 -77.6622 358.192
v 646.694 -110.378 360.46
v 608.383 -79.4373 366.529
v 675.654 -105.44 359.318
v 656 -100.65 358.79
v 608.623 -102.086 369.077
v 564.06 -39.4431 372.365
v 595.401 16.659 355.871
v 631.547 -91.6279 363.893
v 591.359 -73.7864 366.406
v 607.794 -109.576 371.151
v 561.251 -34.0122 358.163
v 653.235 -111.015 365.432
v 579.658 -45.8553 378.183
v 599.702 16.2574 362.562
v 601.687 34.4382 350.377
v 638.21 -89.5122 365.061
v 577.697 -14.3969 363.72
v 675.557 -102.606 371.213
v 565.01 -22.6115 364.516
v 640.255 -106.548 370.169
v 604.857 33.2642 363.462
v 595.22 -13.8093 362.398
v 578.823 -87.3265 388.983
v 669.368 -103.46 384.429
v 599.573 13.3082 362.155
v 610.509 35.2339 363.125
v 640.255 -125.726 378.561
v 604.948 -117.397 379.156
v 639.572 -92.8939 372.203
v 613.4 -92.4324 371.773
v 615.717 -109.756 367.79
v 639.481 -115.839 375.747
v 595.331 -3.33439 364.059
v 590.365 7.58745 364.916
v 643.412 -124.275 375.106
v 642.203 -99.7733 375.967
v 596.39 -86.3432 376.358
v 604.379 -82.7408 385.308
v 564.589 -15.0628 375.44
v 583.763 0.231665 366.142
v 613.635 46.3835 364.321
v 618.366 47.1944 363.027
v 599.078 11.8435 367.721
v 573.677 -81.8168 391.064
v 588.756 -72.3999 376.804
v 587.833 7.79937 366.479
v 609.176 -85.4706 381.085
v 587.918 11.984 368.441
v 593.54 15.7916 368.36
v 626.676 55.9093 363.969
v 688.635 -103.862 373.166
v 605.641 32.5046 369.263
v 596.096 -119.424 389.103
v 597.432 26.362 377.04
v 572.255 -6.38167 369.694
v 640.666 -103.54 390.261
v 598.626 -109.138 385.436
v 605.364 -96.0435 384.402
v 613.703 44.2958 371.172
v 585.195 28.0188 376.183
v 641.863 -130.453 386.937
v 684.552 -113.86 389.765
v 635.59 -96.2041 387.394
v 687.23 -112.22 383.426
v 574.925 -75.4833 391.978
v 582.158 27.9146 380.716
v 617.004 -142.317 393.791
v 567.09 -36.7995 390.586
v 642.255 -134.527 393.535
v 604.311 -117.467 393.788
v 612.146 44.3324 374.092
v 637.903 -121.48 389.98
v 573.224 -83.8267 402.036
v 589.672 -60.8255 396.898
v 614.102 -137.159 396.833
v 605.426 23.8404 378.322
v 625.135 -142.03 392.552
v 589.723 -56.6703 388.435
v 600.552 40.2744 384.198
v 590.436 -106.696 397.965
v 565.422 -76.644 402.554
v 629.252 -117.758 392.942
v 644.719 -134.073 392.085
v 619.429 -106.794 380.768
v 593.462 -117.366 389.442
v 579.735 -65.9493 399.967
v 564.366 -13.4758 399.111
v 658.006 -115.376 382.441
v 587.146 -50.9087 395.824
v 607.431 32.7663 377.029
v 590.532 -87.4427 389.081
v 561.465 -23.1591 380.575
v 612.867 -147.297 400.447
v 588.302 5.68182 377.862
v 637.675 -103.963 397.919
v 597.009 -93.3691 399.765
v 587.456 14.2941 387.834
v 640.179 -116.474 388.554
v 631.117 -96.6456 385.425
v 579.415 -1.51885 379.593
v 606.416 38.1471 384.688
v 616.862 46.4935 378.762
v 627.926 58.7089 376.978
v 593.091 -87.9929 404.823
v 604.786 27.6937 382.239
v 642.026 -141.074 403.82
v 630.426 -153.761 404.104
v 583.071 27.1902 391.292
v 622.405 50.5109 385.713
v 629.747 -104.878 413.051
v 609.385 49.979 382.691
v 611.946 41.3159 384.503
v 612.525 -170.667 413.233
v 630.046 -111.633 409.214
v 609.779 42.4855 385.831
v 611.07 54.0724 382.074
v 610.347 -159.245 407.272
v 570.248 -115.104 408.752
v 616.238 44.9821 383.908
v 564.25 -30.0977 404.875
v 607.862 59.8213 386.571
v 689.764 -117.699 398.351
v 610.179 46.5865 390.917
v 587.081 -102.92 410.648
v 578.287 -41.6667 412.271
v 657.948 -119.793 401.881
v 615.497 63.2097 390.626
v 592.059 -178.652 416.742
v 676.602 -105.452 391.319
v 693.219 -110.992 393.73
v 587.872 -84.67 405.639
v 571.791 -111.983 409.515
v 583.158 -51.7684 420.921
v 589.167 -166.668 418.928
v 611.395 -136.54 408.46
v 574.571 -182.563 419.49
v 629.031 57.8122 391.733
v 589.129 -187.083 419.578
v 601.717 -119.39 405.373
v 574.815 -174.419 419.579
v 603.379 -158.571 424.693
v 668.888 -110.974 410.912
v 580.483 -186.926 419.096
v 605.596 -164.424 411.749
v 561.32 -112.492 417.294
v 558.506 -108.646 416.914
v 647.068 -138.053 415.239
v 587.288 -91.7063 415.863
v 596.937 38.4326 391.746
v 600.802 -173.928 419.989
v 616.167 -176.647 422.06
v 578.806 -118.35 407.792
v 599.36 -169.134 420.092
v 602.725 40.0409 405.839
v 614.426 68.0502 400.413
v 573.6 -190.962 427.48
v 629.942 -167.957 427.065
v 611.881 65.9408 403.117
v 599.535 -163.988 422.678
v 559.228 -64.796 410.624
v 587.257 39.2948 410.72
v 577.06 -176.855 435.752
v 580.728 -98.694 422.04
v 586.854 -51.9107 412.834
v 586.916 34.8178 398.523
v 590.219 -165.777 428.466
v 556.313 -61.4142 421.519
v 569.349 -182.729 426.53
v 610.202 -148.307 417.716
v 695.082 -115.549 413.53
v 680.054 -111.518 407.634
v 610.616 43.2701 399.546
v 614.12 -132.213 429.884
v 563.11 -16.7194 414.697
v 585.836 -8.66621 406.02
v 551.747 -197.106 435.258
v 538.277 -207.595 439.387
v 572.026 -93.1936 432.127
v 579.226 -16.34 411.454
v 584.201 -169.865 432.867
v 563.568 -24.6614 420.671
v 614.334 48.1722 397.212
v 567.844 -58.958 412.418
v 550.247 -95.2884 426.719
v 568.328 -33.5515 416.622
v 565.419 -12.5167 434.652
v 683.317 -122.742 451.925
v 690.373 -119.646 417.548
v 653.554 -126.208 426.521
v 670.957 -115.319 438.759
v 589.968 10.9082 405.605
v 575.031 -80.71 416.892
v 567.216 -190.479 438.391
v 578.001 -116.442 434.036
v 583.933 -117.58 427.517
v 543.181 -93.9903 429.004
v 594.519 -159.961 447.46
v 568.739 -112.237 436.298
v 573.589 -85.3929 432.009
v 692.081 -120.562 429.319
v 561.193 -68.4595 426.248
v 614.973 47.5817 444.521
v 621.196 -120.867 429.473
v 625.354 -108.545 427.5
v 573.186 -18.4769 420.054
v 535.926 -205.994 443.37
v 697.375 -105.905 414.628
v 565.86 -115.111 423.324
v 558.278 -46.1813 429.085
v 612.514 -135.502 441.03
v 594.275 -121.794 442.608
v 580.152 -43.6329 427.967
v 572.58 -184.183 445.068
v 598.777 40.7071 415.212
v 580.035 -121.231 441.607
v 543.031 -97.5208 431.48
v 574.004 -44.1022 436.538
v 545.537 -101.741 447.631
v 526.366 -73.5827 443.59
v 592.716 23.1055 414.925
v 659.723 -119.093 449.926
v 576.861 -179.092 455.02
v 547.288 -26.7206 454.068
v 558.493 -70.3526 448.071
v 542.404 -203.004 457.661
v 639.208 -160.993 440.22
v 692.741 -116.257 438.725
v 567.942 -108.348 445.947
v 613.596 57.2106 398.688
v 697.386 -127.15 446.897
v 618.669 -108.331 444.669
v 694.662 -125.58 446.094
v 534.514 -89.6184 446.925
v 617.193 50.2485 411.771
v 512.475 -112.875 450.353
v 623.118 52.1034 434.427
v 502.132 -99.9858 451.38
v 570.364 -35.6507 451.492
v 546.587 -38.3533 445.804
v 583.831 -168.604 457.663
v 526.437 -110.927 447.986
v 514.403 -114.863 452.797
v 500.47 -104.81 452.583
v 572.792 -88.559 434.499
v 581.971 -16.0667 416.805
v 652.813 -129.78 454.691
v 535.43 -121.168 452.418
v 572.449 -182.519 457.411
v 576.179 -125.076 451.106
v 568.457 -112.191 450.559
v 605.024 -154.081 440.232
v 665.587 -116.403 446.889
v 559.877 -114.932 453.721
v 550.859 -104.553 453.034
v 563.918 -188.384 457.172
v 545.918 -122.844 452.231
v 580.651 -15.8272 426.667
v 538.678 -72.8116 446.624
v 518.577 -55.0036 457.262
v 567.861 -127.915 455.477
v 463.86 -86.0875 458.93
v 567.437 -128.446 456.399
v 540.716 -59.2088 465.221
v 519.12 -66.6211 452.991
v 534.607 -122.756 460.244
v 480.543 -89.2061 457.735
v 463.964 -76.2601 460.562
v 561.388 -188.035 468.419
v 490.228 -106.198 462.825
v 462.841 -78.2185 462.896
v 622.654 68.1708 427.545
v 466.495 -98.2038 463.772
v 527.297 -55.6501 460.321
v 570.729 -28.9547 438.729
v 588.105 33.5082 413.457
v 545.733 -59.6642 462.495
v 463.525 -83.1614 462.038
v 479.395 -77.0148 461.268
v 604.998 -148.016 457.299
v 542.773 -101.61 455.824
v 594.64 -155.178 473.617
v 508.118 -90.0176 466.189
v 552.267 -56.9239 442.485
v 631.945 55.4696 456.159
v 555.772 -192.856 468.101
v 526.218 -111.69 465.16
v 460.788 -93.1161 464.096
v 585.077 9.58577 476.759
v 613.156 -128.751 458.89
v 497.479 -107.143 459.072
v 685.384 -122.919 455.558
v 492.698 -91.0643 455.577
v 544.417 -116.311 474.552
v 595.287 23.2033 462.915
v 601.778 49.6567 446.337
v 573.557 5.91636 469.67
v 479.842 -97.9761 464.477
v 658.752 -117.113 475.731
v 459.484 -102.18 473.086
v 624.664 56.1891 433.317
v 691.734 -120.096 454.447
v 516.227 -61.1136 470.378
v 556.157 -32.4419 447.429
v 533.375 -95.5519 463.301
v 467.632 -68.4267 466.089
v 563.26 -33.2906 455.225
v 608.786 -133.146 464.282
v 462.758 -105.669 480.989
v 461.411 -72.1566 469.12
v 548.981 -16.2357 464.255
v 594.997 23.6127 442.114
v 490.669 -63.9703 471.165
v 567.757 -1.2917 460.272
v 616.332 -114.609 456.968
v 474.371 -104.645 484.677
v 539.71 -21.1241 468.594
v 603.895 -122.56 462.838
v 524.936 -78.7868 466.806
v 601.475 -146.095 471.258
v 477.555 -90.0781 478.913
v 571.973 -177.554 476.744
v 516.306 -78.0769 472.223
v 592.298 -156.978 491.047
v 570.762 -27.946 469.816
v 595.064 -135.793 465.888
v 576.662 -12.9065 437.792
v 524.721 -95.0769 465.628
v 458.417 -101.64 479.28
v 514.533 -46.9182 467.783
v 572.287 -27.5921 461.215
v 593.688 -130.411 468.358
v 478.555 -83.813 473.247
v 555.371 -195.738 492.059
v 500.956 -107.779 472.278
v 485.821 -108.593 484.058
v 642.91 -156.03 464.607
v 494.263 -76.2501 483.385
v 629.25 -172.727 476.125
v 605.3 -113.557 466.375
v 538.379 -111.244 481.64
v 526.412 -113.841 486.621
v 457.065 -104.183 485.837
v 592.883 -135.352 468.755
v 568.824 -123.781 474.627
v 606.158 -109.364 468.535
v 516.363 -205.233 488.153
v 513.729 -59.2085 474.12
v 460.556 -64.1471 477.781
v 593.998 35.652 453.904
v 707.818 -120.757 455.141
v 598.107 -148.064 478.19
v 536.646 -54.2103 469.798
v 519.085 -109.675 471.147
v 497.361 -81.316 485.636
v 483.362 -65.2975 470.999
v 500.115 -63.0992 478.839
v 566.419 -182.366 482.39
v 456.938 -100.496 496.951
v 491.261 -88.0649 485.519
v 544.659 -199.39 494.161
v 508.956 -60.6414 478.668
v 479.592 -105.109 482.041
v 461.578 -64.1989 481.657
v 560.028 -18.4812 478.506
v 603.589 44.7499 469.19
v 535.447 -201.817 488.548
v 524.712 -202.493 489.92
v 686.482 -125.649 476.213
v 488.011 -52.2424 479.594
v 596.942 -140.958 483.437
v 601.094 -121.869 470.073
v 464.642 -58.1569 483.06
v 541.298 -12.3397 474.313
v 544.246 -49.4642 465.636
v 573.504 -121.882 489.483
v 661.69 -113.701 492.094
v 503.713 -61.0679 480.572
v 518.39 -42.4449 469.94
v 566.031 -11.2667 450.536
v 686.016 -120.715 465.97
v 500.595 -46.9932 489.165
v 513.618 -39.7274 472.213
v 463.617 -42.4728 498.81
v 673.934 -117.533 457.395
v 573.151 -12.2635 486.242
v 574.008 6.27793 477.184
v 611.021 48.5247 450.521
v 504.84 -211.22 499.323
v 558.328 -123.451 478.819
v 516.505 -107.909 493.827
v 460.922 -103.959 495.149
v 534.696 -115.148 495.949
v 569.154 3.59367 477.897
v 601.488 -126.513 485.046
v 530.743 -28.7633 490.308
v 580.136 19.0186 484.838
v 506.694 -110.181 483.008
v 496.113 -89.3394 494.879
v 514.19 -203.275 492.651
v 679.087 -120.743 476.121
v 579.101 -166.91 498.389
v 562.13 -188.59 500.264
v 480.838 -48.2984 491.761
v 599.141 38.1462 493.864
v 642.057 56.2984 481.713
v 508.679 -105.086 498.392
v 471.286 -94.2855 492.083
v 503.066 -24.7102 494.736
v 490.004 -68.967 488.245
v 577.891 13.2678 494.094
v 613.446 53.919 469.142
v 506.144 -209.597 503.785
v 474.998 -100.315 502.08
v 456.677 -90.9897 506.308
v 464.949 -33.0023 502.522
v 550.443 -6.43046 477.632
v 488.327 -102.681 514.014
v 506.373 -80.6212 495.837
v 557.242 -112.389 489.228
v 511.979 -71.2245 503.484
v 533.629 -27.5826 488.148
v 487.433 -44.4114 489.883
v 534.384 -9.685 487.524
v 590.037 18.2963 487.364
v 542.406 -112.976 506.891
v 490.151 -89.5907 498.118
v 489.531 -53.7527 508.76
v 525.638 -28.6083 489.756
v 625.357 -162.831 515.024
v 531.458 -202.485 509.888
v 701.794 -118.321 484.531
v 651.657 -125.435 488.776
v 570.436 -176.337 514.246
v 633.382 54.6509 486.291
v 459.48 -93.4399 510.04
v 544.076 -197.21 508.835
v 554.623 4.1244 505.038
v 547.172 -0.841146 493.848
v 464.191 -83.2004 508.909
v 570.759 11.4988 491.934
v 597.022 29.7005 495.793
v 589.725 -150.203 508.141
v 571.908 -117.798 495.972
v 504.478 -81.6402 504.653
v 471.058 -94.6958 510.495
v 568.6 -16.046 494.589
v 535.738 -3.44784 491.8
v 609.286 -115.218 490.315
v 488.992 -81.3427 508.625
v 465.723 -39.5499 497.247
v 593.277 -146.147 499.631
v 508.93 -5.15605 503.362
v 491.064 -33.417 500.315
v 514.257 -11.2491 495.417
v 478.673 -87.5412 504.041
v 505.114 -66.1389 502.793
v 529.8 -1.0021 498.712
v 698.023 -114.843 502.581
v 529.383 -12.7109 502.377
v 530.949 -102.699 507.403
v 641.223 -149.649 493.103
v 499.964 -74.0824 512.152
v 490.952 -8.54024 512.886
v 571.442 -12.8756 496.36
v 555.389 -4.35533 489.471
v 475.753 -15.8435 509.387
v 601.587 -123.201 514.881
v 481.779 -94.8552 528.439
v 471.329 -87.6123 503.648
v 482.145 -30.589 503.076
v 472.822 -15.553 512.456
v 521.221 -14.4353 503.787
v 693.665 -127.457 473.544
v 464.968 -65.1843 522.869
v 572.61 -171.211 521.431
v 468.554 -30.104 509.75
v 587.235 28.3984 500.184
v 531.955 -97.3967 514.983
v 518.365 -54.8676 513.841
v 549.696 -193.031 527.275
v 491.397 -42.1564 517.685
v 579.773 -156.655 522.787
v 590.378 -139.209 515.697
v 596.8 -134.936 513.751
v 481.822 -67.6918 520.461
v 580.539 -159.862 510.815
v 498.027 -64.0002 519.182
v 499.327 -50.3499 515.749
v 608.336 -112.483 513.06
v 571.009 10.8524 497.702
v 655.711 -111.039 518.29
v 464.347 -80.258 522.943
v 624.947 56.4855 488.248
v 561.66 -181.974 524.159
v 671.801 -119.838 512.51
v 558.239 4.61145 509.906
v 526.961 4.46805 512.482
v 678.203 -112.515 520.631
v 489.642 -100.694 523.343
v 468.614 -53.3266 544.889
v 573.813 2.67332 512.863
v 477.239 -7.3676 518.897
v 598 33.6723 508.162
v 598.662 -127.465 520.998
v 582.467 -113.232 516.602
v 550.68 -107.041 519.204
v 499.543 -104.596 522.199
v 562.23 -5.67565 506.499
v 587.238 18.9222 521.033
v 610.557 43.1746 507.383
v 571.68 -167.703 523.687
v 703.337 -116.324 504.916
v 510.717 -104.527 527.811
v 525.481 -11.4353 510.677
v 575.696 15.7247 509.379
v 504.502 -53.9541 529.788
v 488.293 -23.0862 523.488
v 566.059 -170.038 542.095
v 519.894 -60.5774 513.517
v 529.952 3.87605 505.466
v 474.272 -85.3666 532.352
v 634.178 58.2066 496.095
v 647.262 -123.711 527.905
v 555.149 -184.152 543.056
v 580.077 -152.816 535.33
v 525.533 2.94482 526.981
v 525.924 4.58612 519.214
v 489.796 -62.3971 529.557
v 475.388 -61.7028 527.642
v 545.401 7.7818 531.204
v 547.09 -93.7886 526.046
v 666.782 -116.931 523.427
v 513.686 8.96593 513.867
v 508.395 -91.1748 534.164
v 496.81 1.49606 517.851
v 574.528 -97.1945 516.188
v 525.065 -47.669 525.777
v 516.834 -42.8724 521.041
v 468.773 -55.9559 536.727
v 517.079 6.99107 527.728
v 515.645 4.93127 512.985
v 569.003 0.353222 520.24
v 527.298 12.4204 524.756
v 709.491 -118.535 526.243
v 473.732 -72.6177 540.476
v 486.699 6.90878 528.673
v 685.567 -111.653 525.679
v 663.755 -113.405 505.186
v 480.719 -1.65937 525.994
v 656.397 -110.327 537.166
v 588.552 23.8744 511.299
v 634.226 -137.856 539.403
v 493.17 -86.597 532.076
v 629.616 50.367 504.94
v 645.778 54.1921 509.653
v 645.047 -129.817 514.791
v 693.83 -111.438 520.372
v 575.401 10.0398 513.169
v 499.699 -28.5483 527.959
v 516.885 15.8014 525.353
v 514.71 17.8412 526.476
v 485.57 -84.836 532.88
v 490.931 -51.6753 542.065
v 561.505 10.2812 522.564
v 672.809 -109.795 532.272
v 555.056 8.04376 530.262
v 546.252 2.09544 509.036
v 601.669 -105.894 542.428
v 552.043 -181.604 547.155
v 590.83 -98.3784 541.746
v 538.854 10.6248 536.143
v 521.302 -38.3249 526.378
v 608.11 37.6425 515.122
v 691.814 -115.296 530.324
v 567.731 -93.4655 542.54
v 513.4 -78.1563 550.289
v 482.29 -54.4249 535.942
v 685.909 -113.858 530.488
v 551.094 -186.953 552.72
v 602.372 26.5403 528.144
v 646.804 -125.349 541.708
v 654.221 -110.248 541.932
v 595.422 32.6016 512.819
v 589.732 20.5249 539.455
v 531.834 17.2443 540.164
v 594.536 -132.141 536.848
v 527.832 -45.6301 536.889
v 500.622 -49.1148 535.718
v 508.302 -10.5001 543.877
v 683.594 -115.98 534.64
v 677.266 -112.945 533.119
v 599.465 -97.9658 544.512
v 521.309 -47.5301 543.598
v 698.47 -110.371 533.609
v 526.646 -89.8801 551.624
v 570.657 9.05313 537.661
v 481.143 -72.4376 547.058
v 495.254 -49.003 538.696
v 683.781 -118.272 538.501
v 494.208 -3.96704 539.477
v 549.921 -182.928 559.416
v 615.837 37.1856 525.61
v 715.262 -124.085 537.298
v 702.373 -113.206 537.243
v 519.977 -84.1406 548.956
v 500.886 -79.3633 549.554
v 575.756 9.31557 529.933
v 521.424 2.56464 529.701
v 487.022 9.94844 542.271
v 593.778 -102.281 538.914
v 487.844 -76.4353 552.627
v 678.145 -122.998 540.401
v 673.784 -120.822 541.372
v 677.187 -110.934 537.448
v 580.243 13.0377 538.567
v 709.87 -116.732 541.99
v 582.823 20.073 529.283
v 540.727 -191.764 566.81
v 620.375 -150.511 555.265
v 679.849 -112.791 540.063
v 674.423 -112.538 538.046
v 560.857 -68.1369 561.69
v 630.208 37.9391 526.624
v 667.279 -112.406 548.417
v 692.545 -122.399 539.818
v 494.18 -62.1329 571.712
v 584.079 -144.81 552.024
v 519.711 24.9398 542.055
v 696.77 -114.991 543.28
v 701.458 -117.211 545.555
v 529.444 -38.5134 549.909
v 530.268 -31.5645 543.066
v 707.236 -114.654 545.748
v 675.685 -123.473 549.86
v 661.799 -110.114 547.529
v 476.383 -44.3144 556.934
v 567.503 -79.8231 552.31
v 513.715 -20.202 555.164
v 516.718 25.8468 541.032
v 713.089 -125.692 545.306
v 595.155 16.8318 538.4
v 516.488 -8.24228 551.201
v 530.404 19.8592 551.279
v 615.83 -154.143 568.965
v 584.647 -87.5302 536.794
v 654.396 37.7362 537.916
v 562.582 -164.082 577.706
v 573.271 -156.83 563.447
v 606.754 9.83763 554.307
v 651.747 -123.197 551.57
v 645.366 34.2956 540.192
v 523.466 17.1071 547.901
v 702.916 -122.303 550.95
v 641.725 -134.039 551.675
v 663.14 -114.686 551.713
v 575.488 12.5174 552.695
v 552.25 16.5393 565.393
v 595.735 19.0498 548.424
v 568.036 12.2922 540.585
v 599.612 -100.969 556.83
v 518.659 -67.6968 560.258
v 707.879 -126.224 557.554
v 492.545 25.2062 555.167
v 682.63 -128.07 556.535
v 519.544 -35.0238 563.492
v 522.467 21.7239 550.82
v 582.805 -123.09 576.682
v 603.222 -89.38 557.44
v 473.721 -50.9044 557.606
v 580.735 -145.064 566.026
v 472.947 -43.7332 565.614
v 701.828 -122.792 559.712
v 697.238 -118.291 554.85
v 591.065 -111.047 565.907
v 491.66 20.9114 557.824
v 658.511 -120.374 557.584
v 509.298 -22.6801 562.41
v 499.108 -10.1606 561.801
v 686.733 -123.722 554.09
v 498.587 28.3373 557.629
v 625.367 -148.262 559.435
v 691.545 -120.32 551.153
v 640.087 -135.745 563.457
v 495.026 -35.6056 567.349
v 669.046 -130.402 560.599
v 532.529 -193.005 586.294
v 686.056 -133.587 560.033
v 630.495 -148.127 561.398
v 720.549 -129.919 559.729
v 562.326 11.8701 548.895
v 599.904 -83.0171 562.785
v 663.508 -121.893 560.94
v 609.649 -79.6314 568.799
v 519.038 -53.0836 577.762
v 673 -130.913 564.092
v 675.214 -126.45 563.077
v 599.663 -101.15 567.775
v 575.408 -65.3498 572.461
v 602.331 10.515 554.741
v 585.686 11.0731 554.915
v 629.14 -150.382 570.535
v 550.773 -175.969 575.794
v 650.126 -125.811 561.092
v 580.532 10.2586 564.241
v 692.14 -125.996 563.487
v 498.003 24.4866 568.769
v 486.664 -55.7181 566.671
v 505.372 9.26034 561.038
v 544.782 -181.02 579.558
v 520.028 31.1535 557.174
v 669.489 -127.725 569.996
v 541.227 20.1758 562.14
v 536.667 27.0009 566.731
v 539.835 -176.785 582.044
v 590.755 -108.621 574.639
v 612.913 -152.064 580.057
v 685.784 -134.32 563.713
v 630.675 -146.847 575.748
v 638.009 -131.436 570.968
v 664.026 -124.422 568.337
v 532.756 -57.1158 575.244
v 514.239 -29.8435 572.62
v 594.407 7.40494 562.484
v 570.777 10.9829 562.624
v 671.926 -132.225 566.889
v 568.965 -127.108 608.548
v 512.866 36.1903 570.476
v 557.362 -165.677 585.508
v 504.195 -22.5182 572.726
v 659.585 -120.885 572.284
v 475.793 -35.4019 580.978
v 696.976 -125.521 563.942
v 590.81 -65.8584 574.43
v 586.098 5.37957 567.206
v 500.044 38.0204 569.838
v 544.702 -171.928 595.5
v 629.173 -135.756 578.7
v 593.941 -105.506 578.523
v 601.024 -73.7898 573.027
v 657.23 17.1644 559.656
v 637.148 18.0121 558.145
v 632.285 8.80269 564.869
v 601.449 12.4742 557.995
v 611.7 -85.062 575.378
v 500.574 38.6052 573.985
v 650.469 11.9768 564.205
v 487.381 -13.5296 576.352
v 694.637 -124.876 572.163
v 606.889 -95.0813 571.242
v 609.269 -77.0436 574.861
v 479.01 -0.922432 576.996
v 505.393 -23.7497 584.653
v 577.543 5.57057 572.869
v 665.311 -118.633 573.475
v 604.195 -101.171 575.169
v 613.297 -100.596 579.701
v 545.616 -73.0379 572.453
v 540.224 -63.7011 573.733
v 482.927 -35.0588 572.929
v 622.003 -166.785 -231.183
v 605.272 -181.033 -213.838
v 608.629 -213.611 -206.89
v 620.203 -167.694 -208.039
v 589.305 -226.321 -201.845
v 593.125 -164.326 -207.016
v 629.159 -209.793 -203.866
v 608.321 -102.241 -216.514
v 593.012 -218.647 -208.58
v 624.559 -213.84 -198.709
v 577.888 -217.62 -175.571
v 623.965 -166.178 -200.287
v 620.36 -215.552 -212.327
v 619.523 -126.287 -217.774
v 624.555 -194.587 -201.342
v 600.415 -181.159 -182.849
v 597.397 -171.414 -204.383
v 599.175 -212.342 -191.085
v 615.261 -163.146 -190.424
v 630.463 -201.537 -204.797
v 636.7 -161.575 -192.351
v 613.314 -83.969 -204.939
v 599.659 -157.164 -197.425
v 584.853 -214.125 -179.971
v 614.328 -119.274 -201.177
v 604.87 -102.343 -168.961
v 611.167 -188.043 -196.095
v 618.4 -212.559 -185.962
v 581.506 -221.541 -186.105
v 620.12 -191.562 -185.738
v 622.867 -193.678 -169.418
v 583.614 -158.58 -167.6
v 610.788 -111.599 -171.585
v 582.779 -231.091 -180.578
v 576.086 -214.963 -161.711
v 596.874 -174.24 -181.303
v 592.788 -158.738 -198.679
v 618.638 -208.771 -167.571
v 606.407 -120.232 -163.29
v 627.701 -206.934 -180.231
v 624.934 -157.867 -178.419
v 610.871 -188 -165.021
v 606.807 -187.11 -177.347
v 586.874 -155.693 -179.755
v 584.964 -213.59 -155.329
v 627.228 -154.415 -159.413
v 631.709 -152.511 -157.838
v 595.023 -208.665 -160.176
v 601.418 -206.85 -157.326
v 609.603 -208.311 -158.266
v 567.768 -221.423 -145.634
v 601.244 -149.042 -167.809
v 601.495 -87.3717 -189.315
v 578.578 -231.842 -159.109
v 567.827 -215.477 -141.192
v 632.016 -147.765 -150.389
v 628.005 -201.216 -174.223
v 576.529 -213.055 -148.141
v 616.205 -189.496 -151.281
v 610.226 -122.878 -165.442
v 597.37 -84.4642 -146.859
v 609.902 -114.043 -163.492
v 621.027 -195.293 -145.097
v 602.134 -114.953 -138.624
v 609.426 -186.362 -144.886
v 595.622 -172.368 -148.453
v 597.956 -180.933 -142.132
v 559.928 -213.582 -120.511
v 601.916 -75.5925 -166.148
v 602.059 -70.7882 -152.22
v 591.131 -142.295 -144.269
v 568.417 -210.574 -130.152
v 615.112 -152.866 -152.899
v 598.057 -137.794 -129.305
v 577.774 -151.156 -128.064
v 578.133 -148.459 -136.844
v 615.827 -186.897 -125.467
v 618.485 -191.121 -138.699
v 600.923 -183.825 -139.089
v 588.132 -163.011 -135.658
v 628.602 -131.747 -123.762
v 604.062 -116.487 -131.973
v 616.296 -189.196 -113.334
v 598.282 -204.335 -146.644
v 617.616 -200.626 -139.612
v 597.549 -172.902 -125.507
v 621.407 -144.014 -118.844
v 605.396 -110.472 -139.021
v 597.126 -64.9288 -133.118
v 568.816 -226.741 -106.175
v 589.751 -160.231 -109.369
v 604.628 -101.853 -139.636
v 601.322 -179.981 -111.274
v 598.896 -170.707 -109.575
v 622.308 -124.221 -136.357
v 585.461 -205.548 -117.773
v 598.559 -177.192 -107.328
v 576.394 -136.042 -107.416
v 553.762 -207.781 -70.0994
v 593.995 -71.7989 -126.249
v 574.574 -199.661 -95.7669
v 571.222 -138.635 -81.7626
v 610.891 -186.304 -78.9882
v 612.976 -182.345 -97.8491
v 594.65 -105.047 -98.7842
v 607.24 -194.843 -96.7589
v 628.458 -137.31 -117.932
v 583.104 -129.822 -93.0239
v 601.679 -200.916 -116.313
v 584.213 -196.266 -84.3124
v 594.28 -196.361 -101.726
v 621.992 -123.116 -115.131
v 615.876 -70.6724 -120.797
v 594.428 -129.969 -105.002
v 622.916 -125.838 -96.9495
v 550.163 -191.599 -66.7861
v 613.823 -183.929 -110.893
v 606.876 -176.834 -83.8766
v 554.788 -202.923 -98.2846
v 593.978 -162.115 -99.8903
v 569.212 -133.92 -87.7594
v 598.596 -100.24 -106.36
v 597.444 -108.37 -117.141
v 603.753 -109.093 -99.6229
v 567.03 -221.803 -80.6938
v 599.787 -53.3946 -102.528
v 593.671 -159.69 -81.7058
v 596.999 -105.394 -91.376
v 594.276 -55.0664 -104.136
v 612.995 -141.386 -108.736
v 590.316 -60.6354 -90.3716
v 563.209 -191.028 -71.8186
v 579.683 -148.998 -90.2968
v 619.742 -128.296 -84.1403
v 616.284 -133.254 -83.9025
v 549.958 -199.154 -78.1223
v 612.673 -183.308 -87.9697
v 593.536 -46.1544 -79.9156
v 616.394 -118.719 -69.1476
v 578.62 -187.045 -54.888
v 595.184 -163.685 -77.3013
v 599.853 -90.8242 -101.423
v 575.3 -229.667 -61.4132
v 608.288 -131.642 -77.1691
v 612.59 -110.509 -82.2278
v 555.331 -206.089 -39.4499
v 587.02 -86.1288 -55.4195
v 572.405 -137.875 -53.3608
v 604.507 -172.204 -62.3311
v 594.025 -168.086 -63.4842
v 597.935 -189.583 -72.4144
v 598.686 -173.599 -78.4616
v 547.3 -196.809 -37.2843
v 571.758 -221.294 -59.9491
v 601.274 -185.039 -54.5822
v 595.055 -122.976 -75.5579
v 584.246 -122.894 -64.148
v 592.376 -188.562 -72.2438
v 543.304 -186.196 -29.1233
v 566.551 -129.629 -65.9068
v 585.723 -149.565 -53.3192
v 613.743 -111.464 -67.3767
v 567.403 -124.382 -63.2064
v 608.134 -175.998 -64.6839
v 608.397 -102.859 -55.0012
v 590.851 -180.518 -45.4494
v 591.315 -80.7906 -57.1643
v 592.893 -73.9388 -57.8913
v 569.057 -214.676 -46.6515
v 565.133 -123.613 -57.2321
v 594.763 -163.488 -44.9419
v 588.637 -52.9837 -72.2072
v 592.187 -155.168 -54.2424
v 606.372 -105.465 -75.9496
v 595.199 -34.2939 -55.8671
v 588.031 -89.7937 -57.2911
v 609.536 -119.058 -47.4205
v 566.712 -127.046 -26.6286
v 604.906 -121.801 -49.9137
v 589.091 -90.1698 -50.7088
v 605.32 -177.866 -43.7683
v 550.34 -182.766 -39.3366
v 600.767 -29.3417 -39.3432
v 599.007 -90.3725 -33.7717
v 546.823 -187.908 0.513862
v 589.919 -149.204 -40.4922
v 582.252 -140.918 -28.9133
v 603.454 -164.692 -14.8928
v 589.899 -173.795 -24.4961
v 584.008 -231.464 -25.1381
v 565.1 -116.841 -42.6016
v 604.121 -167.658 -41.8986
v 561.246 -114.654 -4.59245
v 598.682 -175.096 -24.8275
v 568.019 -202.17 -12.3157
v 567.882 -178.146 -21.9312
v 602.614 -114.019 -28.3745
v 591.681 -32.8089 -50.1672
v 591.176 -148.729 -26.4628
v 587.786 -142.616 -20.5645
v 581.646 -68.9358 -8.85525
v 565.41 -110.741 -30.0505
v 580.38 -213.824 -12.4315
v 628.349 -210.543 -17.5918
v 543.902 -181.134 -31.9021
v 588.393 -107.816 -17.5604
v 554.587 -171.142 -5.03858
v 591.906 -154.151 -24.4671
v 580.572 -226.849 -28.9741
v 600.227 -155.939 -10.1672
v 552.065 -189.294 8.75247
v 611.141 -34.8158 -29.2113
v 589.051 -16.4545 -8.65097
v 606.071 -102.53 -23.4586
v 561.591 -99.4353 -4.24921
v 580.431 -221.474 3.5848
v 591.639 -79.7019 -8.12328
v 579.584 -167.576 -2.07548
v 634.335 -209.025 -6.63778
v 604.21 -95.3807 -22.4658
v 583.171 -30.9767 4.76658
v 590.641 -147.172 -1.86627
v 577.999 -132.94 -11.2715
v 593.99 -163.28 6.73032
v 543.2 -167.649 0.791518
v 589.187 -60.4282 -20.3637
v 560.142 -107.707 -11.0581
v 602.29 -216.663 -1.346
v 600.543 -167.596 -7.57821
v 564.95 -117.33 10.3935
v 595.637 -15.3301 -10.9448
v 593.953 -94.1379 20.4971
v 583.056 -211.41 1.56801
v 585.273 -42.7968 -32.7875
v 607.25 -20.5651 6.09687
v 619.422 -206.525 -4.25774
v 584.528 -135.441 2.44708
v 599.668 -109.666 -16.9198
v 599.553 -97.0035 7.06663
v 579.231 -213.601 27.7459
v 542.732 -177.979 7.19351
v 599.32 -151.825 4.69596
v 586.595 -214.301 34.7603
v 566.729 -164.581 11.6935
v 521.27 -169.259 21.4645
v 577.212 -190.656 38.7305
v 505.603 -183.069 20.8433
v 598.058 -83.7777 -4.35666
v 493.69 -173.531 24.5706
v 572.409 -92.5602 13.4299
v 597.373 -148.171 24.0669
v 597.953 -219.685 4.8673
v 509.404 -184.875 25.9865
v 498.602 -171.324 21.4793
v 587.176 -50.4265 8.54717
v 583.559 -159.506 15.056
v 580.154 -63.9883 13.1449
v 547.487 -181.454 26.3602
v 557.524 -157.532 21.8704
v 490.859 -167.943 30.2805
v 594.628 -139.013 31.0466
v 526.765 -172.071 28.912
v 624.046 -199.343 17.2204
v 539.962 -158.022 30.5841
v 540.332 -163.688 25.6597
v 517.825 -162.176 30.1647
v 579.607 -216.208 26.779
v 531.477 -151.747 30.3581
v 492.183 -164.634 35.563
v 558.388 -100.845 14.8955
v 586.471 -12.8704 28.2362
v 521.878 -176.293 21.2741
v 488.899 -175.129 32.9914
v 521.853 -179.035 34.0434
v 511.811 -167.723 37.1056
v 585.844 -64.9541 25.0253
v 584.264 -204.154 31.1524
v 587.362 -42.6187 11.9671
v 607.915 -204.9 16.0297
v 594.77 -143.675 14.096
v 581.657 -95.4985 14.4736
v 570.911 -185.795 35.7828
v 588.212 -132.138 33.6773
v 591.363 -13.6036 -7.91906
v 581.364 -125.34 25.9018
v 523.99 -147.763 35.9448
v 517.705 -154.288 30.6316
v 504.48 -182.277 36.4706
v 520.654 -181.859 45.2998
v 592.687 -151.662 29.876
v 536.592 -164.526 35.1111
v 513.124 -146.078 40.3382
v 501.685 -165.23 41.4409
v 547.757 -174.917 42.3175
v 544 -150.955 35.6902
v 629.121 -196.717 30.7618
v 582.586 -199.347 41.5514
v 572.637 -154.019 34.8002
v 540.225 -165.945 37.8116
v 514.615 -159.26 42.7215
v 577.121 -207.777 55.3141
v 492.641 -179.502 41.4596
v 532.646 -139.339 38.3575
v 521.78 -137.73 48.7919
v 596.565 -2.73848 24.9871
v 600.685 -198.84 44.9374
v 531.875 -173.348 41.5129
v 599.385 -87.1838 15.9363
v 565.175 -86.3757 24.8768
v 593.96 -136.398 47.2425
v 490.547 -181.107 55.0997
v 483.038 -173.606 48.5203
v 538.425 -175.163 57.0164
v 590.746 -1.95992 25.1025
v 594.834 -85.3499 36.0494
v 541.994 -169.685 44.9242
v 510.111 -162.485 53.3113
v 540.553 -149.65 37.3797
v 583.45 -122.579 40.317
v 580.964 -77.5546 61.9859
v 529.193 -119.791 46.2185
v 524.513 -182.955 57.4381
v 615.927 -191.869 44.3374
v 543.538 -173.675 53.224
v 578.854 -146.689 49.6193
v 517.144 -145.646 59.5458
v 516.01 -140.984 42.7877
v 483.002 -178.142 50.7458
v 480.511 -170.163 64.545
v 525.665 -129.888 47.6057
v 578.414 -56.2011 20.9581
v 561.335 -103.647 41.9963
v 597.702 -80.8485 14.0176
v 522.592 -129.718 57.3481
v 607.509 -9.71479 33.7849
v 503.591 -160.464 62.9094
v 492.306 -169.174 55.5605
v 557.904 -84.8899 39.6438
v 560.584 -81.7781 36.2064
v 576.256 -204.043 55.7266
v 546.815 -170.8 52.529
v 571.875 -175.416 65.4034
v 519.708 -127.065 62.3583
v 545.741 -173.079 66.2693
v 486.668 -165.5 66.3196
v 544.173 -140.538 49.7269
v 579.15 -190.394 71.4778
v 557.513 -144.191 48.5507
v 513.24 -155.482 64.6459
v 583.623 -21.6106 56.3611
v 586.257 -146.619 43.5223
v 481.19 -177.353 63.3736
v 514.774 -137.719 50.5756
v 537.326 -118.193 57.4438
v 590.649 -73.9906 61.7003
v 581.922 -21.5707 35.2848
v 577.541 -201.74 73.485
v 529.951 -116.918 51.5138
v 583.319 -42.7524 36.6776
v 620.764 -188.351 55.4615
v 551.394 -169.721 61.4781
v 534.407 -118.297 64.8798
v 582.795 -137.767 61.5824
v 582.323 -30.0407 66.858
v 494.782 -179.839 66.3769
v 527.008 -126.347 64.7433
v 581.62 -13.109 49.1401
v 600.104 0.990378 47.9991
v 576.158 -196.498 78.1753
v 564.616 -104.28 57.2433
v 631.595 -193.921 60.3182
v 512.925 -184.395 55.5479
v 519.293 -181.597 70.8013
v 491.333 -174.854 74.5791
v 592.368 -138.275 53.2313
v 555.069 -128.253 73.4699
v 518.421 -133.482 74.9796
v 483.258 -153.696 73.8358
v 564.487 -73.4864 53.225
v 610.807 -185.319 67.5226
v 589.885 -122.339 67.6081
v 539.633 -114.317 64.467
v 540.529 -173.143 70.6916
v 509.718 -146.401 74.952
v 582.235 -203.675 70.7037
v 513.984 -141.493 76.2962
v 584.019 -6.03123 59.1583
v 589.774 -124.84 82.0996
v 586.007 -75.439 66.1267
v 628.368 -190.855 57.7084
v 608.832 0.0790972 51.3606
v 572.863 -75.1078 53.6729
v 579.214 -187.311 64.0944
v 593.701 8.75346 50.5177
v 545.471 -124.807 65.1889
v 491.823 -130.791 76.1634
v 592.163 -68.211 59.0286
v 585.729 -34.4882 34.1823
v 532.523 -170.523 82.186
v 619.317 -182.007 77.5207
v 509.908 -179.419 92.8075
v 484.415 -147.228 76.6343
v 537.585 -114.455 72.0456
v 502.312 -143.533 76.3361
v 492.517 -132.451 84.1024
v 479.827 -165.118 73.0335
v 541.271 -113.043 66.4296
v 533.154 -121.652 75.8104
v 579.31 -6.13309 73.048
v 502.442 -175.607 88.1806
v 489.988 -129.572 77.5545
v 574.076 -43.1951 63.5572
v 578.624 -35.0788 68.3265
v 629.844 -196.3 80.5882
v 628.189 -185.785 79.8486
v 515.551 -179.745 91.1743
v 574.29 -41.1555 61.1715
v 593.895 -191.466 75.2637
v 505.723 -116.769 83.4478
v 629.767 -187.51 90.6232
v 519.926 -177.693 85.8032
v 557.748 -70.7875 77.952
v 585.782 -53.7896 66.9868
v 521.722 -124.695 75.031
v 538.555 -98.6589 79.6261
v 501.258 -116.893 83.1192
v 496.737 -143.542 94.8473
v 511.172 -112.587 90.3047
v 533.04 -93.0093 86.1753
v 594.309 22.9183 84.5412
v 561.382 -165.829 75.5232
v 591.423 14.0921 61.4544
v 543.11 -97.9443 90.9337
v 508.171 -109.47 90.1517
v 588.568 -187.684 96.7317
v 555.503 -159.505 89.0391
v 536.949 -114.562 86.5906
v 586.867 -132.046 73.4624
v 512.586 -137.191 82.9497
v 531.403 -126.57 81.5085
v 590.541 19.8331 78.4895
v 497.099 -135.442 87.8253
v 533.635 -116.764 93.9393
v 571.919 -24.8556 97.7105
v 572.258 -161.568 98.057
v 583.122 -19.9593 76.3036
v 564.318 -46.185 121.933
v 518.624 -129.673 95.9411
v 521.117 -127.534 90.5351
v 559.879 -79.077 84.8571
v 580.05 -62.0052 92.7041
v 541.907 -161.066 95.0792
v 585.262 -55.7387 90.51
v 610.816 -168.475 107.375
v 500.769 -153.999 99.9039
v 506.598 -123.91 99.4547
v 505.296 -105.409 96.6167
v 587.346 -115.529 88.1978
v 505.795 -116.765 94.6641
v 599.1 -180.785 89.8901
v 512.872 -110.365 97.3561
v 622.731 -203.693 104.933
v 568.34 -59.6921 89.8031
v 508.563 -105.35 96.1472
v 503.432 -127.18 104.25
v 529.869 -90.669 92.6266
v 527.561 -170.234 106.815
v 627.461 -176.949 105.375
v 514.277 -110.145 106.943
v 560.426 -90.4851 84.4636
v 576.304 -157.33 130.726
v 516.445 -156.586 136.91
v 498.645 -106.097 103.224
v 524.748 -175.302 122.287
v 532.484 -164.982 97.9866
v 555.097 -155.196 105.227
v 587.637 6.68646 57.4954
v 577.743 -14.1671 110.863
v 556.182 -103.14 116.364
v 604.845 11.1565 77.3183
v 529.333 -172.113 120.438
v 547.614 -105.351 93.022
v 531.921 -108.384 107.474
v 581.387 -5.86376 102.372
v 571 -26.1746 102.947
v 576.595 -183.903 103.315
v 503.376 -115.319 104.335
v 582.892 7.09823 98.5405
v 532.279 -86.3678 104.804
v 583.201 -47.2763 96.5662
v 622.325 -170.401 113.069
v 575.655 -175.048 120.721
v 576.779 -167.502 99.3849
v 585.988 -183.591 109.563
v 517.601 -131.741 116.134
v 533.479 -122.636 110.905
v 559.61 -84.5694 91.2728
v 525.38 -93.2441 101.422
v 579.617 0.797581 88.3458
v 479.182 -113.324 115.276
v 499.884 -125.893 110.746
v 500.693 -102.393 102.181
v 537.163 -159.212 127.281
v 540.804 -154.847 123.293
v 533.169 -110.341 101.972
v 490.165 -107.131 110.87
v 593.697 -174.519 111.833
v 503.458 -139.559 111.73
v 587.692 23.8555 111.371
v 583.345 -117.612 103.562
v 564.773 -104.212 125.634
v 479.831 -126.107 117.619
v 520.73 -93.567 109.8
v 547.432 -151.5 119.699
v 540.883 -88.8082 108.758
v 474.281 -118.188 117.625
v 559.693 -115.631 100.574
v 522.764 -89.6818 116.573
v 558.677 -63.9938 80.2533
v 469.082 -127.729 124.292
v 604.872 24.1979 108.933
v 581.005 -184.323 112.269
v 505.124 -119.074 121.716
v 586.757 -171.004 132.776
v 512.276 -122.42 120.629
v 557.933 -73.4087 126.213
v 577.087 -32.9328 112.491
v 596.425 28.3266 99.3587
v 519.033 -129.957 125.753
v 500.644 -133.231 115.12
v 479.842 -141.168 127.714
v 572.642 -49.1226 119.337
v 519.711 -97.6378 112.625
v 515.049 -169.857 118.861
v 535.808 -118.378 125.684
v 478.284 -121.837 126.802
v 502.864 -137.245 119.463
v 535.134 -81.9861 114.361
v 558.91 -52.9653 116.056
v 606.882 -168.635 108.575
v 523.175 -172.859 129.548
v 523.156 -85.0134 120.495
v 593.417 29.9434 104.976
v 468.462 -127.825 135.709
v 577.925 -34.3216 122.934
v 525.956 -94.4909 120.26
v 625.131 -166.839 131.278
v 501.885 -144.529 134.712
v 507.181 -141.141 131.793
v 512.345 -148.464 131.399
v 464.182 -129.27 131.676
v 534.719 -112.571 134.913
v 486.831 -129.198 138.874
v 495.309 -124.106 131.066
v 560.259 -48.5977 118.183
v 485.872 -148.59 135.303
v 509.059 -125.374 129.676
v 578.882 -44.2745 116.575
v 509.154 -128.904 138.369
v 579.074 -103.223 119.635
v 569.268 -12.6251 134.979
v 557.702 -147.907 128.123
v 521.815 -100.043 129.79
v 529.094 -92.3472 132.523
v 495.17 -150.529 139.527
v 522.291 -125.723 126.994
v 520.052 -101.181 124.3
v 569.64 -149.631 118.985
v 528.82 -123.363 133.588
v 627.853 -198.807 134.016
v 574.918 -148.573 134.356
v 649.564 -179.364 141.692
v 509.158 -140.247 149.402
v 622.596 -185.874 155.168
v 503.513 -124.769 141.975
v 624.23 -188.389 155.469
v 489.153 -150.714 144.097
v 560.575 -94.9304 135.141
v 554.679 -80.388 141.809
v 559.796 -56.754 157.034
v 468.071 -143.89 143.968
v 519.341 -92.1553 138.727
v 615.769 -157.44 139.659
v 461.679 -128.945 145.167
v 653.868 -192.206 109.507
v 555.045 -143.629 142.764
v 462.599 -140.553 141.247
v 472.881 -128.029 152.677
v 519.33 -100.768 133.471
v 530.429 -165.84 150.22
v 563.695 -92.2863 145.397
v 659.485 -185.59 129.712
v 517.731 -144.783 147.568
v 546.037 -149.276 141.541
v 532.909 -124.472 125.97
v 600.776 -155.882 141.352
v 511.927 -139.937 147.496
v 524.414 -90.9768 139.553
v 538.751 -73.8125 128.679
v 597.245 41.524 135.152
v 531.476 -73.476 133.842
v 522.587 -117.346 143.688
v 561.298 -64.5309 122.49
v 486.203 -131.421 150.202
v 532.222 -87.5952 143.386
v 512.266 -127.824 143.242
v 537.484 -77.2409 142.729
v 599.872 38.4231 125.087
v 633.502 -194.429 142.019
v 561.527 -147.363 119.368
v 516.257 -118.837 142.017
v 559.57 -37.987 146.52
v 479.323 -144.929 152.329
v 509.012 -124.073 157.507
v 459.335 -133.896 153.43
v 532.031 -70.0223 132.701
v 530.564 -156.085 167.161
v 513.945 -105.565 152.553
v 537.313 -67.2029 146.091
v 524.667 -83.6666 146.245
v 617.231 -151.596 159.684
v 497.171 -123.738 138.401
v 500.788 -146.616 167.74
v 511.955 -109.387 152.311
v 494.956 -122.504 145.446
v 559.551 -86.2209 149.798
v 519.827 -92.0709 142.374
v 503.294 -148.539 153.995
v 540.673 -62.8609 151.091
v 578.489 -163.563 146.909
v 654.978 -177.193 143.844
v 468.576 -143.878 157.637
v 485.064 -129.54 154.645
v 571.635 -14.3723 154.609
v 552.168 -139.436 159.331
v 537.012 -79.1527 151.176
v 574.846 -146.466 172.308
v 483.165 -136.168 168.628
v 568.863 -84.0234 139.449
v 575.356 -147.362 146.313
v 540.525 -153.349 154.153
v 574.166 -43.6615 129.113
v 604.048 -152.884 146.28
v 469.125 -135.929 172.242
v 513.774 -118.434 148.56
v 562.841 -85.0317 152.049
v 516.161 -82.8187 154.846
v 559.436 -45.3747 154.702
v 492.931 -122.65 158.534
v 546.749 -67.9248 144.342
v 626.499 -170.857 136.409
v 534.437 -161.171 155.274
v 564.203 -133.464 154.894
v 660.826 -174.581 166.049
v 535.92 -75.9822 171.305
v 514.338 -73.779 159.631
v 604.611 50.484 162.041
v 582.38 -166.449 144.961
v 599.754 -144.928 166.137
v 604.154 -144.503 166.56
v 462.573 -135.904 164.007
v 536.275 -95.7956 171.506
v 535.5 -105.375 151.52
v 547.007 -59.5706 156.884
v 467 -121.696 175.906
v 516.211 -81.0822 152.459
v 461.613 -129.33 158.039
v 595.647 44.3414 153.357
v 622.649 -187.178 135.215
v 485.996 -140.66 163.839
v 538.442 -57.9031 158.309
v 524.153 -149.492 165.321
v 525.697 -95.6516 171.586
v 477.381 -137.528 173.927
v 531.904 -77.4373 157.533
v 633.516 -186.51 157.173
v 512.29 -117.747 170.806
v 499.4 -113.21 179.174
v 506.82 -110.461 178.352
v 572.064 -136.551 153.547
v 504.552 -115.498 165.539
v 522.249 -137.06 170.848
v 491.391 -118.312 172.032
v 586.515 28.6761 155.641
v 534.395 -145.422 185.805
v 504.832 -137.668 184.753
v 505.1 -144.591 169.835
v 554.757 -62.6115 159.41
v 509.111 -136.201 172.653
v 541.942 -50.0205 161.132
v 561.775 -29.2794 163.854
v 555.431 -53.4894 163.859
v 515.286 -67.2737 163.105
v 618.281 -144.404 179.107
v 507.456 -140.408 181.123
v 515.309 -107.541 165.867
v 521.786 -125.362 184.757
v 516.275 -130.672 174.431
v 540.641 -75.9001 183.855
v 522.702 -55.9459 163.901
v 582.299 18.0445 152.714
v 573.577 -137.495 178.177
v 550.485 -125.767 185.051
v 518.617 -68.2241 170.699
v 574.223 3.72408 160.521
v 517.476 -109.832 179.966
v 625.31 -175.894 180.413
v 621.101 -181.532 164.002
v 574.249 -127.457 180.406
v 568.235 -120.498 175.92
v 514.536 -119.391 166.38
v 568.93 -29.7867 159.848
v 495.556 -108.253 183.167
v 658.828 -167.8 168.445
v 543.607 -31.8679 166.103
v 573.113 -24.2047 155.635
v 558.755 -37.6695 166.204
v 535.961 -37.7975 163.359
v 571.046 -9.10501 133.987
v 566.479 -21.0723 175.199
v 553.298 -26.1142 167.177
v 652.485 -168.164 162.823
v 544.401 -136.664 182.78
v 582.26 -150.558 175.225
v 653.107 -158.913 181.789
v 541.721 -33.5254 171.817
v 518.396 -162.417 -599.987
v 542.915 -286.838 -579.224
v 508.447 -78.1698 -600.279
v 509.207 -78.485 -576.9
v 538.232 -260.532 -576.981
v 518.654 -162.693 -576.981
v 552.733 -278.021 -574.706
v 542.451 -253.319 -574.936
v 523.525 -193.011 -575.733
v 512.303 -112.537 -576.358
v 530.95 -210.884 -574.74
v 526.104 -181.833 -574.013
v 528.767 -51.7256 -577.373
v 539.87 -229.114 -569.663
v 521.401 -133.415 -575.093
v 527.835 -151.15 -569.243
v 519.581 -102.427 -574.482
v 552.33 -237.758 -553.67
v 528.225 -181.1 -567.374
v 522.854 -87.7962 -575.209
v 561.058 -266.749 -555.42
v 537.037 -59.4195 -575.536
v 530.472 -194.651 -556.901
v 521.767 -110.471 -562.856
v 532.97 -89.4448 -555.45
v 531.577 -156.495 -559.903
v 590.768 -286.255 -533.71
v 536.668 -65.2608 -569.566
v 526.382 -115.795 -556.773
v 534.049 -186.971 -540.641
v 542.858 -149.084 -530.208
v 567.982 -237.223 -534.423
v 540.122 -208.696 -543.611
v 537.287 -134.515 -546.962
v 538.417 -115.351 -542.88
v 531.751 -173.719 -545.276
v 581.36 -259.131 -528.224
v 542.966 -139.728 -533.693
v 549.054 -91.2018 -535.64
v 549.946 -75.7837 -544
v 550.132 -207.832 -527.203
v 550.273 -110.886 -527.016
v 586.494 -269.068 -528.896
v 545.252 -166.681 -518.815
v 547.11 -132.389 -521.873
v 550.385 -120.66 -519.695
v 588.564 -265.654 -506.188
v 566.387 -93.2969 -518.707
v 564.475 -211.146 -507.619
v 549.862 -179.687 -511.525
v 549.047 -157.523 -506.226
v 576.177 -233.147 -511.334
v 559.224 -102.785 -518.947
v 546.732 -127.467 -509.632
v 552.352 -109.976 -505.779
v 589.073 -263.064 -495.244
v 566.562 -199.471 -491.652
v 558.53 -164.926 -486.348
v 582.041 -228.086 -486.243
v 579.216 -80.0526 -507.226
v 549.796 -130.351 -498.412
v 560.434 -133.12 -480.957
v 589.929 -244.806 -478.534
v 565.863 -178.573 -480.014
v 563.203 -112.456 -481.451
v 559.642 -98.9884 -500.144
v 592.548 -267.059 -483.579
v 573.879 -153.298 -463.745
v 592.419 -227.086 -465.316
v 583.546 -135.838 -452.653
v 594.303 -115.469 -445.91
v 601.462 -208.196 -443.274
v 613.001 -226.583 -425.824
v 591.228 -173.472 -443.258
v 585.71 -150.846 -446.21
v 592.275 -144.326 -432.767
v 607.784 -198.748 -419.338
v 593.967 -156.69 -427.975
v 600.953 -176.116 -424.379
v 617.237 -233.844 -411.274
v 604.815 -187.031 -419.495
v 615.354 -227.006 -412.274
v 612.623 -210.567 -417.764
v 600.513 -192.817 -414.759
v 608.925 -219.136 -414.902
v 608.439 -214.139 -410.109
v 601.713 -187.687 -415.77
v 604.675 -212.878 -415.562
v 606.056 -204.529 -410.111
v 615.249 -231.555 -398.436
v 606.331 -224.784 -404.23
v 604.749 -211.807 -402.07
v 598.003 -210.697 -403.632
v 600.466 -141.911 -411.543
v 606.654 -214.68 -401.803
v 596.18 -196.226 -402.432
v 607.161 -168.798 -399.357
v 606.19 -159.292 -405.438
v 604.981 -225.46 -393.033
v 610.591 -217.063 -389.833
v 607.001 -153.437 -398.877
v 595.943 -204.098 -397.287
v 606.354 -227.186 -404.963
v 597.314 -199.233 -396.463
v 600.521 -207.534 -396.482
v 602.417 -195.561 -396.303
v 608.48 -229.568 -392.447
v 604.901 -202.528 -393.136
v 605.674 -217.554 -379.255
v 623.819 -260.601 -391.705
v 620.614 -237.412 -389.895
v 610.609 -200.423 -385.254
v 618.839 -232.741 -376.762
v 608.787 -225.388 -377.937
v 609.134 -216.424 -373.089
v 615.646 -200.349 -375.839
v 614.721 -226.116 -369.013
v 614.575 -171.695 -373.005
v 615.354 -245.594 -368.488
v 615.583 -229.018 -365.581
v 618.186 -197.029 -366.516
v 618.272 -218.52 -362.047
v 628.401 -217.641 -353.234
v 613.516 -175.473 -369.46
v 616.096 -214.351 -373.621
v 603.091 -224.033 -358.304
v 585.344 -231.003 -360.427
v 624.307 -220.473 -358.829
v 598.855 -148.123 -368.982
v 617.733 -219.893 -357.716
v 590.505 -225.409 -359.164
v 599.51 -144.564 -368.13
v 596.798 -157.348 -362.621
v 615.412 -189.335 -362.491
v 623.766 -206.767 -353.809
v 612.261 -222.178 -354.044
v 584.435 -225.969 -352.115
v 597.207 -166.047 -361.283
v 598.043 -145.204 -360.267
v 609.332 -148.399 -357.113
v 601.437 -180.228 -355.786
v 624.272 -224.995 -353.925
v 616.077 -230.555 -349.083
v 596.506 -164.353 -356.38
v 599.546 -161.912 -353.636
v 594.688 -228.291 -355.852
v 611.757 -194.547 -350.863
v 558.928 -235.204 -340.578
v 634.555 -215.352 -337.1
v 563.56 -231.475 -344.364
v 576.312 -228.212 -349.565
v 609.366 -145.147 -351.692
v 604.979 -144.249 -350.648
v 566.982 -252.941 -340.143
v 634.202 -225.764 -340.734
v 606.225 -165.031 -349.88
v 607.238 -187.285 -350.161
v 587.692 -237.62 -340.701
v 571.823 -225.183 -333.937
v 577.128 -223.778 -330.165
v 619.399 -150.668 -328.922
v 611.92 -144.447 -341.804
v 627.115 -207.485 -343.346
v 614.665 -237.225 -338.536
v 555.564 -236.827 -336.497
v 549.054 -261.29 -323.019
v 557.039 -263.248 -328.729
v 626.168 -236.397 -321.28
v 550.326 -252.599 -322.603
v 572.782 -224.42 -324.525
v 539.698 -257.63 -320.602
v 612.605 -160.258 -342.886
v 611.474 -244.917 -325.893
v 583.962 -236.821 -339.004
v 633.912 -236.235 -318.668
v 559.313 -235.206 -323.623
v 539.3 -249.633 -314.544
v 575.845 -238.616 -311.495
v 563.702 -232.256 -314.152
v 573.113 -225.096 -320.057
v 565.922 -225.612 -313.984
v 550.296 -244.925 -314.541
v 569.593 -234.663 -310.038
v 538.819 -256.007 -307.283
v 546.283 -240.36 -308.51
v 556.058 -230.787 -308.248
v 547.862 -245.312 -304.199
v 545.106 -264.807 -300.923
v 561.535 -243.84 -304.826
v 564.44 -238.318 -305.725
v 560.943 -249.748 -300
v 639.987 -235.246 -303.288
v 561.936 -243.875 -296.521
v 621.753 -229.836 -293.831
v 618.09 -231.14 -292.95
v 559.002 -248.65 -292.742
v 641.887 -228.568 -290.634
v 637.429 -217.786 -284.886
v 615.733 -169.842 -277.962
v 608.287 -229.209 -275.968
v 637.9 -214.636 -279.068
v 614.758 -225.96 -277.734
v 622.029 -181.535 -271.994
v 619.542 -162.463 -283.207
v 634.545 -205.932 -244.844
v 630.361 -217.12 -258.9
v 626.707 -190.931 -255.537
v 621.14 -221.662 -266.654
v 635.018 -198.933 -257.624
v 602.398 -229.439 -260.111
v 620.353 -185.794 -259.29
v 607.738 -227.698 -259.199
v 611.269 -174.192 -262.725
v 606.29 -163.831 -255.238
v 614.037 -223.522 -253.263
v 616.978 -159.049 -262.679
v 589.114 -245.22 -247.765
v 597.627 -233.672 -240.307
v 623.163 -164.608 -244.451
v 613.732 -225.558 -252.867
v 602.743 -237.484 -231.02
v 603.333 -167.048 -242.357
v 622.227 -219.383 -245.083
v 606.661 -222.181 -239.36
v 632.469 -199.96 -238.542
v 619.997 -189.75 -237.316
v 598.93 -224.885 -227.443
v 608.436 -218.497 -231.712
v 629.339 -214.662 -236.535
v 633.496 -169.487 -251.969
v 633.23 -210.527 -244.805
v 613.665 -188.04 -216.267
v 632.161 -171.006 -233.275
v 604.842 -159.222 -239.765
v 608.864 -163.134 -227.837
v 596.49 -163.269 -222.529
v 599.915 -214.927 -214.269
v 609.785 -180.751 -240.537
v 597 -159.187 -219.887
v 515.061 42.6674 581.961
v 532.57 25.2098 565.483
v 581.19 -62.3827 579.974
v 498.586 30.6119 572.362
v 537.543 -185.376 591.562
v 612.926 -146.055 586.374
v 645.552 -121.352 574.453
v 488.799 17.7774 570.417
v 628.549 -119.264 579.381
v 525.971 33.5029 575.081
v 638.329 12.1586 561.784
v 615.177 -13.0777 573.435
v 497.878 -46.9678 588.86
v 609.586 -9.57511 575.215
v 669.22 14.1203 566.986
v 590.557 -111.891 590.383
v 694.855 -117.859 581.309
v 682.367 -127.527 573.172
v 664.507 -118.575 576.547
v 569.774 -151.556 590.18
v 536.113 -42.2963 587.183
v 639.716 -0.0546199 572.122
v 491.009 36.0815 579.034
v 620.078 -128.944 583.737
v 621.601 -107.501 583.357
v 647.475 -115.576 582.024
v 606.177 -107.555 581.681
v 558.872 -53.5969 584.344
v 554.007 -60.9439 580.383
v 540.75 28.6429 581.973
v 528.05 -192.35 604.531
v 515.4 -41.7049 591.039
v 543.988 22.0794 574.081
v 676.67 -117.999 585.139
v 609.771 -114.282 584.41
v 618.73 -94.9811 583.068
v 478.472 -39.1021 584.747
v 468.461 19.644 584.392
v 667.584 -109.722 591.674
v 609.988 -84.0921 584.398
v 604.051 -73.789 578.157
v 480.873 -45.9349 571.248
v 635.609 -112.364 584.486
v 627.377 -106.95 586.019
v 618.246 -92.3826 586.078
v 569.681 -54.124 581.916
v 488.042 -25.0947 591.495
v 537.264 27.3911 584.954
v 692.628 -115.865 586.932
v 529.815 -33.0133 594.571
v 656.687 12.6937 570.968
v 504.42 38.2802 580.93
v 617.962 -134.416 586.178
v 601.792 -12.868 577.688
v 590.207 -10.1856 580.574
v 706.684 -130.615 582.43
v 588.299 -64.1804 580.939
v 565.873 -48.4915 585.551
v 648.638 7.17065 574.118
v 630.521 -109.091 591.794
v 618.192 -26.2719 580.67
v 608.631 -35.6305 585.42
v 581.521 -117.372 592.511
v 636.517 -10.7167 581.513
v 711.122 -123.62 584.221
v 597.265 -113.104 592.571
v 624.486 -91.4535 588.035
v 583.819 -65.2208 587.937
v 710.565 -116.211 583.013
v 702.779 -116.87 583.35
v 608.674 -86.645 587.404
v 484.378 -24.0828 603.799
v 507.196 44.1586 576.288
v 571.783 -55.0385 587.568
v 554.076 -35.4518 592.439
v 603.362 -81.3857 587.657
v 626.427 -23.7416 580.647
v 495.79 -17.9074 596.378
v 555.091 13.5961 582.159
v 485.735 -14.0011 587.179
v 638.585 -113.231 596.97
v 613.883 -25.313 582.328
v 452.324 31.9525 601.673
v 639.35 -7.19376 586.827
v 567.935 -49.6896 592.33
v 570.157 -32.9989 592.297
v 469.431 -222.357 612.474
v 648.083 -113.682 589.551
v 712.115 -108.738 584.247
v 525.211 36.3117 584.492
v 619.735 -40.3411 585.113
v 626.923 -41.9916 586.885
v 515.557 -27.34 609.425
v 486.144 -27.7932 603.751
v 545.46 21.2403 584.82
v 608.484 -138.033 597.371
v 594.178 -72.7019 592.267
v 582.544 -60.0736 593.694
v 628.858 -20.3863 578.305
v 591.444 -25.9442 588.92
v 566.418 2.81562 589.239
v 687.531 -117.644 591.334
v 493.797 -34.0508 594.01
v 564.542 -150.614 606.841
v 626.464 -91.5118 591.311
v 596.704 -29.2607 585.907
v 710.697 -106.387 589.058
v 673.989 -116.586 595.275
v 590.734 -117.617 607.188
v 583.999 -116.132 602.459
v 612.752 -90.0333 593.517
v 608.606 -84.5051 594.978
v 634.654 -38.2465 586.689
v 509.932 43.162 590.402
v 572.463 -49.6638 593.307
v 635.986 -23.5132 589.626
v 526.424 -26.7157 599.718
v 541.809 -171.808 607.922
v 511.807 38.4694 599.218
v 519.494 -193.001 615.46
v 596.384 -77.6156 594.453
v 504.054 -42.0721 597.279
v 527.695 -184.072 612.619
v 681.345 -119.741 595.235
v 614.873 -36.3243 594.846
v 600.231 -32.1578 597.409
v 524.157 -173.988 620.977
v 718.984 -106.094 586.5
v 604.467 -129.286 600.784
v 594.116 -66.4602 599.901
v 574.389 -16.9992 593.996
v 605.677 -37.9734 593.184
v 623.797 -41.4067 591.502
v 572.394 -5.09885 591.465
v 588.307 -29.4503 592.648
v 575.07 -33.0727 595.32
v 495.475 -14.7695 603.219
v 492.535 -209.184 611.557
v 655.26 -111.965 595.343
v 628.294 -41.9441 592.411
v 641.118 -38.0579 596.373
v 663.58 20.0771 605.327
v 519.795 44.4367 591.536
v 520.385 -175.953 626.598
v 626.718 -101.29 593.265
v 706.5 -110.419 594.161
v 541.843 21.6614 599.259
v 472.79 32.1727 585.016
v 665.125 -109.715 602.419
v 682.714 -125.42 599.917
v 671.763 -122.929 600.63
v 660.877 -108.467 602.394
v 652.974 11.4867 594.673
v 707.157 -112.649 599.783
v 648.055 -117.378 600.236
v 602.008 -83.4313 604.477
v 620.355 -44.8654 596.516
v 483.345 46.9136 596.737
v 473.839 -217.299 621.55
v 622.402 -106.656 608.932
v 610.91 -90.1084 603.904
v 632.226 -42.5023 602.034
v 581.512 -37.6913 597.419
v 549.316 -3.21834 601.419
v 545.533 -17.215 599.62
v 575.163 -118.308 612.418
v 638.373 -44.6531 595.377
v 592.148 -47.67 600.753
v 610.598 -32.9906 601.953
v 597.9 -35.1963 603.709
v 550.307 8.38247 598.276
v 458.5 7.55847 605.266
v 460.855 9.92433 595.615
v 476.403 -211.828 632.937
v 508.958 -196.362 633.277
v 524.521 -185.248 621.855
v 514.363 40.1331 605.749
v 461.127 -217.127 632.685
v 621.421 -89.1877 594.459
v 597.241 -75.7089 607.507
v 523.562 38.3941 599.252
v 606.139 -33.2078 601.11
v 442.001 -222.002 635.839
v 677.765 -123.722 604.197
v 635.673 -116.61 605.25
v 667.734 -114.63 603.547
v 664.127 13.4933 579.73
v 492.632 -13.5378 610.227
v 495.881 -10.2505 609.501
v 679.739 -120.609 606.156
v 644.419 -123.556 607.284
v 600.32 -83.8687 609.472
v 643.732 3.38545 603.393
v 711.725 -105.785 608.173
v 472.169 -3.82307 607.151
v 710.609 -103.548 598.601
v 603.232 -53.726 603.363
v 512.296 -22.3874 613.108
v 698.659 -116.553 604.337
v 589.719 -118.152 617.309
v 622.652 -110.447 613.605
v 590.868 -37.2904 602.598
v 688.249 -122.9 609.346
v 670.777 -115.555 614.468
v 620.432 -95.9829 605.864
v 620.328 -49.1893 602.21
v 506.856 -19.0265 613.29
v 556.251 -147.576 627.291
v 606.037 -63.2602 606.381
v 638.731 -47.6288 603.597
v 594.697 -123.448 615.963
v 652.914 -119.427 611.821
v 657.276 -110.58 615.593
v 632.478 -127.024 616.579
v 576.223 -115.082 622.092
v 538.946 11.4214 607.689
v 525.116 29.4988 611.646
v 443.278 -224.838 642.57
v 615.393 -92.9975 610.658
v 629.676 -40.2635 608.203
v 525.858 -184.782 631.112
v 551.265 -135.224 643.622
v 619.604 -49.9978 615.62
v 646.842 -124.813 610.296
v 525.032 35.5742 609.143
v 642.672 -125.77 619.66
v 559.471 -122.519 632.011
v 493.688 -15.2153 616.495
v 502.333 40.9082 612.28
v 706.408 -109.923 608.913
v 497.68 45.2933 607.194
v 536.903 19.1844 602.693
v 532.77 13.8177 609.108
v 511.635 26.5232 616.154
v 432.658 45.1753 627.82
v 445.395 -219.786 643.712
v 659.6 -109.056 623.196
v 638.418 -27.3283 605.38
v 462.584 51.2342 605.334
v 496.933 -201.489 636.389
v 647.385 5.51221 616.49
v 434.429 30.522 631.834
v 608.99 -88.4443 615.554
v 613.824 -62.2341 614.243
v 698.471 -116.637 618.73
v 597.184 -134.571 621.742
v 658.763 -106.949 617.685
v 482.074 -206.417 647.025
v 522.969 -180.584 640.169
v 679.793 -120.949 617.738
v 619.639 -101.584 616.024
v 608.175 -84.1625 619.36
v 639.561 -9.72655 621.248
v 522.925 -170.807 632
v 621.978 -116.523 618.011
v 523.427 -1.1865 617.311
v 437.969 53.6689 622.746
v 458.417 -216.656 645.129
v 643.57 -46.526 612.352
v 475.89 54.558 618.891
v 445.942 60.715 621.148
v 482.263 -6.77492 611.333
v 624.279 -123.276 623.983
v 615.199 -93.4917 623.213
v 644.466 -38.9227 619.876
v 713.248 -110.156 614.881
v 609.141 -91.0912 623.745
v 609.708 -76.3455 619.693
v 611.192 -71.5352 617.73
v 453.989 8.74351 624.166
v 631.824 -126.698 622.532
v 710.747 -109.33 617.417
v 542.451 -160.228 629.371
v 512.3 9.48801 624.519
v 527.828 -173.167 643.804
v 621.796 -49.5219 621.399
v 456.68 -217.943 651.402
v 570.986 -109.238 639.869
v 497.49 -5.76788 614
v 464.305 -211.882 650.669
v 491.278 -195.226 651.927
v 651.682 -111.1 625.682
v 596.35 -80.714 622.65
v 721.77 -122.197 619.659
v 578.887 -111.22 641.706
v 640.332 -47.6357 614.51
v 632.367 -46.4447 615.409
v 500.602 2.97878 618.657
v 463.132 61.5215 626.891
v 719.678 -116.343 616.1
v 497.229 -198.483 641.686
v 627.842 -113.732 635.587
v 521.039 17.0536 620.115
v 514.946 22.4126 623.042
v 470.169 -208.85 652.47
v 720.535 -112.414 616.02
v 466.497 9.55036 633.75
v 523.024 -172.015 636.944
v 639.973 -115.702 631.889
v 553.746 -145.683 637.482
v 600.513 -91.5463 629.192
v 591.288 -86.2514 625.172
v 610.883 -70.492 621.324
v 515.184 31.4839 616.351
v 592.173 -89.2917 630.997
v 505.85 15.1081 620.777
v 626.636 -46.3037 625.153
v 643.11 -40.7506 621.678
v 664.992 21.7661 624.99
v 677.605 -125.77 629.734
v 664.666 -123.287 628.799
v 592.043 -75.0674 631.513
v 639.35 -23.3055 622.915
v 716.259 -119.401 621.376
v 638.767 -41.3905 619.523
v 475.636 36.7393 644.763
v 461.745 59.2004 616.461
v 462.043 -214.495 656.586
v 654.298 -108.856 628.379
v 476.364 13.2516 635.045
v 586.605 -118.131 634.518
v 630.247 -42.9332 624.596
v 698.839 -113.373 629.272
v 504.266 37.0783 615.851
v 471.244 56.2942 634.156
v 722.552 -117.097 630.904
v 463.204 -209.928 657.659
v 714.124 -112.218 626.076
v 665.637 -115.405 623.18
v 645.691 4.56485 627.302
v 456.632 11.6118 636.133
v 434.005 67.8006 637.995
v 661.695 -127.703 634.06
v 531.425 -165.513 644.437
v 567.849 -175.235 668.779
v 626.891 -56.8309 627.44
v 425.564 57.1005 644.011
v 689.027 -121.206 623.983
v 517.59 -168.27 660.161
v 656.478 16.7563 622.659
v 634.758 -114.805 636.984
v 612.333 -92.5476 632.101
v 639.38 -47.3059 627.77
v 478.516 -197.54 662.352
v 455.715 -209.266 662.075
v 475.306 49.5062 639.893
v 449.544 -217.086 664.611
v 647.609 -117.011 635.046
v 642.408 -113.272 635.146
v 597.311 -65.2609 634.952
v 640.013 -115.681 639.029
v 655.097 -127.182 637.873
v 521.828 -160.24 661.715
v 622.341 -108.913 633.554
v 435.511 24.5393 645.497
v 659.359 -116.487 634.507
v 655.29 -112.99 634.926
v 629.969 -115.187 641.72
v 622.248 -59.9256 628.851
v 671.415 -125.304 637.446
v 707.982 -110.161 630.089
v 638.895 -29.0797 637.779
v 442.753 -211.729 672.027
v 686.582 -121.898 638.208
v 616.562 -94.4663 641.035
v 589.709 -86.1031 640.848
v 723.056 -111.689 635.019
v 589.083 -79.2822 639.954
v 640.348 -50.2829 632.143
v 451.411 -209.304 666.622
v 518.285 -178.556 649.884
v 655.961 -128.051 641.604
v 597.141 -89.5354 638.427
v 646.585 -122.514 638.576
v 622.124 -109.762 644.47
v 641.822 -120.288 647.797
v 605.934 -58.943 638.652
v 481.629 22.9879 637.918
v 650.798 18.9556 630.623
v 448.766 75.2848 640.406
v 592.017 -78.9278 647.083
v 533.38 -138.225 666.7
v 549.461 -106.592 656.749
v 617.352 -111.298 650.845
v 563.883 -112.674 636.545
v 592.276 -141.71 638.498
v 660.029 -124.784 643.955
v 634.014 -55.6815 635.387
v 455.248 74.0639 643.774
v 611.128 -84.2563 642.764
v 592.543 -70.8163 645.89
v 638.966 -8.78808 631.437
v 697.028 -110.865 637.575
v 599.159 -62.3731 642.29
v 645.34 -43.9054 639.078
v 631.103 -117.428 651.846
v 507.795 -169.556 668.476
v 442.302 -218.927 680.001
v 620.36 -103.19 648.387
v 636.461 -51.8708 650.485
v 719.245 -109.905 639.319
v 664.742 27.679 631.672
v 471.661 48.7114 647.08
v 564.644 -101.026 662.769
v 440.512 19.8774 652.709
v 704.314 -108.581 644.738
v 656.416 -120.93 651.135
v 629.015 -0.632807 644.666
v 472.141 -196 675.977
v 438.224 -209.503 683.309
v 672.403 -109.929 654.35
v 502.616 -163.779 676.519
v 583.378 -130.533 659.748
v 622.453 -120.467 650.918
v 625.455 -54.7438 651.4
v 513.539 -153.972 678.161
v 612.019 -113.338 655.301
v 508.231 -175.791 668.928
v 672.822 -119.815 647.75
v 658.988 -114.327 656.576
v 616.879 -94.2696 647.768
v 614.751 -81.3693 648.448
v 440.7 -214.761 684.066
v 634.624 20.7925 641.723
v 642.758 -119.09 651.638
v 456 19.1503 650.867
v 467.872 25.3466 648.24
v 609.299 -76.2968 653.728
v 705.596 -107.88 650.758
v 695.696 -104.889 651.046
v 684.2 -110.687 648.789
v 645.227 -111.184 654.292
v 613.136 -103.288 654.514
v 572.833 -106.069 660.629
v 613.514 -85.5299 654.535
v 437.624 77.2614 647.442
v 506.357 -173.66 675.226
v 460.648 26.07 657.877
v 629.148 -116.903 661.26
v 615.411 -116.403 656.933
v 598.916 -71.0599 651.177
v 610.117 -59.2073 651.13
v 631.612 -103.598 665.181
v 608.146 -86.6885 660.316
v 606.858 -71.0743 659.034
v 467.469 59.7577 646.231
v 489.626 -186.134 672.555
v 642.571 36.3351 640.534
v 437.298 -215.167 695.42
v 612.33 -96.5872 660.183
v 539.619 -105.533 676.357
v 535.516 -127.182 670.728
v 639.898 -40.9375 651.882
v 653.183 46.0098 641.283
v 719.987 -113.35 650.25
v 444.801 -203.154 691.889
v 446.938 -205.731 676.32
v 559.503 -100.316 657.312
v 429.273 77.1003 657.611
v 480.776 -187.966 688.929
v 656.411 -108.927 666.272
v 628.116 -40.4307 652.902
v 618.138 -49.8982 655.93
v 613.612 -41.2104 657.809
v 628.886 -26.3696 660.254
v 439.092 -209.45 689.966
v 615.272 -103.251 662.788
v 642.97 44.2857 645.23
v 443.267 24.7746 673.013
v 691.151 -105.702 655.61
v 573.926 -108.876 663.754
v 606.113 -80.0994 661.439
v 616.726 -43.9861 653.869
v 503.536 -161.558 683.039
v 610.628 -57.3215 658.451
v 623.587 -40.4604 657.23
v 420.038 60.63 660.141
v 721.376 -107.033 667.135
v 569.231 -122.533 689.005
v 618.211 -55.3553 654.697
v 468.344 49.9781 658.272
v 616.866 -93.6236 664.563
v 549.774 -100.866 680.727
v 464.766 35.9841 659.865
v 632.541 -36.5109 656.908
v 709.357 -98.258 659.336
v 492.726 -180.295 684.29
v 632.373 -114.968 664.113
v 622.483 -98.5085 664.495
v 652.473 49.5091 650.687
v 444.296 -221.248 692.6
v 698.37 -102.054 662.203
v 685.681 -107.233 665.145
v 626.859 -111.715 665.477
v 605.571 -63.4251 665.137
v 626.149 -30.2475 657.482
v 435.528 -207.941 697.167
v 451.844 24.7193 670.694
v 516.931 -147.456 683.216
v 631.345 21.7411 650.787
v 434.776 30.3886 684.961
v 429.355 32.988 682.749
v 623.229 -30.7203 659.927
v 694.925 -101.935 658.264
v 571.319 -128.626 686.859
v 599.478 -71.2868 671.228
v 609.331 -44.2134 661.612
v 624.256 -40.7884 663.31
v 709.299 -95.4791 668.328
v 507.956 -170.009 685.429
v 613.24 -85.1767 670.852
v 659.401 48.9312 648.733
v 632.833 -99.384 667.691
v 562.905 -102.765 675.245
v 728.091 -110.222 662.326
v 505.548 -163.78 687.734
v 642.863 37.564 657.221
v 646.14 46.3452 652.197
v 470.355 -192.86 695.842
v 715.643 -101.503 664.667
v 597.583 -63.6276 672.692
v 608.202 -41.4248 671.885
v 611.665 -38.3937 669.566
v 456.899 78.2755 661.642
v 645.482 -102.359 665.003
v 425.238 36.8388 663.158
v 421.893 72.8923 666.64
v 652.727 -106.55 670.4
v 449.44 -201.81 696.959
v 605.925 -56.6926 665.902
v 663.765 -108.561 671.371
v 507.271 -158.496 688.885
v 622.014 -15.6867 674.094
v 632.244 -96.0878 674.779
v 624.011 -38.0204 668.875
v 625.532 -35.1013 666.025
v 460.862 -193.649 704.538
v 715.839 -96.4614 668.155
v 511.379 -152.024 692.908
v 534.725 -109.215 684.941
v 437.002 -209.85 703.825
v 456.187 82.6185 684.015
v 626.022 -86.9037 676.373
v 627.538 -29.9582 669.679
v 549.808 -112.137 714.381
v 601.577 -76.616 673.593
v 650.965 40.5688 660.365
v 448.749 88.7907 684.178
v 442.046 -201.967 704.601
v 528.019 -112.131 694.805
v 625.508 11.9685 667.386
v 635.695 28.7999 664.763
v 658.701 42.5265 659.977
v 715.111 -93.9412 671.218
v 515.547 -130.498 694.62
v 640.169 31.3294 666.767
v 573.652 -141.653 680.578
v 628.036 -37.1423 671.53
v 473.887 -189.678 706.516
v 481.484 -184.834 696.734
v 552.93 -104.93 696.632
v 442.233 -213.125 706.207
v 441.647 33.651 697.19
v 608.311 -79.7142 680.737
v 535.652 -101.654 690.416
v 443.71 -216.654 705.936
v 504.62 -154.386 703.385
v 662.599 41.9219 665.922
v 618.664 -37.423 674.395
v 461.235 46.3098 685.131
v 723.995 -88.9691 677.522
v 509.653 -144.17 697.578
v 610.257 -67.9867 692.206
v 635.127 30.3771 671.992
v 644.389 37.9116 663.135
v 610.246 -40.0336 683.528
v 643.431 38.5865 670.75
v 644.091 41.0415 666.631
v 714.908 -91.1153 676.215
v 624.824 -86.1648 688.149
v 447.129 -204.561 711.847
v 694.175 -105.165 668.165
v 621.902 -81.4444 694.01
v 491.755 -171.644 702.915
v 670.794 41.0668 664.7
v 441.395 88.6922 675.96
v 429.409 88.0234 683.51
v 624.776 -29.3644 682.73
v 639.99 -97.9001 681.371
v 599.357 -65.8173 677.922
v 569.628 -160.148 679.33
v 655.26 44.9074 670.123
v 641.675 36.5588 673.626
v 715.884 -94.6495 690.523
v 663.159 38.8755 670.572
v 496.393 -138.408 714.189
v 507.274 -147.779 698.403
v 628.318 13.2243 683.474
v 645.528 35.2921 672.179
v 691.129 -118.543 690.866
v 676.205 -118.961 696.345
v 621.027 -10.1925 676.398
v 434.039 -220.074 721.675
v 655.218 39.1659 673.387
v 555.552 -164.942 701.592
v 489.489 -132.6 721.399
v 441.896 -211.003 718.814
v 492.629 -157.856 720.789
v 622.607 -1.6799 687.395
v 667.303 42.134 671.194
v 700.224 -106.022 681.519
v 685.372 -113.986 685.378
v 474.548 -183.365 718.464
v 720.536 -84.2539 680.203
v 607.32 -54.4278 691.37
v 651.688 41.9277 675.515
v 694.084 -117.466 688.619
v 633.785 -95.2931 691.527
v 616.001 -35.4262 688.022
v 647.272 -108.1 702.678
v 533.163 -103.78 708.571
v 498.464 -145.013 715.151
v 626.691 -94.1047 688.367
v 538.661 -105.946 716.28
v 535.706 -102.231 703.316
v 606.071 -46.9759 686.115
v 659.164 42.4382 679.115
v 458.595 77.9568 691.996
v 456.597 33.2007 682.591
v 423.884 86.3747 689.543
v 422.003 -228.766 720.51
v 705.711 -104.666 688.303
v 510.165 -115.75 713.778
v 614.795 -74.1913 695.671
v 647.247 42.8377 679.931
v 693.019 -116.316 702.049
v 520.45 -117.995 699.029
v 459.428 65.6066 701.26
v 458.739 -196.372 715.633
v 643.747 31.6864 685.84
v 609.888 -59.7902 707.312
v 612.49 -37.4907 699.984
v 700.361 -109.575 697.578
v 468.374 -183.578 725.608
v 660.543 -114.459 701.942
v 640.053 27.108 687.201
v 421.835 47.6735 710.979
v 626.135 -2.68777 696.105
v 711.416 -99.7256 702.752
v 659.083 36.7201 687.362
v 653.188 39.5878 685.061
v 450.62 37.5536 700.307
v 415.747 79.0908 704.158
v 648.038 38.2353 685.919
v 415.352 67.9484 692.976
v 435.678 -206.355 735.895
v 448.013 -202.349 721.539
v 477.021 -168.291 727.66
v 617.949 -29.7701 694.241
v 622.539 -16.4974 696.386
v 431.875 95.1488 711.501
v 716.763 -98.195 703.649
v 497.757 -128.392 714.411
v 623.963 -30.644 694.399
v 639.362 30.8018 691.19
v 640.451 33.6775 688.929
v 720.506 -82.5857 690.989
v 529.85 -178.695 729.224
v 415.798 -224.552 737.803
v 663.646 36.283 688.42
v 627.124 -6.71898 700.289
v 641.084 23.396 698.244
v 656.622 36.3409 691.905
v 545.662 -166.653 718.365
v 645.9 33.3584 691.464
v 641.863 37.931 693.958
v 455.145 -185.892 741.456
v 551.051 -134.76 724.734
v 635.63 9.44723 698.17
v 684.987 32.4691 690.875
v 387.806 -234.772 748.495
v 629.489 -91.6922 705.235
v 491.592 -118.226 726.838
v 685.572 -114.552 703.732
v 494.714 -135.899 730.963
v 608.185 -49.1251 702.7
v 657.408 41.7142 693.887
v 649.819 45.3851 693.461
v 372.967 -242.053 749.652
v 405.945 -230.365 737.013
v 718.659 -91.4148 694.822
v 494.526 -139.024 724.849
v 621.6 -7.74473 708.658
v 502.68 -111.217 728.563
v 623.79 -27.5464 708.674
v 662.522 40.0545 692.26
v 524.816 -111.024 737.93
v 614.336 -41.6079 729.842
v 487.735 -121.318 730.567
v 515.766 -106.82 723.028
v 651.035 44.7334 700.131
v 646.475 -106.415 712.446
v 645.206 44.9638 693.849
v 415.39 64.8103 709.928
v 380.864 -232.287 761.571
v 492.723 -123.009 731.438
v 663.191 33.733 696.554
v 497.401 -128.042 734.696
v 631.416 3.76774 704.731
v 486.892 -151.063 728.205
v 627.314 -1.41904 710.858
v 632.791 5.86062 702.835
v 635.012 -93.9908 725.108
v 505.616 -115.25 732.945
v 644.801 43.1378 699.36
v 512.191 -108.523 730.531
v 686.273 24.4603 701.41
v 673.66 -115.76 720.902
v 503.053 -112.874 731.1
v 397.06 -227.896 757.772
v 499.723 -122.652 733.713
v 643.762 6.96785 706.458
v 544.464 -145.671 732.881
v 443.29 -195.044 749.737
v 408.796 -220.368 752.319
v 686.587 -108.031 723.043
v 695.772 -106.134 717.096
v 635.694 3.38201 713.215
v 648.251 21.351 715.97
v 421.757 90.1087 709.656
v 377.104 -245.39 762.649
v 718.615 -93.1806 711.87
v 622.615 -76.5383 719.696
v 673.753 25.378 703.123
v 439.67 94.0946 703.801
v 663.658 25.9288 706.95
v 430.136 -202.539 752.576
v 617.467 -62.9394 726.259
v 419.554 92.6762 745.141
v 468.42 -159.66 747.345
v 652.707 32.8513 709.176
v 439.526 96.682 742.391
v 660.327 -108.486 724.09
v 646.684 10.699 708.935
v 415.46 73.3096 737.096
v 516.35 -110.745 736.027
v 545.877 -120.281 728.306
v 670.221 18.5706 708.502
v 415.767 -210.288 758.293
v 645.173 -92.5923 736.731
v 533.716 -116.475 740.716
v 647.531 33.1796 705.58
v 435.349 51.2847 746.473
v 680.788 24.5823 707.691
v 719.907 -87.3333 712.097
v 475.385 -134.823 761.263
v 644.891 6.6819 711.702
v 618.452 -32.9934 717.394
v 625.426 -1.74825 718.105
v 501.585 -118.864 741.372
v 679.329 23.0097 712.795
v 388.709 -233.12 765.533
v 709.238 -96.4182 715.82
v 646.373 14.6303 720.601
v 452.397 74.2377 728.829
v 529.827 -176.557 734.186
v 442.494 -189.624 752.97
v 711.395 -85.3824 727.41
v 443.138 53.6199 743.126
v 623.752 -70.2297 733.094
v 668.782 -104.654 733.686
v 624.186 -11.5073 720.744
v 668.89 16.9042 710.528
v 652.405 -102.662 730.784
v 613.328 -58.4865 725.476
v 679.344 20.0236 717.968
v 655.841 21.541 720.751
v 462.014 -168.009 749.809
v 641.233 8.21213 720.131
v 421.69 -201.789 768.118
v 478.21 -130.177 757.791
v 678.476 -103.34 733.541
v 689.344 21.3814 714.256
v 662.933 19.7194 717.339
v 448.457 61.8697 741.03
v 647.618 14.5749 726.158
v 655.194 -100.321 737.257
v 401.348 -218.36 767.594
v 715.902 -76.2671 730.442
v 634.622 6.23794 724.946
v 621.19 -27.6813 731.983
v 638.014 -84.6173 741.74
v 513.761 -167.157 763.412
v 530.181 -128.679 751.092
v 622.439 -63.3758 739.468
v 418.936 65.1799 754.577
v 500.299 -189.903 758.515
v 625.211 -25.8189 732.804
v 444.161 58.338 749.248
v 432.323 -188.588 768.09
v 489.827 -191.969 773.172
v 448.688 70.2142 748.599
v 400.368 -208.046 788.447
v 680.277 -92.1084 748.068
v 447.143 -172.952 766.7
v 468.7 -132.364 777.808
v 362.491 -243.274 791.153
v 384.045 -231.066 774.507
v 459.732 -156.766 763.09
v 421.433 55.6893 740.925
v 499.532 -124.884 770.661
v 660.342 20.0382 725.983
v 617.262 -34.9549 735.01
v 629.366 -25.0292 740.565
v 652.714 -85.6249 746.938
v 620.295 -50.1913 741.069
v 490.133 -123.176 748.171
v 504.499 -156.284 777.114
v 689.161 -96.6956 742.038
v 669.097 -92.2061 743.332
v 436.627 -170.398 781.382
v 427.187 -180.829 787.156
v 536.798 -133.471 745.841
v 698.675 -84.7519 742.268
v 640.421 -72.969 750.174
v 455.429 104.443 743.741
v 460.745 109.238 741.964
v 676.754 21.0291 728.816
v 464.335 99.635 744.61
v 389.243 -218.339 787.57
v 452.848 109.22 748.365
v 416.307 -189.056 788.903
v 445.859 86.4339 745.061
v 632.808 -54.1066 751.779
v 447.13 83.6093 760.194
v 421.466 98.8101 766.309
v 682.1 -82.6417 751.707
v 625.976 -24.8973 745.41
v 644.104 1.52693 742.282
v 367.09 -234.735 789.79
v 452.985 -138.247 791.419
v 465.33 110.952 744.564
v 507.232 -142.593 773.963
v 456.264 113.167 748.372
v 703.271 -67.1759 746.013
v 635.324 -6.11997 740.651
v 486.781 -122.204 771.623
v 355.804 -232.952 803.414
v 431.297 -172.562 784.075
v 687.961 -70.9656 757.097
v 639.151 -18.948 749.659
v 464.427 113.669 749.644
v 478.649 -136.495 795.595
v 667.572 8.33473 744.279
v 440.243 98.2219 767.324
v 417.028 87.0618 761.273
v 652.628 -64.8409 756.189
v 691.065 3.11681 744.204
v 463.563 88.0399 752.982
v 458.582 88.2801 753.431
v 468.957 103.933 749.991
v 467.321 115.719 751.582
v 448.968 110.001 752.453
v 453.689 115.557 751.157
v 655.252 -4.96097 752.019
v 490.541 -123.994 775.62
v 470.202 97.5484 753.963
v 471.134 108.514 755.754
v 694.347 3.32199 746.59
v 676.636 -0.181285 751.341
v 455.367 116.829 753.947
v 447.211 -148.5 790.487
v 392.001 -205.144 800.081
v 463.94 95.0602 758.824
v 430.843 101.464 755.219
v 644.976 -36.3226 760.93
v 465.484 116.708 754.492
v 424.465 102.013 770.086
v 691.091 -0.277397 753.372
v 701.949 -35.3636 760.26
v 650.404 -9.23078 762.586
v 410.993 -186.127 800.353
v 633.814 -23.6199 753.239
v 455.163 95.9325 759.846
v 462.392 112.8 759.22
v 663.664 -4.15735 753.227
v 426.774 54.1617 753.32
v 467.463 106.391 759.87
v 472.023 -126.822 787.756
v 437.288 100.804 762.948
v 455.841 111.098 760.033
v 458.152 92.413 764.701
v 382.003 -214.508 806.277
v 447.259 -147.223 792.886
v 445.562 70.8643 772.741
v 674.482 -62.6823 764.709
v 662.204 -52.0157 765.592
v 646.171 -19.0434 758.289
v 692.511 3.2401 756.334
v 679.304 1.22289 758.266
v 381.026 -208.505 806.323
v 446.88 80.8561 777.055
v 450.598 103.999 765.932
v 453.321 104.334 759.299
v 425.834 -167.747 798.07
v 651.994 -47.6578 762.137
v 651.094 -39.5752 769.591
v 707.254 -28.5291 757.275
v 373.14 -215.436 813.72
v 701.489 -18.5439 758.993
v 696.208 -10.1356 761.669
v 687.537 -4.71528 763.668
v 465.953 112.591 766.251
v 689.758 2.30731 760.852
v 444.021 99.3176 769.087
v 454.403 116.085 767.777
v 660.418 -42.2804 773.851
v 467.718 104.376 765.433
v 497.174 -181.936 774.076
v 447.061 -141.757 794.437
v 681.231 -52.4978 764.897
v 684.885 3.25902 759.766
v 416.77 79.1342 768.288
v 647.835 -22.9412 766.434
v 668.924 -6.2103 764.18
v 371.104 -211.634 815.023
v 463.691 94.6178 764.418
v 462.632 115.668 767.158
v 401.141 -182.667 812.116
v 416.419 -176.049 799.617
v 696.286 -18.1066 768.1
v 699.31 -12.758 764.397
v 442.195 103.919 770.896
v 458.876 82.445 771.432
v 470.524 86.964 771.55
v 442.974 111.326 770.272
v 652.722 -13.7717 770.569
v 438.83 99.9243 771.952
v 425.574 -149.259 815.726
v 468.569 86.1332 774.103
v 671.145 -52.4606 767.424
v 475.209 111.761 771.361
v 446.873 117.743 773.918
v 378.45 -195.673 829.964
v 476.389 101.631 772.328
v 450.652 122.08 770.617
v 678.322 -33.9584 776.727
v 673.853 -12.5122 771.081
v 441.585 101.854 774.815
v 468.56 122.008 771.55
v 439.728 110.002 776.364
v 436.005 65.1083 792.042
v 461.376 122.608 774.607
v 467.759 82.9054 776.374
v 444.011 89.5834 779.13
v 663.578 -7.67243 771.197
v 473.22 115.338 775.014
v 448.144 123.226 775.884
v 475.541 98.372 774.639
v 653.855 -24.6286 775.139
v 462.018 81.6342 780.179
v 431.915 106.52 786.288
v 477.933 110.61 778.089
v 461.372 -130.914 799.322
v 657.485 -34.3623 776.683
v 474.055 86.979 778.964
v 464.56 125.022 776.74
v 455.769 86.2647 782.742
v 669.31 -35.9976 778.065
v 657.71 -13.9343 775.101
v 448.652 90.3707 782.231
v 685.259 -22.3592 773.069
v 424.744 64.9085 787.585
v 444.797 74.3239 795.718
v 471.764 89.4875 781.604
v 446.031 115.815 780.545
v 427.396 -152.501 811.762
v 422.329 70.9498 796.586
v 452.485 121.319 780.544
v 658.425 -21.1199 777.474
v 463.676 85.783 782.526
v 419.857 96.9111 806.305
v 447.556 122.834 779.019
v 441.206 100.544 781.442
v 446.407 107.215 785.474
v 450.686 114.855 785.517
v 664.997 -21.7169 780.03
v 670.73 -10.1481 776.4
v 473.893 109.197 783.153
v 459.56 125.594 779.262
v 675.326 -23.9283 779.041
v 472.961 121.183 778.676
v 443.481 -138.64 817.726
v 476.305 96.0446 780.105
v 465.771 90.8345 787.117
v 470.603 100.549 786.977
v 418.7 84.3075 796.053
v 371.7 -206.925 818.613
v 469.025 118.088 782.085
v 443.166 94.5074 782.682
v 445.869 100.997 786.989
v 445.734 110.073 792.726
v 387.603 -186.638 825.811
v 457.625 89.7938 787.943
v 468.684 111.805 788.224
v 461.723 117.453 787.404
v 444.914 -141.988 823.735
v 435.054 -142.774 819.13
v 455.407 117.379 786.591
v 444.585 -205.213 815.189
v 450.596 117.665 799.847
v 431.612 110.342 793.223
v 443.961 -161.474 835.035
v 439.917 68.5785 805.722
v 470.152 99.849 799.7
v 401.984 -170.558 823.837
v 448.167 84.281 799.718
v 450.159 90.6153 801.701
v 447.608 95.0441 788.287
v 430.313 -143.292 830.258
v 425.769 109.042 795.718
v 437.321 68.0114 811.639
v 447.411 74.5893 804.284
v 434.397 118.545 803.466
v 415.344 -215.041 833.356
v 366.138 -197.383 840.945
v 432.179 69.8505 813.201
v 463.342 117.659 799.6
v 453.455 127.489 811.956
v 442.791 -173.571 836.855
v 386.473 -173.402 840.014
v 460.332 89.0906 805.18
v 353.136 -196.746 852.467
v 440.683 119.006 800.707
v 466.834 92.1607 812.206
v 425.787 110.806 814.814
v 437.88 -152.725 837.193
v 457.647 119.429 806.934
v 398.556 -197.362 868.8
v 469.451 99.1167 810.991
v 422.069 90.5454 815.987
v 427.5 74.5156 813.482
v 391.706 -161.916 848.275
v 455.02 88.2369 807.594
v 432.802 120.918 815.702
v 461.275 79.504 820.446
v 467.828 112.724 810.631
v 448.936 129.701 814.665
v 399.625 -153.561 857.622
v 378.386 -223.881 859.708
v 413.009 -152.964 853.127
v 467.974 92.5173 818.107
v 392.415 -159.858 849.104
v 471.909 117.595 814.866
v 474.3 105.352 814.584
v 472.68 93.4046 816.123
v 367.34 -178.721 855.425
v 462.132 88.448 819.882
v 475.234 107.39 819.08
v 446.228 70.0829 831.316
v 442.49 -181.668 834.62
v 470.305 91.5096 820.119
v 467.534 124.356 817.131
v 431.837 104.422 840.789
v 472.757 113.949 823.285
v 434.577 79.4216 833.277
v 465.765 90.8365 829.621
v 357.598 -173.324 876.417
v 472.656 119.602 819.468
v 395.382 -218.75 852.925
v 370.652 -166.096 869.719
v 455.909 71.5272 822.519
v 448.899 129.591 823.45
v 473.976 93.4223 825.97
v 466.69 123.263 824.368
v 405.158 -176.366 868.533
v 477.798 107.08 828.749
v 448.5 75.4472 848.532
v 428.656 89.5257 830.809
v 381.889 -159.568 870.881
v 469.964 90.5808 830.298
v 455.361 75.3231 850.211
v 471.805 126.168 830.669
v 473.53 94.7118 830.598
v 383.777 -191.558 885.009
v 441.298 86.4014 846.036
v 474.583 117.995 836.432
v 470.777 91.5647 837.022
v 477.057 96.42 839.79
v 438.094 123.565 833.174
v 392.056 -158.787 869.895
v 374.319 -162.301 879.839
v 463.618 82.2437 836.796
v 468.345 125.74 837.842
v 460.812 79.8279 845.152
v 469.24 127.633 833.989
v 445.719 129.426 838.861
v 465.694 91.0087 835.625
v 433.332 113.094 842.505
v 447.866 128.217 832.89
v 340.321 -173.603 897.688
v 479.438 108.645 837.007
v 442.429 123.177 845.694
v 465.646 85.4313 852.095
v 479.608 106.755 842.573
v 474.728 98.463 845.349
v 367.556 -204.283 894.395
v 446.066 80.8358 849.484
v 478.349 96.5062 850.519
v 476.604 117.344 846.439
v 472.433 126.95 842.406
v 456.681 128.113 846.582
v 466.485 130.156 844.36
v 348.832 -169.623 896.131
v 451.585 92.3261 851.386
v 473.473 112.418 849.649
v 396.148 -165.949 873.438
v 452.2 99.8514 855.025
v 478.611 107.606 850.576
v 468.59 125.927 850.052
v 472.794 84.3818 862.088
v 440.584 96.4407 847.632
v 473.737 96.689 856.049
v 457.926 91.9539 865.106
v 450.022 121.893 865.733
v 463.012 91.1956 848.807
v 479.448 105.289 857.896
v 467.2 121.095 852.833
v 448.959 108.865 860.761
v 441.442 122.436 849.401
v 457.821 80.255 860.821
v 478.73 97.2116 862.033
v 354.516 -174.119 903.417
v 476.384 103.646 861.385
v 478.05 114.755 858.217
v 460.654 91.1185 868.348
v 467.099 82.6868 866.382
v 478.979 94.5309 868.457
v 473.779 122.507 866.943
v 460.169 130.877 864.916
v 469.629 128.1 861.877
v 449.553 112.025 868.378
v 468.367 118.832 870.323
v 470.466 92.1358 870.76
v 455.274 122.705 870.276
v 467.531 127.694 869.699
v 457.867 92.5757 872.692
v 469.687 92.0984 873.207
v 473.173 110.294 866.471
v 452.974 121.482 873.18
v 457.521 129.3 868.087
v 475.43 99.209 873.675
v 479.139 104.446 868.732
v 451.488 98.804 872.398
v 449.716 92.6791 876.863
v 462.627 122.672 873.512
v 447.836 110.356 873.763
v 475.201 105.783 873.877
v 464.486 86.1743 877.246
v 443.117 105.111 877.026
v 474.226 89.4389 877.894
v 471.662 113.121 873.329
v 460.581 128.091 877.23
v 448.205 123.28 876.246
v 467.85 87.9013 881.918
v 479.605 96.7821 878.029
v 476.229 118.297 878.212
v 444.532 115.896 883.34
v 472.952 86.5442 884.357
v 441.95 94.1051 884.478
v 478.723 97.7901 882.954
v 443.48 101.269 883.115
v 480.472 106.613 879.126
v 449.856 123.087 883.167
v 436.087 109.13 885.976
v 478.738 110.894 883.251
v 459.992 126.323 883.467
v 443.621 125.117 885.864
v 454.112 85.8348 886.164
v 449.621 88.0835 890.816
v 472.913 120.77 883.104
v 440.708 97.7101 891.083
v 483.157 95.4679 885.536
v 478.181 126.468 885.244
v 440.293 119.45 893.038
v 439.151 108.679 894.084
v 460.046 133.518 884.341
v 448.454 129.946 890.835
v 464.045 90.1091 892.861
v 470.06 86.3713 890.816
v 480.642 93.3501 892.25
v 461.387 134.402 888.602
v 483.571 116.555 885.771
v 475.506 94.0448 893.748
v 438.834 89.0563 895.668
v 455.283 87.0442 895.419
v 482.108 118.521 892.562
v 432.296 108.363 896.844
v 475.028 127.652 891.913
v 483.865 110.643 893.852
v 447.543 125.408 894.223
v 443.121 97.9893 893.167
v 446.434 120.179 895.018
v 453.044 130.733 893.289
v 468.304 131.718 892.426
v 483.075 88.4193 897.652
v 448.602 82.4104 896.11
v 433.742 122.438 902.224
v 439.127 131.407 898.25
v 447.65 79.1327 908.679
v 434.019 96.1336 903.966
v 431.431 117.833 902.739
v 430.852 100.179 905.565
v 457.025 133.164 895.354
v 450.222 133.639 895.255
v 482.367 99.1302 896.915
v 474.945 121.345 894.216
v 465.334 137.164 894.336
v 488.984 90.863 899.242
v 437.327 88.8956 906.49
v 480.027 113.779 895.088
v 438.019 135.342 903.85
v 425.705 111.668 901.079
v 456.896 135.669 902.275
v 452.6 78.9745 910.28
v 474.979 81.5695 903.307
v 475.263 132.402 900.044
v 430.631 128.533 905.068
v 454.213 83.4535 902.479
v 468.969 138.833 898.191
v 489.35 83.9497 906.379
v 489.162 112.472 901.695
v 492.767 105.505 910.065
v 432.976 93.3435 906.094
v 422.302 107.8 908.623
v 466.928 140.781 908.36
v 441.737 133.806 911.862
v 462.336 75.0403 914.227
v 448.868 136.25 910.73
v 474.08 77.4371 913.878
v 425.409 101.764 920.421
v 427.757 124.405 913.832
v 487.972 129.965 913.134
v 494.031 88.9977 910.586
v 487.605 121.459 903.54
v 483.054 132.947 908.408
v 432.335 132.449 912.391
v 429.354 115.19 916.28
v 461.633 144.527 905.535
v 484.565 82.6073 915.933
v 464.235 76.6897 923.316
v 448.265 79.0102 918.3
v 493.746 115.685 909.921
v 468.858 74.297 922.269
v 487.622 123.703 918.057
v 491.758 95.4482 911.427
v 439.105 81.9477 922.343
v 434.156 89.6907 921.458
v 460.021 145.546 916.225
v 495.195 101.773 912.97
v 449.097 137.421 915.446
v 437.681 86.7816 923.29
v 429.475 112.481 923.687
v 441.364 129.819 921.291
v 482.271 78.0246 926.802
v 431.134 94.3139 927.251
v 494.18 90.468 923.382
v 491.664 84.6918 918.664
v 456.504 77.2674 923.665
v 483.094 134.109 922.541
v 429.984 125.878 920.068
v 437.392 126.587 919.609
v 455.364 144.234 916.808
v 493.26 97.6216 921.168
v 469.837 139.794 917.205
v 478.311 139.528 918.981
v 495.701 107.789 918.434
v 431.636 100.226 929.421
v 456.625 141.808 922.942
v 484.464 85.1192 925.557
v 429.159 108.223 932.628
v 489.821 117.632 926.494
v 472.415 83.3008 930.645
v 462.819 79.0426 930.334
v 450.151 132.83 923.828
v 497.281 106.621 925.437
v 490.115 111.839 933.513
v 488.892 102.273 931.019
v 443.322 88.1622 936.557
v 483.117 123.661 930.446
v 429.752 102.855 933.522
v 481.669 136.883 927.67
v 456.289 79.2727 942.739
v 433.58 123.26 926.677
v 474.107 138.664 927.62
v 470.56 83.348 937.191
v 442.803 91.7511 942.892
v 472.293 131.906 935.655
v 490.492 94.481 930.822
v 485.888 119.268 938.182
v 489.222 98.9731 939.449
v 451.889 137.669 933.973
v 441.171 127.305 936.48
v 483.548 95.5691 940.406
v 493.98 110.855 931.242
v 482.554 130.547 936.386
v 439.794 129.373 945.89
v 465.933 134.982 939.375
v 491.515 106.321 942.69
v 453.548 133.395 944.844
v 476.465 81.9815 948.094
v 444.395 134.49 943.37
v 435.288 104.358 944.013
v 482.578 85.5905 941.115
v 458.738 82.8737 950.344
v 457.029 139.344 936.31
v 486.671 107.113 951.179
v 436.142 94.8198 946.895
v 466.827 86.0605 946.614
v 466.062 137.86 949.801
v 482.028 90.6566 952.625
v 485.199 115.943 942.337
v 443.746 93.1689 956.422
v 472.165 85.4519 956.193
v 438.45 117.823 943.769
v 483.771 129.413 948.794
v 489.62 99.3862 953.418
v 476.794 129.642 949.35
v 461.424 138.836 950.526
v 440.229 123.984 955.264
v 459.078 82.8337 957.902
v 457.146 132.874 952.433
v 487.707 124.785 946.461
v 443.645 123.781 960.132
v 436.449 120.756 955.923
v 438.121 108.339 954.442
v 442.521 100.762 962.151
v 471.059 84.9076 964.968
v 487.059 119.4 959.703
v 436.772 112.063 960.999
v 480.364 124.595 959.604
v 485.51 111.652 954.427
v 464.863 85.7553 960.545
v 438.157 96.9589 953.351
v 471.95 130.637 955.168
v 463.073 131.277 957.198
v 479.254 91.2681 960.049
v 478.736 85.041 958.9
v 452.003 91.5746 964.188
v 445.688 103.278 971.556
v 485.886 97.5416 962.462
v 447.967 126.443 963.845
v 465.388 88.6575 967.543
v 459.737 93.5908 971.877
v 461.732 125.382 964.853
v 469.604 118.631 972.967
v 478.337 98.1875 968.173
v 470.768 89.3665 968.188
v 476.667 115.164 971.572
v 469.888 94.9297 976.597
v 470.385 129.882 963.7
v 458.879 85.6207 966.277
v 451.066 122.733 969.026
v 480.364 113.738 970.399
v 441.465 112.827 966.379
v 478.116 102.982 968.325
v 467.475 125.395 970.678
v 447.741 115.314 975.452
v 461.56 98.0278 977.056
v 469.7 103.862 989.527
v 453.941 106.595 982.354
v 453.85 114.944 978.233
v 460.027 117.469 982.851
v 453.321 99.3326 975.706
v 466.776 100.273 989.258
v 471.647 108.495 983.408
v 458.786 106.153 988.459
v 465.028 107.949 991.473
v 586.912 -197.221 431.234
v 546.154 -203.772 434.703
v 549.332 -214.273 437.89
v 555.622 -208.469 434.636
v 609.161 -183.231 427.426
v 570.407 -194.483 437.505
v 543.022 -216.521 442.869
v 554.381 -220.443 445.216
v 579.134 -202.135 442.213
v 566.964 -215.167 443.939
v 544.094 -221.018 452.068
v 536.239 -213.48 450.298
v 583.764 -206.01 449.27
v 600.659 -196.148 440.548
v 536.411 -212.493 464.978
v 613.377 -189.621 456.153
v 595.197 -203.043 455.717
v 539.261 -217.764 466.345
v 528.257 -218.024 464.975
v 522.285 -213.002 468.183
v 555.204 -223.469 453.46
v 533.44 -207.812 469.495
v 516.796 -220.986 467.773
v 513.281 -225.83 472.081
v 572.842 -219.675 460.448
v 546.021 -222.834 473.58
v 522.757 -230.812 474.423
v 522.675 -210.303 471.74
v 511.739 -230.936 485.446
v 536.393 -208.452 466.141
v 566.21 -221.25 491.321
v 524.104 -236.127 488.358
v 507.701 -227.173 491.026
v 575.658 -220.022 476.018
v 512.179 -217.699 473.368
v 533.017 -205.449 486.11
v 589.763 -211.8 476.978
v 520.439 -210.693 487.725
v 535.564 -231.872 478.344
v 505.557 -222.457 484.629
v 511.113 -216.276 494.364
v 515.47 -228.556 513.876
v 509.971 -221.462 507.045
v 506.562 -217.301 509.696
v 537.006 -236.464 496.261
v 528.905 -238.235 513.85
v 562.499 -229.571 512.226
v 584.936 -212.757 504.836
v 512.836 -222.796 514.368
v 600.352 -203.464 492.782
v 519.357 -232.491 512.964
v 508.21 -240.26 522.091
v 530.147 -241.174 519.741
v 537.12 -237.781 515.363
v 522.366 -210.087 520.387
v 495.312 -235.426 526.273
v 512.132 -225.632 516.672
v 513.111 -223.751 524.597
v 615.087 -173.021 536.072
v 540.952 -199.412 521.482
v 592.878 -206.558 516.807
v 552.939 -233.326 523.13
v 516.453 -218.955 525.885
v 571.887 -220.957 537.663
v 518.446 -248.67 536.498
v 500.674 -242.697 530.448
v 495.075 -232.947 527.611
v 532.09 -245.266 540.442
v 494.323 -235.037 540.54
v 610.826 -188.893 512.433
v 496.229 -232.614 548.427
v 503.454 -245.382 539.568
v 533.191 -207.239 536.011
v 522.897 -215.974 539.61
v 517.857 -248.913 551.927
v 563.6 -228.588 536.47
v 498.926 -237.419 554.824
v 516.52 -220.519 548.632
v 530.37 -209.948 548.234
v 510.921 -222.92 553.892
v 491.89 -233.479 560.279
v 492.295 -244.155 559.904
v 591.141 -200.22 553.578
v 521.501 -214.991 557.211
v 506.399 -244.176 558.471
v 482.922 -247.43 565.101
v 498.738 -231.005 556.038
v 585.483 -207.505 555.133
v 536.36 -202.414 547.327
v 517.047 -246.63 563.518
v 485.186 -238.651 562.424
v 496.634 -251.644 566.665
v 476.607 -249.903 572.761
v 469.185 -239.675 574.503
v 488.294 -231.664 570.202
v 550.772 -234.528 566.415
v 522.151 -213.064 567.844
v 470.053 -242.78 573.049
v 598.459 -188.609 561.887
v 515.259 -210.667 577.807
v 486.318 -253.857 572.831
v 540.924 -237.727 573.936
v 503.378 -221.708 571.271
v 483.616 -254.711 585.746
v 499.832 -254.369 577.92
v 506.104 -252.068 592.235
v 478.198 -231.228 580.847
v 523.717 -208.569 570.313
v 464.66 -241.313 585.521
v 464.862 -235.056 589.098
v 555.58 -227.355 582.16
v 577.177 -209.308 580.19
v 486.287 -251.255 599.441
v 493.542 -224.005 579.614
v 474.376 -238.633 603.346
v 519.331 -202.384 593.034
v 481.33 -227.279 593.085
v 468.724 -246.859 586.348
v 571.187 -208.959 597.241
v 591.898 -188.828 587.694
v 712.973 -135.341 569.889
v 490.725 -219.791 596.791
v 720.972 -135.241 567.697
v 581.019 -255.509 -209.828
v 579.365 -263.655 -192.964
v 678.48 -269.376 -201.34
v 616.397 -329.944 -192.135
v 601.695 -329.147 -222.036
v 668.849 -278.266 -205.359
v 574.738 -311.813 -195.349
v 604.217 -243.762 -215.002
v 602.515 -246.073 -200.107
v 591.839 -296.854 -194.299
v 636.988 -314.25 -211.927
v 581.466 -322.281 -190.549
v 591.939 -290.844 -193.785
v 630.212 -326.534 -197.776
v 584.654 -304.57 -188.393
v 591.994 -249.02 -196.844
v 595.078 -329.52 -194.905
v 591.42 -330.184 -183.561
v 657.139 -297.1 -197.185
v 583.823 -255.176 -186.661
v 584.481 -280.806 -186.903
v 596.659 -259.811 -178.446
v 600.154 -250.89 -194.653
v 591.699 -328.145 -168.592
v 673.755 -273.44 -188.316
v 602.927 -298.109 -171.593
v 665.333 -292.983 -180.949
v 582.41 -252.28 -199.024
v 647.461 -323.81 -168.528
v 600.758 -257.901 -179.103
v 588.685 -321.082 -171.489
v 605.924 -304.423 -171.197
v 594.633 -326.175 -162.252
v 605.358 -319.896 -168.648
v 598.218 -308.15 -180.407
v 578.221 -265.297 -165.931
v 592.08 -288.632 -168.288
v 579.199 -271.158 -167.046
v 662.257 -301.9 -169.33
v 611.306 -318.983 -164.203
v 581.368 -262.208 -164.671
v 594.627 -249.337 -165.533
v 607.849 -332.206 -151.723
v 608.226 -332.487 -167.488
v 600.408 -253.408 -176.722
v 582.488 -273.313 -152.198
v 639.694 -328.391 -156.581
v 650.836 -315.09 -177.531
v 614.91 -314.988 -158.989
v 614.004 -303.177 -152.307
v 612.1 -264.349 -145.581
v 599.843 -325.93 -154.201
v 610.376 -329.799 -139.313
v 619.27 -312.769 -148.023
v 592.402 -268.578 -141.312
v 674.835 -275.437 -170.1
v 598.343 -292.353 -157.959
v 605.163 -258.229 -166.835
v 607.557 -297.866 -158.447
v 615.507 -317.176 -152.922
v 586.017 -280.162 -159.002
v 658.153 -320.255 -145.444
v 661.724 -315.529 -147.884
v 622.076 -333.605 -141.914
v 604.314 -265.418 -158.28
v 682.166 -263.479 -165.13
v 670.976 -287.668 -152.454
v 668.562 -293.705 -157.671
v 595.224 -286.079 -147.028
v 595.068 -278.683 -137.482
v 586.189 -272.362 -139.64
v 639.62 -330.122 -119.865
v 617.314 -315.365 -135.24
v 606.877 -324.099 -142.09
v 592.355 -271.603 -131.885
v 616.134 -294.388 -138.489
v 619.135 -259.744 -140.414
v 627.891 -305.72 -134.276
v 678.309 -275.773 -149.86
v 624.316 -332.52 -125.672
v 612.691 -292.005 -130.918
v 597.296 -251.067 -126.752
v 599.276 -268.246 -129.895
v 667.32 -312.938 -126.425
v 602.491 -267.96 -145.864
v 625.769 -296.127 -130.536
v 654.049 -324.055 -136.206
v 639.428 -297.158 -119.248
v 613.519 -266.469 -114.894
v 627.898 -326.337 -116.916
v 613.185 -286.438 -121.205
v 598.86 -274.298 -124.345
v 643.864 -299.78 -111.984
v 628.627 -253.538 -123.567
v 603.443 -253.762 -127.935
v 678.125 -283.364 -134.052
v 643.759 -326.412 -95.5816
v 612.885 -270.439 -109.761
v 672.199 -309.914 -109.563
v 636.203 -310.323 -109.716
v 627.575 -289.932 -116.86
v 623.267 -279.04 -102.16
v 629.957 -259.676 -124.025
v 640.199 -291.815 -113.825
v 650.314 -293.813 -101.658
v 644.857 -304.763 -98.158
v 599.02 -251.335 -118.028
v 637.735 -327.103 -101.748
v 631.96 -284.608 -107.343
v 617.696 -241.55 -101.96
v 643.541 -255.294 -106.881
v 683.831 -265.101 -109.826
v 642.913 -322.797 -90.6321
v 631.553 -274.514 -88.2491
v 632.71 -279.743 -93.6826
v 604.592 -249.458 -110.284
v 648.299 -303.478 -88.1415
v 658.096 -321.286 -100.786
v 682.601 -275.076 -104.847
v 646.797 -250.449 -98.1583
v 644.023 -284.224 -99.0841
v 620.575 -234.17 -85.0158
v 667.226 -310.627 -82.9331
v 688.463 -258.972 -88.1517
v 628.593 -265.423 -90.5981
v 636.91 -243.917 -103.03
v 606.572 -241.448 -85.2245
v 656.904 -317.051 -77.3827
v 652.032 -255.954 -84.1754
v 648.337 -279.05 -84.0334
v 600.213 -244.962 -86.7336
v 645.175 -271.17 -75.0495
v 639.396 -236.342 -74.1055
v 644.249 -264.964 -73.5276
v 646.936 -261.146 -73.2016
v 642.984 -245.089 -86.373
v 609.393 -235.759 -74.7239
v 595.292 -243.664 -81.2904
v 647.285 -320.283 -81.3396
v 679.564 -286.163 -111.87
v 690.58 -268.78 -67.2823
v 648.411 -304.597 -69.0989
v 647.753 -248.008 -66.239
v 681.182 -294.677 -74.3625
v 641.744 -244.751 -69.1079
v 652.809 -250.834 -71.4359
v 598.979 -241.16 -62.8504
v 652.098 -316.925 -67.1853
v 654.9 -275.766 -68.5225
v 619.83 -230.194 -70.0857
v 580.837 -235.123 -68.9085
v 649.874 -286.265 -38.1988
v 638.583 -229.968 -51.0073
v 656.827 -283.084 -69.611
v 656.557 -253.93 -66.3193
v 651.786 -296.565 -36.9317
v 638.384 -240.834 -60.3181
v 665.194 -304.456 -42.4611
v 660.607 -269.25 -50.7337
v 634.564 -226.772 -56.7699
v 648.786 -298.565 -47.8676
v 635.499 -247.563 -49.5927
v 646.08 -247.48 -55.7859
v 656.366 -262.226 -57.4478
v 664.457 -252.235 -32.4421
v 688.675 -273.013 -32.2429
v 654.746 -283.262 -49.3905
v 623.271 -223.426 -50.7638
v 632.611 -216.904 -31.7458
v 638.3 -247.631 -41.3165
v 664.054 -300.68 -29.1943
v 599.935 -234.838 -36.4705
v 649.878 -281.668 -18.384
v 684.585 -286.708 -59.5535
v 658.23 -245.041 -42.6746
v 659.681 -247.487 -50.7423
v 592.964 -236.636 -37.3322
v 610.208 -214.271 -13.2471
v 632.126 -243.985 -23.8929
v 610.912 -227.844 -50.3486
v 631.914 -240.285 -40.8901
v 638.613 -228.14 -41.935
v 652.571 -243.267 -28.0255
v 641.461 -244.392 -17.8127
v 633.257 -245.117 -23.2998
v 615.781 -221.258 -39.6391
v 637.245 -219.738 -28.8128
v 657.774 -300.879 -33.1236
v 674.207 -288.357 -19.0306
v 655.448 -281.606 -3.80402
v 664.005 -244.512 -13.8965
v 662.701 -258.393 -21.2925
v 663.468 -287.904 -4.42051
v 632.346 -236.552 -22.5971
v 698.218 -240.972 -33.398
v 663.135 -250.637 -4.19638
v 583 -226.208 -1.6783
v 661.301 -241.051 -10.5346
v 593.781 -223.631 4.14454
v 647.363 -239.18 -4.65325
v 630.874 -240.041 5.37002
v 590.624 -228.979 -5.63976
v 633.574 -225.854 2.65327
v 637.832 -222.229 -20.1676
v 652.411 -268.367 -0.738417
v 660.128 -249.828 12.5716
v 655.716 -239.508 -10.522
v 642.78 -235.806 15.2015
v 671.575 -281.372 2.69861
v 630.606 -235.141 3.48465
v 690.12 -261.318 -4.94782
v 662.078 -276.794 15.1451
v 653.299 -232.425 16.5322
v 636.692 -213.144 9.72841
v 675.037 -271.175 19.978
v 658.586 -266.621 26.2527
v 659.712 -232.209 27.1675
v 654.994 -254.747 21.4482
v 656.654 -229.892 27.0869
v 661.286 -237.769 27.0533
v 636.462 -209.105 9.22415
v 668.846 -274.484 20.8307
v 627.739 -222.452 31.692
v 656.112 -241.517 38.1165
v 690.351 -250.45 18.1494
v 631.604 -235.263 23.5152
v 627.61 -229.379 35.3513
v 673.499 -264.322 36.9962
v 640.396 -231.149 34.5462
v 658.699 -221.927 49.8638
v 661.607 -254.751 54.5443
v 660.281 -225.288 51.3507
v 645.821 -221.809 52.8194
v 633.001 -203.899 43.5136
v 686.112 -237.815 52.5079
v 625.12 -222.53 64.8011
v 655.397 -248.36 34.8594
v 653.097 -223.558 41.204
v 666.681 -256.976 56.1322
v 636.13 -223.287 63.812
v 653.142 -207.684 71.7655
v 628.65 -227.584 54.2302
v 625.074 -213.515 67.4782
v 657.191 -206.415 75.559
v 678.696 -249.508 54.2785
v 660.394 -221.05 64.2678
v 658.566 -222.836 71.4618
v 660.052 -210.041 73.3975
v 667.623 -245.599 75.609
v 674.054 -239.997 83.8777
v 624.026 -210.353 87.2164
v 663.38 -239.623 80.4295
v 624.437 -210.024 101.032
v 659.747 -225.302 85.6222
v 627.498 -216.735 84.644
v 684.91 -224.082 91.1103
v 649.715 -201.792 85.8322
v 636.599 -210.822 95.6435
v 660.829 -206.377 88.2485
v 660.966 -196.82 112.187
v 669.785 -229.411 104.765
v 643.979 -203.551 98.1769
v 661.304 -215.301 114.669
v 652.615 -194.92 100.459
v 658.53 -195.536 103.825
v 664.567 -227.107 106.13
v 633.414 -200.747 124.399
v 663.038 -210.298 134.913
v 682.769 -199.354 137.087
v 673.203 -217.685 122.81
v 661.269 -204.092 137.971
v 666.963 -208.892 140.294
v 661.157 -183.05 142.557
v 670.625 -184.521 177.42
v 685.72 -173.916 171.463
v 667.104 -173.279 196.735
v 661.823 -190.463 165.807
v 579.398 -317.153 -587.207
v 637.473 -362.49 -587.894
v 561.825 -302.939 -578.239
v 631.74 -357.478 -578.269
v 633.296 -348.767 -575.65
v 595.526 -329.468 -578.607
v 584.713 -311.711 -575.724
v 589.296 -314.139 -575.082
v 672.075 -374.809 -576.242
v 672.18 -370.646 -565.745
v 567.904 -290.378 -564.981
v 644.539 -351.501 -560.588
v 620.015 -334.891 -562.218
v 590.157 -298.925 -546.229
v 589.01 -304.773 -557.022
v 571.935 -281.205 -551.388
v 630.848 -341.133 -552.056
v 638.36 -341.377 -539.88
v 614.948 -322.055 -533.126
v 612.903 -314.853 -524.092
v 666.586 -352.979 -538.119
v 596.334 -279.585 -521.493
v 638.162 -335.541 -513.619
v 620.511 -314.895 -507.365
v 605.419 -290.873 -513.661
v 628.967 -327.171 -510.723
v 622.621 -310.107 -483.951
v 602.865 -280.713 -487.954
v 650.566 -335.417 -490.077
v 665.963 -342.614 -495.974
v 637.189 -324.7 -484.265
v 613.065 -296.587 -465.663
v 603.213 -279.631 -471.171
v 643.716 -326.259 -472.599
v 626.736 -312.593 -463.616
v 656.972 -331.716 -470.664
v 646.569 -321.331 -439.606
v 610.754 -283.854 -445.496
v 598.002 -262.048 -462.937
v 616.701 -293.765 -441.956
v 629.101 -310.28 -444.157
v 627.787 -300.162 -423.856
v 670.015 -325.649 -426.849
v 620.923 -284.957 -417.22
v 616.041 -268.068 -420.555
v 641.521 -309.751 -417.644
v 651.818 -307.193 -400.64
v 621.889 -257.871 -401.763
v 630.201 -285.678 -399.354
v 637.128 -296.147 -398.486
v 649.319 -305.107 -391.48
v 659.419 -309.496 -389.481
v 632.748 -290.715 -387.771
v 580.112 -321.568 -375.42
v 625.972 -273.722 -383.905
v 656.056 -312.577 -383.122
v 578.081 -318.063 -375.786
v 632.18 -295.216 -381.076
v 647.706 -314.719 -381.49
v 663.063 -316.13 -377.465
v 619.404 -247.901 -373.232
v 649.595 -311.6 -372.634
v 613.961 -321.993 -370.354
v 588.437 -322.053 -369.153
v 634.263 -324.322 -373.712
v 623.711 -326.791 -374.008
v 622.201 -294.764 -373.99
v 664.596 -317.32 -374.689
v 628.783 -323.033 -368.822
v 622.964 -284.549 -374.934
v 589.346 -310.654 -372.579
v 560.64 -315.086 -361.335
v 567.879 -320.214 -365.503
v 595.066 -298.576 -364.1
v 605.7 -319.034 -364.568
v 580.517 -324.565 -362.736
v 614.578 -290.591 -366.213
v 557.368 -314.751 -357.539
v 582.501 -324.5 -350.293
v 634.521 -313.649 -360.719
v 582.443 -302.619 -356.467
v 659.013 -306.777 -355.215
v 543.199 -293.956 -345.319
v 615.038 -284.533 -363.355
v 643.324 -312.159 -366.301
v 628.554 -307.864 -348.819
v 600.488 -267.067 -348.92
v 602.983 -245.271 -361.312
v 549.214 -308.184 -353.313
v 599.452 -322.388 -341.565
v 607.508 -317.141 -356.27
v 609.778 -268.053 -355.792
v 670.238 -312.393 -359.958
v 598.522 -285.534 -351.165
v 542.7 -298.412 -342.367
v 569.64 -320.19 -341.203
v 557.227 -313.425 -340.818
v 583.961 -323.6 -326.625
v 599.012 -276.013 -347.12
v 624.427 -309.268 -343.866
v 652.289 -303.639 -348.38
v 571.648 -322.159 -332.954
v 546.427 -304.675 -334.374
v 613.885 -315.841 -339.26
v 548.888 -303.549 -322.345
v 645.163 -302.112 -337.346
v 539.55 -285.639 -321.452
v 658.277 -298.369 -317.514
v 559.098 -314.866 -316.745
v 538.215 -274.709 -323.844
v 603.325 -316.613 -321.293
v 566.357 -319.373 -309.462
v 586.904 -246.629 -322.135
v 646.25 -293.015 -302.476
v 620.855 -307.129 -320.385
v 533.024 -293.564 -299.976
v 600.583 -249.855 -322.928
v 532.874 -278.985 -307.1
v 636.648 -304.326 -324.841
v 552.39 -311.149 -299.857
v 637.82 -232.614 -328.616
v 602.768 -314.213 -297.541
v 547.727 -313.432 -291.839
v 545.866 -302.867 -306.437
v 597.255 -252.72 -309.658
v 618.777 -240.594 -313.905
v 562.424 -318.381 -295.794
v 635.24 -237.103 -308.338
v 657.552 -291.887 -305.619
v 555.516 -270.253 -300.435
v 560.814 -253.668 -304.004
v 620.58 -305.397 -299.697
v 534.213 -291.485 -295.937
v 578.333 -322.003 -309.966
v 560.321 -268.056 -298.784
v 541.16 -288.195 -291.69
v 586.586 -250.391 -301.386
v 610.063 -248.7 -295.086
v 626.575 -299.788 -287.017
v 573.219 -249.902 -287.104
v 541.999 -305.995 -285.243
v 563.653 -264.479 -295.315
v 663.896 -288.925 -295.818
v 575.14 -323.245 -287.017
v 598.997 -255.307 -288.744
v 563.356 -271.794 -285.192
v 556.967 -277.393 -269.756
v 645.541 -291.826 -289.878
v 564.911 -284.683 -277.292
v 616.934 -308.798 -280.93
v 563.958 -324.143 -272.935
v 557.579 -322.752 -272.157
v 558.724 -320.464 -268.642
v 564.717 -304.035 -269.16
v 588.555 -321.586 -277.738
v 559.244 -296.003 -278.422
v 593.044 -256.39 -269.366
v 635.621 -237.616 -289.617
v 583.129 -327.819 -265.298
v 565.649 -324.907 -258.559
v 633.051 -298.022 -272.688
v 588.548 -257.032 -283.011
v 562.518 -285.682 -266.467
v 554.2 -276.378 -263.612
v 653.568 -290.951 -266.585
v 553.566 -271.957 -259.141
v 566.651 -291.545 -271.6
v 590.844 -258.943 -273.432
v 579.82 -261.533 -267.958
v 599.327 -242.915 -270.054
v 567.726 -307.538 -259.474
v 621.647 -307.928 -271.102
v 560.568 -265.854 -257.686
v 625.386 -236.819 -270.671
v 585.782 -265.538 -256.333
v 567.354 -258.025 -271.369
v 596.486 -330.41 -244.169
v 635.959 -302.68 -257.071
v 647.097 -294.688 -260.337
v 555.474 -287.735 -246.904
v 575.84 -326.086 -241.352
v 570.215 -323.319 -244.421
v 564.453 -320.964 -254.961
v 556.572 -279.174 -240.309
v 622.231 -238.47 -257.925
v 562.62 -293.567 -252.194
v 563.902 -313.097 -246.896
v 560.709 -301.493 -242.165
v 624.038 -314.991 -251.719
v 668.065 -282.249 -247.135
v 558.173 -290.459 -232.836
v 607.844 -324.464 -245.125
v 564.72 -281.657 -228.607
v 633.003 -311.537 -244.695
v 614.346 -237.343 -239.264
v 612.845 -238.967 -239.98
v 583.416 -270.233 -240.592
v 578.02 -274.689 -239.246
v 586.509 -254.64 -246.947
v 618.844 -327.942 -216.909
v 562.259 -288.731 -222.416
v 584.004 -327.101 -219.11
v 572.817 -316.117 -224.266
v 648.233 -296.051 -243.474
v 581.387 -285.248 -220.453
v 581.653 -274.907 -230.289
v 625.558 -319.386 -230.313
v 668.521 -278.026 -228.614
v 581.309 -276.852 -214.455
v 571.462 -303.248 -202.267
v 608.489 -241.684 -218.983
v 573.465 -297.493 -204.383
v 566.341 -302.239 -218.178
v 585.434 -327.141 -207.159
v 644.709 -305.768 -218.001
v 586.124 -285.931 -208.295
v 594.535 -240.239 -217.362
v 473.361 -229.774 602.297
v 471.531 -234.256 605.442
v 495.359 -213.584 599.194
v 469.606 -227.775 605.367
v 509.87 -200.721 608.001
v 541.194 -232.435 607.236
v 606.058 -151.258 602.744
v 725.754 -129.806 568.165
v 483.808 -243.639 609.823
v 482.476 -216.597 604.92
v 454.812 -234.251 615.206
v 711.638 -136.147 576.119
v 719.213 -134.433 578.239
v 580.091 -194.758 605.333
v 463.415 -224.995 615.37
v 450.713 -228.505 616.001
v 493.769 -246.083 613.198
v 443.699 -227.811 625.506
v 446.13 -232.71 623.066
v 473.643 -246.372 626.798
v 561.771 -212.676 614.136
v 501.426 -245.487 622.652
v 523.931 -238.634 618.393
v 538.875 -228.36 625.539
v 442.655 -230.405 636.093
v 455.378 -241.055 629.691
v 456.804 -241.098 641.931
v 569.098 -196.036 630.287
v 474.809 -245.618 640.418
v 581.917 -171.098 642.205
v 476.831 -241.257 654.086
v 450.807 -233.659 646.578
v 461.036 -220.267 656.56
v 553.352 -214.875 626.477
v 554.121 -206.419 647.612
v 470.179 -238.208 655.719
v 524.998 -229.345 649.686
v 465.207 -225.435 658.405
v 461.016 -219.907 659.54
v 485.208 -233.543 662.981
v 537.564 -213.545 659.605
v 502.756 -238.097 652.09
v 505.566 -229.292 666.046
v 468.729 -227.078 662.51
v 456.639 -230.783 680.03
v 539.277 -212.284 664.988
v 482.836 -232.822 667.19
v 521.07 -224.618 663.173
v 469.134 -233.543 675.113
v 451.298 -221.53 666.284
v 445.186 -223.494 682.139
v 480.356 -239.866 677.54
v 565.685 -185.612 659.255
v 449.985 -229.395 686.369
v 538.332 -208.91 675.281
v 461.149 -243.086 683.766
v 462.995 -248.396 688.049
v 430.454 -254.712 697.962
v 431.215 -240.468 699.958
v 434.235 -256.479 698.436
v 506.477 -231.048 673.903
v 447.014 -239.294 687.392
v 433.922 -228.763 706.25
v 407.889 -258.125 711.21
v 507.717 -227.139 690.238
v 554.194 -186.935 683.176
v 412.195 -242.829 714.94
v 528.151 -209.311 689.972
v 523.069 -212.208 697.881
v 555.347 -175 694.343
v 384.613 -256.403 728.478
v 427.309 -260.459 706.927
v 398.354 -248.875 720.735
v 445.762 -253.767 716.23
v 393.138 -259.88 723.925
v 419.379 -259.238 735.307
v 402.539 -263.165 728.086
v 383.925 -244.641 735.355
v 377.139 -252.553 736.417
v 473.083 -236.178 726.943
v 479.522 -233.436 718.129
v 522.299 -194.969 721.836
v 375.647 -255.211 746.361
v 532.764 -188.07 718.16
v 524.459 -203.265 711.493
v 385.006 -259.712 742.714
v 407.386 -258.015 750.699
v 438.587 -252.357 735.275
v 438.027 -246.463 752.7
v 369.903 -246.809 751.197
v 444.939 -245.251 741.769
v 389.2 -258.478 753.007
v 419.684 -248.578 760.717
v 392.859 -254.445 762.314
v 488.545 -212.355 745.596
v 384.906 -238.743 768.398
v 386.083 -242.172 769.728
v 399.303 -249.304 769.248
v 387.978 -244.931 770.945
v 402.55 -250.275 774.32
v 462.346 -230.052 758.28
v 437.918 -238.215 776.578
v 376.887 -251.049 787.85
v 405.532 -248.863 788.437
v 457.139 -226.357 770.119
v 454.973 -214.933 791.998
v 412.908 -242.787 796.471
v 456.645 -203.746 798.733
v 467.61 -221.715 765.477
v 430.6 -222.053 812.416
v 369.618 -253.557 804.68
v 422.467 -234.84 802.341
v 416.572 -236.615 801.782
v 389.301 -245.41 812.511
v 375.608 -242.326 829.633
v 392.23 -233.504 835.475
v 369.968 -242.998 837.283
v 716.997 37.6042 141.315
v 806.207 -10.6606 170.66
v 845.866 -71.0365 144.837
v 879.559 -82.4952 158.959
v 842.905 -57.4975 147.141
v 830.822 -22.2733 140.4
v 702.512 -160.675 171.212
v 833.567 -95.7742 153.798
v 645.067 48.8634 157.18
v 780.618 -131.337 168.749
v 815.447 -116.242 162.428
v 839.495 -61.0349 162.714
v 832.319 -15.8016 159.617
v 808.728 -14.4237 177.456
v 802.817 0.723165 145.213
v 711.04 58.442 172.934
v 889.904 -74.902 159.276
v 690.897 46.8375 154.595
v 625.156 47.3391 157.88
v 840.726 -31.3062 144.707
v 736.614 47.9563 157.299
v 766.265 43.9983 180.084
v 804.46 4.03901 177.291
v 778.436 35.0192 160.092
v 878.731 -96.8847 166.295
v 828.872 -71.8757 164.461
v 866.407 -72.7387 157.879
v 883.35 -58.9543 167.229
v 662.639 68.5615 183.604
v 793.794 -134.193 164.904
v 813.848 -26.2281 156.087
v 827.689 -76.7152 167.721
v 884.054 -57.9243 157.86
v 757.063 47.9642 173.36
v 885.754 -70.1947 171.58
v 828.104 -87.3049 167.826
v 874.102 -60.1208 164.367
v 842.544 -89.5975 172.93
v 799.465 -121.65 186.674
v 789.289 24.1448 136.373
v 651.979 70.0826 185.843
v 680.848 47.6717 173.881
v 770.82 -133.543 184.676
v 837.462 -90.4877 172.681
v 795.296 12.4753 170.671
v 612.033 48.6595 173.377
v 820.371 -23.5794 155.911
v 804.438 6.70469 167.894
v 720.515 44.191 164.874
v 657.988 69.7521 169.422
v 815.028 -10.9893 180.472
v 712.62 44.0394 169.832
v 710.934 54.7821 143.145
v 874.48 -88.9023 163.921
v 702.594 -149.901 194.99
v 779.113 -118.61 197.764
v 811.137 -111.913 184.775
v 687.681 56.1841 185.572
v 696.564 -156.614 184.575
v 693.723 60.5359 179.519
v 868.737 -84.321 177.164
v 873.436 -79.5396 178.273
v 616.308 54.6389 197.183
v 787.36 -126.646 177.819
v 822.662 -67.6307 177.39
v 824.449 -7.59367 175.97
v 843.067 -118.565 174.853
v 818.987 -121.55 189.658
v 863.583 -88.7692 185.664
v 876.737 -75.9153 190.475
v 826.007 -19.2757 195.684
v 669.899 54.4002 174.801
v 824.178 -79.3101 179.452
v 715.067 -165.406 197.043
v 800.611 -109.001 197.347
v 806.869 -109.258 189.49
v 865.899 -98.3145 183.331
v 856.994 -70.7512 181.924
v 821.891 -8.24204 175.466
v 812.606 -111.677 202.335
v 837.386 -83.7018 187.764
v 831.541 -83.3866 186.611
v 792.061 20.0508 209.859
v 830.404 -15.9249 180.562
v 849.116 -75.4631 182.393
v 802.272 -3.89746 196.81
v 790.701 -112.144 210.396
v 650.272 59.0845 191.794
v 836.195 -110.459 196.765
v 817.677 -67.6146 196.213
v 873.774 -67.2163 194.946
v 710.452 50.1303 191.296
v 858.985 -59.1863 194.4
v 860.645 -59.1806 189.894
v 769.848 -120.68 203.634
v 874.593 -67.2732 196.818
v 852.6 -68.7376 190.244
v 711.941 49.0645 191.894
v 823.146 -7.71081 209.738
v 778.646 33.8932 187.43
v 718.69 51.4619 194.536
v 820.321 -110.439 214.219
v 703.94 -143.843 213.588
v 862.362 -83.1487 194.799
v 827.416 -75.0535 205.047
v 813.5 4.91836 206.177
v 839.976 -66.9516 204.513
v 691.912 -138.594 219.086
v 800.771 -0.200408 193.23
v 824.827 -111.006 197.554
v 827.365 -102.312 208.959
v 786.968 27.0395 218.508
v 643.529 53.9885 191.574
v 657.024 76.5143 228.208
v 765.422 -107.776 238.679
v 854.543 -61.0664 193.969
v 823.633 -37.7305 201.921
v 765.431 44.0175 212.985
v 697.671 -138.588 217.83
v 773.058 39.1818 215.59
v 674.52 62.6604 223.403
v 829.664 -71.3822 210.294
v 806.164 -6.10384 194.803
v 719.883 -150.659 227.717
v 850.387 -56.1186 205.201
v 648.643 59.0312 214.664
v 699.556 71.6951 224.956
v 847.114 -102.632 213.332
v 775.952 -109.019 226.377
v 821.618 -2.42494 197.237
v 813.208 -119.029 215.478
v 820.404 -63.723 222.576
v 724.427 54.3243 209.466
v 820.387 -64.2775 186.803
v 787.297 22.694 195.945
v 820.283 -69.4062 211.701
v 811.302 -47.3102 211.983
v 707.252 58.6735 216.758
v 726.314 -145.696 225.355
v 867.11 -67.9509 219.742
v 865.619 -61.3985 218.97
v 864.006 -65.2527 206.495
v 751.948 49.9996 216.006
v 839.413 -91.6375 230.433
v 825.144 -93.0153 222.76
v 765.994 -137.918 221.093
v 752.581 -127.159 240.935
v 852.106 -77.8685 215.373
v 706.507 62.1413 233.045
v 760.76 -126.988 237.135
v 820.476 -99.3925 218.129
v 866.407 -80.3937 202.888
v 847.593 -52.6235 215.261
v 765.942 -125.18 210.733
v 821.678 -117.165 220.798
v 811.153 -1.85059 239.004
v 809.567 11.1708 223.075
v 805.575 -107.978 235.263
v 811.394 -53.7431 225.134
v 847.414 -73.3383 228.574
v 800.096 -101.96 222.583
v 640.595 57.99 223.817
v 709.756 -145.183 239.483
v 850.035 -56.6979 224.188
v 802.09 -102.563 227.523
v 816.506 -44.4362 203.522
v 767.773 41.4904 236.026
v 612.756 63.0423 221.13
v 812.78 -91.7393 241.257
v 798.248 8.38381 221.118
v 702.494 -132.856 239.564
v 651.86 65.0829 220.153
v 653.783 76.4662 246.45
v 730.552 55.2896 220.03
v 818.041 -54.1181 234.938
v 679.326 58.2964 210.485
v 722.427 -131.499 249.998
v 616.013 62.7219 215.503
v 865.278 -75.2048 216.214
v 839.389 -48.6293 226.651
v 806.107 -38.9305 232.817
v 704.507 68.0882 214.277
v 628.423 61.2797 244.103
v 757.209 -125.72 242.457
v 758.418 -113.537 244.555
v 792.215 -101.024 228.379
v 814.602 -17.1355 227.975
v 711.474 -135.602 258.196
v 659.726 75.8193 222.171
v 707.023 -132.793 262.563
v 815.076 -98.7589 246.153
v 856.757 -54.8061 235.218
v 760.546 49.2148 242.796
v 833.6 -52.2067 226.863
v 789.835 18.1476 236.785
v 698.171 74.4188 257.903
v 813.754 -53.2886 234.975
v 700.914 -121.544 259.714
v 720.492 60.091 241.845
v 740.456 56.3143 254.209
v 672.473 70.9397 253.053
v 813.776 -113.894 231.003
v 812.128 -41.6801 252.233
v 714.923 62.8062 229.13
v 709.712 -126.455 270.904
v 839.99 -65.1071 248.69
v 786.667 22.5174 234.192
v 676.973 68.2699 245.134
v 741.529 -123.299 253.403
v 805.475 14.1887 226.609
v 925.227 -37.2165 232.001
v 835.922 -45.4453 234.172
v 705.382 67.1165 254.158
v 793.108 -93.4015 242.017
v 805.604 -93.5656 258.831
v 923.041 -46.7995 235.418
v 799.59 21.631 242.967
v 758.542 -103.881 254.339
v 858.161 -56.7155 237.583
v 835.855 -43.8852 250.776
v 646.375 65.6905 251.258
v 608.647 61.5506 241.972
v 936.983 -31.2376 234.903
v 699.95 -125.432 247.91
v 918.942 3.56877 234.145
v 945.865 22.3433 230.503
v 784.409 -98.2065 243.901
v 935.971 6.17264 229.798
v 772.453 37.7428 235.48
v 727.056 65.5498 281.26
v 688.165 69.1143 219.435
v 923.204 2.05656 229.889
v 929.913 -22.6154 234.495
v 933.846 -39.1967 232.774
v 941.731 5.3568 236.695
v 821.256 -36.3653 249.442
v 952.43 -36.6389 240.349
v 829.626 -85.1962 238.681
v 905.589 -27.7912 238.938
v 808.154 -79.5066 256.936
v 689.353 -117.989 258.713
v 849.066 -42.4931 251.974
v 923.397 11.2768 238.133
v 624.808 66.4363 253.085
v 701.073 -124.39 270.233
v 897.753 -39.5919 243.002
v 816.564 -29.3392 259.529
v 947.955 17.279 230.858
v 950.943 30.7369 233.73
v 751.011 -97.5421 273.535
v 839.915 -86.1018 235.129
v 944.173 -46.4201 240.838
v 774.342 43.012 253.643
v 778.987 38.0443 240.356
v 807.432 -85.1531 269.543
v 941.328 -1.04184 235.007
v 796.704 -84.3237 261.228
v 833.617 -55.7777 263.68
v 958.703 23.1837 232.727
v 889.632 -57.5056 252.397
v 741.518 -113.516 271.219
v 961.147 31.1864 232.074
v 929.271 -49.6303 238.186
v 895.941 -17.0603 249.187
v 854.413 -60.0216 244.914
v 956.711 19.5892 236.459
v 800.155 -8.32982 257.345
v 937.569 -16.7994 239.429
v 801.404 -30.2217 268.224
v 917.924 -56.0089 249.271
v 980.766 -27.257 253.034
v 951.807 34.4321 239.937
v 630.451 71.6197 266.786
v 766.92 -91.3056 275.554
v 926.937 12.273 242.757
v 804.103 9.07586 255.674
v 886.702 -36.1142 250.608
v 710.769 -115.514 279.382
v 866.871 -59.2737 265.866
v 819.462 -87.4582 232.376
v 784.834 -68.0243 283.636
v 956.646 21.7124 241.155
v 962.669 30.4392 236.863
v 935.263 16.3435 243.475
v 805.725 -72.7208 274.325
v 813.134 -66.4748 268.259
v 837.835 -35.1507 257.746
v 960.813 35.9919 235.936
v 948.965 -47.9435 248.084
v 943.495 0.533636 241.217
v 940.97 8.30765 244.624
v 751.705 -113.174 267.058
v 957.05 -27.528 244.657
v 952.52 -15.0606 251.989
v 722.802 68.4822 273.452
v 617.986 66.4287 262.077
v 899.096 -63.126 255.336
v 898.849 -21.0176 243.122
v 800.488 -26.6319 251.961
v 957.065 36.6627 240.044
v 628.584 74.0892 267.33
v 972.165 -36.7589 252.749
v 775.104 -101.659 247.154
v 690.082 -91.9306 305.824
v 712.367 70.9437 256.612
v 900.434 -11.3931 252.724
v 651.823 70.0683 254.248
v 743.589 -103.052 289.974
v 967.499 -21.1983 249.47
v 827.94 -25.3972 263.404
v 919.22 5.68648 253.251
v 936.357 9.97674 247.659
v 743.281 -109.232 282.427
v 943.599 -12.739 248.332
v 655.917 79.3588 257.499
v 822.947 -33.4435 263.008
v 924.03 -53.8109 253.923
v 969.229 -39.8768 256.701
v 723.642 -100.471 291.183
v 742.952 59.8272 275.29
v 862.65 -43.7463 270.999
v 829.971 -29.3825 268.713
v 674.249 79.5205 287.59
v 634.389 66.3851 262.375
v 828.064 -65.8063 263.983
v 927.34 10.3377 254.279
v 754.304 50.1048 267.062
v 703.975 -120.911 280.839
v 945.692 2.56675 256.872
v 943.665 3.6179 255.235
v 782.708 28.4771 261.188
v 939.114 8.90004 260.683
v 805.249 -22.6995 273.543
v 647.102 80.3035 274.851
v 866.937 -71.2908 272.045
v 925.045 4.53669 262.402
v 863.188 -51.4766 268.597
v 967.513 -8.98521 253.341
v 761.209 51.7154 275.782
v 997.259 -26.2234 254.383
v 743.077 -93.8849 290.137
v 969.922 -5.9435 257.859
v 692.574 -111.248 270.51
v 892.646 -72.7484 273.947
v 748.418 -87.2889 287.775
v 997.438 10.6458 251.286
v 788.799 3.51055 283.353
v 963.982 -33.1627 263.535
v 847.81 -49.6823 256.311
v 670.666 76.5647 278.045
v 892.082 -70.8677 267.771
v 997.932 -29.9695 259.643
v 925.057 -46.6177 262.441
v 982.489 -2.09939 255.194
v 780.898 -76.1394 274.779
v 884.669 -22.1441 279.711
v 908.151 -58.4127 275.483
v 964.99 -39.7296 259.511
v 979.969 -19.0347 259.71
v 807.133 -68.2597 270.313
v 910.586 -11.7639 264.215
v 791.416 16.6631 284.651
v 987.286 -29.3046 254.295
v 980.557 1.53697 257.99
v 954.085 7.38498 260.835
v 632.955 75.0174 293.722
v 694.828 -97.5177 306.609
v 960.597 3.01465 260.31
v 783.056 35.972 277.432
v 653.706 77.6262 277.131
v 895.295 -72.0114 282.383
v 1008.89 1.65517 253.868
v 1012.22 6.3742 256.504
v 999.196 12.6682 256.256
v 918.907 -43.3147 269.81
v 796.711 -65.8931 292.855
v 802.136 -80.0565 277.383
v 1009.38 14.5344 254.006
v 806.866 -55.7653 281.814
v 813.904 -15.7014 283.421
v 946.688 -34.6156 266.802
v 813.03 -15.8446 272.549
v 858.747 -85.6917 289.829
v 1000.71 -17.9697 258.887
v 685.312 -89.1402 306.773
v 986.653 -35.2829 264.197
v 981.205 -34.9549 266.573
v 987.583 -15.6862 262.552
v 753.657 -85.4478 287.699
v 974.322 -0.50748 263.557
v 680.184 -101.129 288.798
v 975.337 -25.1102 262.655
v 772.396 -73.2222 293.21
v 978.896 -0.750433 262.717
v 691.785 81.6809 276.509
v 679.965 80.7088 276.348
v 1003.61 -24.9006 259.152
v 1002.41 7.7444 259.621
v 860.763 -36.5884 279.064
v 902.344 -17.8591 270.105
v 710.343 77.6514 287.634
v 802.45 -54.6994 288.692
v 815.898 -24.1318 288.202
v 788.855 31.1135 269.812
v 696.485 74.7004 281.392
v 944.994 -20.2869 272.802
v 988.567 -14.4219 266.572
v 715.09 -100.185 295.044
v 991.369 -4.25485 266.009
v 917.788 -16.5298 268.672
v 938.276 10.2956 263.385
v 997.591 -28.2359 264.715
v 921.918 -35.1426 269.497
v 919.697 -24.4161 271.299
v 778.086 -64.8796 293.639
v 967.369 1.07827 263.777
v 1001.56 -24.4499 265.388
v 906.658 -25.3552 275.048
v 935.086 -9.7771 272.418
v 796.556 -22.1078 274.703
v 972.865 -21.0547 268.903
v 976.481 4.62503 264.261
v 1005.53 2.16647 259.325
v 979.182 -1.3814 266.442
v 818.006 -49.1705 280.045
v 963.31 6.63209 268.709
v 843.518 -62.9824 284.956
v 875.774 -26.4208 271.415
v 777.052 41.2813 298.038
v 988.964 -10.1582 268.037
v 976.056 -9.50072 269.056
v 785.524 -59.1161 296.034
v 662.462 81.1632 282.278
v 663.082 85.3714 284.104
v 948.071 -6.7957 277.004
v 998.045 16.5214 266.416
v 878.49 -23.8757 276.789
v 959.239 -16.7533 272.202
v 955.465 12.3442 270.225
v 951.288 13.241 274.034
v 754.8 50.4302 274.427
v 908.148 -35.9145 278.986
v 998.323 10.182 265.86
v 968.08 7.68655 271.371
v 759.201 -80.4192 299.145
v 680.802 83.4412 293.92
v 889.202 -71.7403 296.81
v 735.897 -94.9127 306.838
v 837.657 -52.7089 293.905
v 1007.9 18.0259 267.884
v 924.676 -3.45006 266.422
v 1008.87 10.5509 269.051
v 719.492 -91.9354 304.682
v 850.597 -82.8428 288.76
v 738.091 -84.0862 301.641
v 839.579 -40.3964 307.881
v 994.376 19.1396 269.471
v 728.738 67.7705 305.082
v 958.037 5.12838 285.828
v 771.749 39.6713 286.237
v 701.284 -101.445 303.626
v 966.56 8.90207 273.57
v 984.023 -5.25163 273.644
v 826.975 -49.825 312.095
v 728.447 -74.6639 322.744
v 745.857 -74.537 308.635
v 838.607 -81.2498 294.314
v 994.535 19.6182 273.678
v 687.753 85.2749 297.809
v 1010.85 12.7173 275.723
v 802.578 -63.5598 292.126
v 799.988 -40.3942 296.66
v 970.487 17.8751 278.984
v 786.885 -0.203648 294.24
v 954.789 -6.70348 277.045
v 781.679 8.17412 302.639
v 826.761 -62.2568 303.489
v 1006.09 8.59047 274.961
v 982.897 10.0944 276.28
v 904.741 -50.8937 283.496
v 980.216 -5.24271 278.909
v 781.31 -43.8351 308.945
v 691.823 81.3997 300.897
v 886.429 -25.0688 287.139
v 677.518 87.7457 292.303
v 1000.32 9.82663 277.497
v 980.349 0.790461 280.082
v 969.083 5.29537 276.518
v 948.795 8.32649 278.3
v 968.379 6.57619 289.265
v 660.469 83.6452 296.946
v 1006.94 14.1737 278.919
v 1008.14 19.9143 275.215
v 972.029 23.6672 289.25
v 760.758 52.753 282.385
v 963.255 -1.35614 277.87
v 892.908 -53.9835 299.385
v 830.451 -74.7643 299.288
v 885.906 -31.1871 296.318
v 727.48 -91.7797 313.689
v 636.051 80.0754 306.489
v 702.48 79.4904 308.36
v 738.703 -76.5494 308.466
v 856.24 -32.2807 308.018
v 764.757 44.8183 304.01
v 892.495 -40.4934 295.868
v 718.962 73.5168 299.132
v 966.976 19.1794 279.838
v 782.803 -121.562 311.972
v 828.83 -92.3346 311.443
v 787.097 -16.7124 316.657
v 784.074 27.9605 289.584
v 862.393 -90.04 298.322
v 752.431 -71.3986 314.252
v 813.912 -85.756 318.662
v 685.539 -76.0872 330.415
v 797.435 -11.9056 310.168
v 784.594 -111.164 313.954
v 792.809 4.99637 297.908
v 992.057 24.4553 289.253
v 772.796 -51.7842 311.19
v 691.768 -73.7942 339.1
v 989.006 31.0949 288.436
v 690.903 86.4736 301.432
v 623.614 64.4116 314.684
v 683.032 87.2927 306.321
v 843.432 -95.4293 308.07
v 744.158 -59.8211 326.447
v 703.827 76.7526 293.011
v 987.238 19.3705 293.363
v 990.223 26.4488 286.896
v 778.828 23.6356 308.366
v 679.154 87.9813 314.337
v 818.903 -58.4079 316.539
v 764.73 -63.7931 313.627
v 729.921 -86.9076 317.652
v 753.99 54.9877 306.197
v 783.205 15.0727 309.989
v 788.148 -108.178 322.957
v 981.53 18.9965 296.051
v 716.512 -73.0444 331.843
v 861.946 -32.8901 315.427
v 727.068 -62.2165 333.008
v 766.085 -110.267 333.877
v 776.79 18.2595 313.29
v 763.147 -47.6364 324.468
v 743.09 64.2968 315.506
v 694.428 -85.9446 324.291
v 726.975 69.5441 330.703
v 634.928 79.49 316.66
v 981.246 24.9935 295.756
v 767.128 46.0629 315.368
v 694.618 87.5323 320.754
v 710.421 80.4121 305.864
v 708.754 -72.4248 329.498
v 658.088 88.0223 318.275
v 789.092 -116.421 328.421
v 792.231 -100.811 321.22
v 835.321 -39.9068 321.276
v 985.8 30.5668 294.363
v 738.825 62.5033 313.689
v 828.388 -104.411 335.835
v 786.975 -25.9331 316.422
v 826.346 -101.802 329.045
v 990.514 27.9598 294.084
v 727.74 71.0374 298.018
v 642.657 81.0187 320.51
v 809.484 -94.4911 331.353
v 702.293 -69.2381 334.782
v 787.924 -106.017 334.297
v 858.919 -44.8853 339.59
v 766.241 -43.4711 323.33
v 678.124 -75.2064 336.032
v 654.033 79.7095 328.379
v 762.28 -124.222 342.173
v 742.116 -55.7831 330.864
v 762.805 45.7709 329.766
v 804.546 -86.2455 330.692
v 770.955 -23.9558 325.592
v 735.017 -58.4964 330.753
v 639.114 78.4754 319.609
v 762.326 -47.5056 326.809
v 772.953 26.8987 332.93
v 857.542 -96.2551 317.396
v 858.408 -85.1234 348.501
v 795.505 -84.2334 344.175
v 746.844 -66.3744 331.874
v 739.991 -62.9237 332.786
v 765.925 -44.8835 328.468
v 731.413 -77.689 338.241
v 714.933 -65.9519 339.044
v 707.978 80.7404 312.432
v 669.958 88.081 319.71
v 736.864 -73.4817 337.135
v 771.5 -24.6043 327.474
v 754.567 -65.2499 333.83
v 684.032 -87.4129 341.706
v 690.251 -74.3538 340.765
v 766.981 -37.3448 332.224
v 766.429 -53.2402 335.054
v 767.741 -45.1948 331.667
v 678.096 -76.5394 342.436
v 761.411 -61.2915 332.126
v 779.958 -15.8532 325.568
v 688.634 -86.7608 342.8
v 722.724 -72.5799 338.984
v 721.683 -66.7273 339.289
v 720.814 75.6275 325.717
v 877.48 -56.8212 323.776
v 657.966 85.0782 332.54
v 727.335 -86.3196 353.449
v 788.047 11.4127 320.322
v 695.406 -75.4934 346.628
v 780.386 -19.7351 334.058
v 768.622 33.7233 328.582
v 798.107 -111.3 344.972
v 698.85 -69.0497 342.777
v 858.085 -95.7105 328.407
v 643.201 79.0881 337.446
v 735.043 -80.9839 343.581
v 701.162 -76.2557 345.361
v 650.011 81.2115 343.636
v 680.405 88.7301 339.3
v 793.25 -96.7786 346.093
v 711.373 -67.062 343.596
v 769.139 -15.798 333.976
v 696.431 86.4096 334.567
v 861.023 -92.2751 333.093
v 770.775 31.315 330.589
v 708.914 -86.4305 348.186
v 688.859 -89.7546 351.592
v 693.762 -82.301 353.47
v 759.897 -115.957 354.506
v 795.489 -90.642 350.099
v 804.852 -57.4566 341.38
v 767.159 -33.8714 326.618
v 708.209 -69.8328 345.253
v 802.021 -112.303 349.932
v 766.837 31.7228 331.679
v 800.644 -49.7532 341.526
v 718.734 -80.6018 350.502
v 774.951 -27.6536 343.243
v 620.257 53.6092 337.256
v 833.721 -47.9822 361.912
v 768.136 -36.7026 343.387
v 770.438 -3.9001 341.519
v 728.924 66.1788 334.575
v 660.428 86.7455 331.859
v 681.502 90.7138 333.744
v 776.109 -16.1063 337.313
v 745.87 51.6088 345.86
v 707.614 83.8486 329.934
v 657.859 79.5457 344.669
v 782.584 -64.3123 342.082
v 836.835 -40.1399 339.665
v 782.9 6.5191 331.063
v 711.124 -97.2851 355.21
v 770.771 -66.5191 351.764
v 665.374 85.1681 351.545
v 745.916 -74.3127 354.479
v 785.856 -14.8776 345.427
v 709.673 -104.162 366.55
v 690.484 -88.9303 361.879
v 736.428 -98.2044 367.537
v 784.291 -24.8824 340.106
v 719.965 -91.2085 357.442
v 752.243 -66.8197 344.27
v 768.576 -32.5987 350.709
v 741.126 -78.0813 355.635
v 703.349 -81.6398 348.964
v 815.21 -42.2611 351.94
v 672.386 83.803 339.289
v 847.346 -96.479 353.363
v 773.546 -53.6807 350.386
v 784.925 -21.9774 350.127
v 680.466 85.7863 344.036
v 837.405 -102.971 347.927
v 815.433 -50.1709 343.569
v 765.249 -128.13 378.272
v 810.894 -50.2312 350.521
v 755.218 -69.0397 360.812
v 778.881 -1.92651 344.892
v 765.264 7.69223 350.932
v 766.915 -60.0798 352.319
v 643.751 75.7199 345.921
v 808.98 -110.522 358.983
v 722.538 -106.182 368.734
v 723.964 -101.104 365.847
v 822.298 -46.9749 350.887
v 786.23 -16.5926 353.192
v 715.787 78.1849 348.975
v 861.94 -52.5084 343.751
v 781.769 -6.13058 353.82
v 704.338 -87.2919 350.292
v 662.963 78.0266 364.838
v 831.882 -105.001 360.987
v 694.095 -95.4362 375.383
v 761.839 -63.829 354.766
v 769.712 7.54672 351.901
v 751.296 50.9953 345.73
v 844.795 -57.7649 366.324
v 763.841 -76.0073 359.477
v 761.945 -79.796 366.201
v 765.737 32.5233 345.959
v 862.047 -65.5718 348.438
v 781.29 -36.2377 355.682
v 754.994 40.2661 350.319
v 732.1 67.2165 337.349
v 690.123 86.201 350.609
v 761.38 -127.384 375.991
v 763.949 10.2577 356.733
v 765.612 -87.9529 353.097
v 700.618 -78.6489 353.45
v 699.788 86.8332 346.873
v 658.879 79.229 364.97
v 758.363 39.5027 349.22
v 735.994 63.5429 345.126
v 738.507 -92.4786 361.765
v 758.286 -71.1077 363.559
v 773.295 6.4915 353.304
v 692.058 83.4904 353.547
v 668.977 83.7433 348.161
v 742.928 50.9281 357.532
v 789.838 -39.4582 350.944
v 748.489 43.3368 359.648
v 733.073 -102.504 374.138
v 827.835 -46.3158 356.565
v 826.981 -37.4051 360.597
v 762.041 13.7218 354.879
v 725.031 74.7821 350.03
v 758.486 -123.997 368.015
v 811.805 -42.3407 350.245
v 679.995 85.9574 355.776
v 633.07 64.8156 362.583
v 759.843 -110.894 365.999
v 757.4 -105.485 382.856
v 782.06 -2.04844 359.323
v 665.221 81.7949 364.984
v 753.575 36.421 359.608
v 773.356 14.4452 364.574
v 805.557 -36.0725 358.405
v 766.1 14.9464 357.249
v 670.963 80.4012 365.478
v 751.01 -75.2207 377.075
v 774.477 13.7212 358.241
v 849.209 -67.0347 365.122
v 705.12 -109.817 391.347
v 704.859 -103.017 379.448
v 762.155 19.6209 358.882
v 758.34 26.4413 357.953
v 730.489 65.7939 364.866
v 635.347 68.5904 363.793
v 756.127 -109.589 394.733
v 828.389 -33.8741 362.008
v 764.065 11.8542 361.153
v 699.403 -89.9347 374.139
v 702.673 -93.0092 380.356
v 770.12 -124.171 369.935
v 732.53 -110.562 386.804
v 708.085 76.7933 363.305
v 689.486 80.5424 364.049
v 676.946 84.1256 366.38
v 647.921 74.1035 370.91
v 755.34 -76.8131 379.438
v 769.44 13.8754 372.51
v 767.37 -31.7922 366.326
v 785.825 4.35902 367.859
v 773.192 29.0299 370.533
v 751.244 39.7865 361.23
v 761.068 25.7043 364.416
v 838.398 -103.585 369.126
v 744.875 49.0311 361.802
v 661.5 82.0656 366.572
v 820.759 -27.8838 369.104
v 758.477 21.6897 358.489
v 703.53 -101.868 391.617
v 637.421 67.647 371.152
v 763.931 -90.1577 376.503
v 717.088 -111.377 396.017
v 838.239 -51.7729 367.26
v 738.639 -101.218 380.427
v 766.092 14.2378 372.084
v 720.663 76.9461 362.7
v 795.259 -32.2985 371.887
v 768.934 34.7761 367.622
v 839.483 -90.2521 373.498
v 738.003 60.8364 363.284
v 690.22 82.3633 365.852
v 828.241 -40.1832 372.758
v 830.804 -32.7903 374.918
v 780.222 -31.9217 361.811
v 785.63 -7.51616 366.605
v 739.948 -84.8594 370.607
v 782.755 12.3008 361.197
v 752.675 29.4129 372.546
v 716.419 73.1053 370.093
v 821.117 -20.7703 370.785
v 824.921 -20.4886 367.608
v 783.752 5.08339 376.055
v 664.275 81.6305 375.488
v 735.66 61.2793 373.313
v 744.003 -96.0881 398.329
v 640.68 70.4549 375.634
v 756.706 -86.3888 387.211
v 700.557 -98.4855 393.181
v 759.101 -122.19 394.55
v 831.697 -95.5105 377.47
v 752.512 -84.5531 395.116
v 697.596 -98.701 391.131
v 840.162 -95.3797 380.978
v 832.358 -84.8191 384.101
v 839.259 -65.1842 380.046
v 836.791 -54.4949 378.003
v 782.237 0.288442 387.653
v 766.972 15.092 384.875
v 767.229 42.3176 374.836
v 718.272 74.9402 369.474
v 711.334 71.6009 375.319
v 690.92 82.2308 374.068
v 846.492 -32.5956 373.461
v 756.6 36.2706 378.731
v 665.694 79.1258 378.622
v 766.569 -24.9285 380.725
v 753.935 30.1174 375.699
v 744.764 43.4774 378.152
v 836.159 -79.3413 383.813
v 790.876 -27.7216 383.985
v 773.083 35.046 369.749
v 697.629 -98.2517 401.518
v 723.49 65.0903 375.243
v 686.064 78.6438 377.56
v 836.969 -82.8085 387.525
v 828.087 -22.4091 382.763
v 823.657 -7.98088 384.047
v 714.948 72.3376 377.592
v 858.76 -45.449 378.943
v 694.884 -103.302 404.531
v 658.135 78.1507 382.761
v 837.811 -18.5971 377.673
v 642.79 70.4582 381.431
v 840.144 -60.7202 382.223
v 842.678 -24.4807 377.258
v 632.694 60.2634 389.324
v 737.229 -121.863 411.42
v 694.556 -105.657 397.373
v 687.544 81.5856 380
v 838.477 -74.7165 387.946
v 762.178 45.4105 379.424
v 746.085 61.5254 381.57
v 730.051 60.4512 379.523
v 852.361 -38.0043 376.198
v 631.399 61.783 391.68
v 842.499 -86.5011 390.698
v 814.244 -20.2451 382.514
v 741.296 -113.852 406.906
v 726.252 62.0128 386.289
v 675.58 81.9775 382.004
v 777.047 -17.7687 389.545
v 768.121 25.0954 380.163
v 834.84 -4.35393 392.119
v 819.755 -10.3932 379.314
v 765.446 51.9843 383.753
v 647.422 68.9496 392.35
v 632.614 67.9284 392.647
v 671.439 75.479 394.604
v 738.872 49.4001 384.513
v 702.637 73.3509 392.05
v 844.741 -81.5839 395.348
v 736.27 68.4832 395.455
v 786.211 -111.838 416.303
v 823.554 -5.56089 388.623
v 772.148 5.96961 389.979
v 727.801 65.9175 387.5
v 778.159 -118.307 397.341
v 747.156 63.3932 385.329
v 808.272 -15.1065 397.618
v 733.87 55.0663 388.191
v 714.907 75.937 388.728
v 639.676 71.4694 392.625
v 838.838 -24.181 393.281
v 786.879 -22.3335 397.456
v 734.713 60.5087 392.383
v 813.371 -16.7173 389.621
v 728.926 63.3912 396.543
v 751.653 57.3947 392.803
v 741.254 68.4514 390.755
v 873.814 -51.914 393.169
v 769.151 48.9014 393.411
v 661.824 73.4566 394.865
v 818.857 -11.5022 400.395
v 728.987 73.9145 392.812
v 626.635 66.3934 403.923
v 637.249 78.6867 401.491
v 761.086 50.6274 395.315
v 705.886 -115.734 411.529
v 837.464 -8.23208 388.159
v 828.999 -3.03612 392.034
v 634.772 63.4356 401.261
v 743.629 -127.888 418.557
v 746.128 -104.359 408.835
v 841.12 -37.2296 399.512
v 763.652 24.6843 396.008
v 770.116 43.3482 387.775
v 667.922 82.0575 397.348
v 777.575 3.33837 410.483
v 724.607 78.3198 398.33
v 697.175 80.361 394.966
v 871.603 -59.434 393.644
v 690.892 75.7031 395.988
v 876.242 -68.8 397.667
v 649.895 77.1473 394.221
v 849.415 -85.8391 401.287
v 855.08 -92.0784 403.904
v 750.001 -106.917 413.259
v 703.888 82.8803 395.474
v 699.581 -119.932 424.589
v 831.688 -6.09856 400.217
v 773.713 -10.6791 407.655
v 778.12 -4.50842 408.344
v 769.762 8.2626 417.807
v 664.894 84.7806 401.43
v 883.657 -80.5693 403.909
v 856.026 -50.7878 398.184
v 689.91 81.71 397.836
v 850.908 -49.5032 401.437
v 779.424 -0.875601 406.26
v 769.96 -15.8968 394.746
v 762.232 20.3817 405.89
v 682.493 89.2007 405.143
v 732.284 -123.082 412.476
v 717.055 -121.835 428.546
v 835.055 -14.0878 420.539
v 725.012 69.3244 400.166
v 874.966 -53.9257 397.725
v 877.673 -79.6606 416.192
v 870.605 -70.6062 413.919
v 699.114 85.0408 407.183
v 670.175 91.0937 402.705
v 769.025 47.6053 404.529
v 765.126 51.0783 409.163
v 736.156 71.0967 403.719
v 799.719 -11.1433 407.923
v 725.26 67.8618 406.946
v 773.806 -122.834 425.883
v 844.066 -43.7261 413.637
v 637.205 67.0466 405.797
v 780.814 -110.467 419.868
v 644.449 71.4269 421.776
v 851.74 -65.9999 419.471
v 711.355 84.4558 409.244
v 648.906 81.1198 409.732
v 708.399 -121.583 434.76
v 711.562 81.9824 405.54
v 632.39 68.1779 426.972
v 643.132 83.3499 411.806
v 663.612 88.4387 411.791
v 695.899 87.4299 408.768
v 708.783 84.0388 420.188
v 670.721 85.1265 414.093
v 861.609 -69.9625 416.732
v 775.706 -5.14195 423.033
v 774.755 -5.05439 416.908
v 753.764 51.4137 412.554
v 642.482 81.9305 426.376
v 778.964 -10.3457 407.318
v 843.732 -57.6093 423.182
v 784.377 -7.75157 424.082
v 803.235 -107.364 449.06
v 733.348 -132.21 443.289
v 805.053 -8.09944 417.584
v 644.387 69.7207 424.654
v 710.276 73.6087 426.758
v 717.816 70.9055 416.157
v 760.265 25.6763 429.33
v 757.873 52.4956 427.745
v 765.803 45.7601 419.03
v 850.484 -67.3962 429.339
v 831.037 -11.3953 419.749
v 819.16 -11.7301 411.58
v 636.805 78.8087 411.099
v 789.662 -10.2068 418.498
v 773.523 12.2338 432.598
v 741.585 56.3146 416.537
v 730.304 72.2164 412.065
v 765.541 12.298 415.257
v 870.393 -72.3542 424.903
v 769.247 -121.192 435.066
v 872.431 -78.1349 428.244
v 644.158 66.9654 447.346
v 777.763 -108.885 474.014
v 861.098 -71.2805 430.018
v 780.232 0.191632 434.838
v 681.625 81.4751 429.883
v 829.694 -88.3922 439.022
v 808.047 -7.1286 425.911
v 774.564 0.688728 436.136
v 850.208 -65.8226 443.18
v 831.019 -12.5796 442.387
v 710.644 70.3621 434.594
v 727.044 -134.245 473.056
v 820.247 -10.2218 444.166
v 838.015 -94.9971 435.697
v 822.064 -91.3375 437.085
v 762.07 44.5098 445.218
v 660.712 85.3594 424.84
v 778.302 -104.061 449.426
v 857.77 -67.503 451.805
v 698.241 67.0093 468.389
v 782.39 -98.6225 450.42
v 829.074 -10.2552 437.84
v 737.063 55.0078 433.3
v 856.814 -63.0444 450.419
v 833.155 -33.8568 435.147
v 767.373 19.8811 454.19
v 776.764 -115.823 443.749
v 749.757 51.4942 433.055
v 802.154 -97.5844 463.523
v 652.723 75.44 457.612
v 760.877 30.8989 455.25
v 721.945 71.8989 430.706
v 671.308 73.898 445.022
v 650.061 66.3972 453.455
v 841.282 -60.6275 441.987
v 788.234 -4.11621 439.524
v 752.37 55.1252 442.948
v 690.691 78.7075 447.779
v 833.614 -49.9096 452.509
v 780.17 -107.446 471.945
v 796.189 -2.65233 446.374
v 829.39 -79.0277 457.722
v 644.591 75.1383 439.77
v 784.047 -92.1389 476.53
v 775.065 9.10703 447.628
v 773.479 4.65579 452.219
v 763.544 21.2605 445.73
v 832.5 -26.632 430.44
v 641.084 61.9265 472.807
v 849.415 -73.4609 460.372
v 740.011 53.8258 448.593
v 798.519 -0.172513 461.782
v 818.856 -78.1849 458.029
v 686.111 74.1951 467.923
v 841.028 -57.4121 455.951
v 813.573 -7.34692 448.39
v 820.925 -90.2335 474.852
v 754.78 -110.28 458.25
v 698.511 81.2004 438.596
v 690.139 74.6784 464.266
v 804.039 1.58316 463.923
v 779.73 6.16646 450.101
v 662.548 72.4107 452.202
v 804.847 -1.73112 476.687
v 832.659 -47.0126 471.517
v 823.7 -10.4854 462.293
v 742.956 57.2932 463.445
v 770.191 11.864 480.605
v 651.863 67.0945 469.262
v 839.987 -46.8164 471.061
v 768.633 24.468 470.305
v 751.361 -103.246 472.795
v 785.599 14.4809 488.166
v 794.073 -89.693 474.624
v 824.173 -23.1587 458.478
v 654.363 70.9753 473.721
v 752.506 -100.152 479.634
v 677.624 71.4388 462.33
v 662.431 64.6962 486.281
v 831.099 -65.0982 475.359
v 708.722 69.0872 463.08
v 656.053 60.7128 486.687
v 735.148 -142.703 500.252
v 839.626 -53.3601 480.925
v 824.512 -35.51 473.301
v 718.449 63.1462 463.319
v 784.164 -84.2114 507.701
v 736.482 59.064 482.041
v 755.915 -105.075 496.748
v 807.178 -87.5334 475.656
v 700.666 66.112 485.567
v 691.762 67.3558 470.27
v 815.529 -80.4054 464.479
v 758.552 43.3075 471.111
v 819.479 -4.95754 467.759
v 773.968 18.5177 475.288
v 816.421 -61.0751 484.226
v 731.094 59.2795 480.287
v 810.475 -3.8821 474.011
v 780.033 -95.9647 503.563
v 684.423 60.2794 494.397
v 770.939 28.9615 486.728
v 803.134 -80.6643 492.894
v 791.89 12.586 487.983
v 778.864 18.1974 484.495
v 759.907 -111.818 509.064
v 835.153 -36.3933 489.651
v 776.199 12.1564 475.695
v 816.273 -78.345 488.495
v 817.1 -52.4456 497.565
v 815.824 -9.26563 483.779
v 820.109 -79.236 483.384
v 763.088 -96.4707 509.736
v 706.723 63.1535 492.214
v 680.012 67.5908 488.646
v 655.859 65.803 484.948
v 761.976 27.9266 474.744
v 669.69 62.1269 494.986
v 810.438 3.71715 496.386
v 766.124 30.5745 502.405
v 758.629 33.4419 488.303
v 750.898 -93.0878 528.332
v 754.445 -97.6839 501.489
v 747.14 46.9443 482.437
v 798.696 6.66224 497.675
v 772.181 23.6323 492.965
v 654.744 56.8076 499.494
v 809.634 -70.112 501.207
v 812.244 1.49169 483.833
v 761.919 29.4317 492.438
v 730.374 58.7717 496.555
v 822.562 -46.8217 496.347
v 662.33 52.9671 504.185
v 827.097 -34.7051 489.713
v 663.404 57.3707 503.53
v 833.063 -33.5071 491.034
v 751.553 42.2284 501.378
v 818.124 -60.8006 501.337
v 791.562 -79.8375 503.347
v 701.458 58.0561 506.072
v 671.586 57.3298 510.241
v 772.687 22.5058 499.996
v 755.688 31.7503 506.183
v 647.08 52.208 502.225
v 682.615 51.4785 515.873
v 825.595 -24.7003 503.293
v 818.88 -24.0894 501.164
v 778.875 24.7598 502.366
v 759.551 30.1875 511.254
v 744.531 44.1391 501.336
v 781.337 19.479 505.121
v 723.357 56.9649 505.758
v 766.379 -89.9864 508.82
v 805.508 2.77321 509.771
v 664.181 45.0045 520.121
v 648.531 53.8636 507.951
v 791.261 11.5737 511.096
v 818.116 -22.972 516.021
v 696.997 45.9319 527.998
v 670.693 45.7668 523.628
v 765.145 -107.992 528.254
v 785.111 -67.4814 532.148
v 781.129 15.8669 518.875
v 750.23 -89.677 528.731
v 810.658 -10.1993 518.194
v 809.588 -46.9683 524.164
v 756.411 -101.722 531.128
v 796.719 10.8399 514.293
v 668.087 47.2524 519.953
v 769.9 -80.5989 536.408
v 779.969 -65.2822 540.842
v 753.939 -82.7517 533.424
v 819.246 -18.1886 514.7
v 773.512 22.5101 517.002
v 794.183 -71.2486 519.027
v 769.68 29.3697 520.453
v 662.215 43.0363 527.501
v 668.581 47.991 525.355
v 816.264 -38.6038 510.548
v 662.679 46.4908 523.036
v 733.197 42.452 524.304
v 775.28 14.5158 531.933
v 668.133 44.3146 528.258
v 796.057 -57.2465 535.457
v 744.888 29.6205 530.471
v 714.789 45.4652 525.766
v 730.946 43.1923 519.523
v 779.293 -111.472 535.552
v 747.233 -75.3435 555.083
v 765.071 30.8797 523.418
v 807.8 -12.1448 534.995
v 716.707 46.2288 532.946
v 796.577 12.6431 519.958
v 753.218 25.4799 528.154
v 748.323 -94.177 548.198
v 789.713 12.7431 531.81
v 759.472 -103.208 538.566
v 763.034 16.2018 539.449
v 714.879 34.6182 544.037
v 693.573 44.5479 532.86
v 799.666 2.4064 533.095
v 762.865 -72.3397 545.578
v 809.845 -23.1512 535.141
v 730.289 35.5517 535.208
v 666.355 41.9808 527.996
v 803.094 -34.8769 538.378
v 648.543 27.5075 547.169
v 791.188 -22.9752 557.691
v 745.182 13.2152 551.681
v 678.2 22.1817 556.395
v 693.876 32.5017 547.442
v 696.673 34.4652 548.468
v 740.644 -82.5678 565.51
v 778.959 8.52176 549.86
v 708.162 27.3733 556.033
v 742.92 -72.748 563.995
v 756.143 -101.391 561.959
v 804.466 -2.82913 536.959
v 668.962 18.8204 557.159
v 788.158 -164.702 -241.294
v 748.036 -105.632 -233.214
v 751.283 -68.7274 -253.638
v 714.5 -28.1828 -246.195
v 723.505 -61.3156 -252.751
v 653.215 -83.9264 -228.504
v 647.631 -101.321 -206.156
v 710.278 -35.5573 -259.494
v 658.766 -96.4747 -233.107
v 654.737 -82.8977 -237.284
v 704.642 -21.8475 -234.689
v 642.019 -141.892 -209.954
v 642.875 -163.47 -212.66
v 744.49 -94.5968 -225.088
v 679.437 -26.7487 -235.028
v 769.32 -119.747 -228.575
v 614.382 -93.9242 -242.116
v 785.963 -104.294 -249.14
v 736.326 -102.408 -227.372
v 660.16 -74.3637 -232.588
v 749.025 -81.3411 -240.646
v 749.246 -58.4964 -245.622
v 606.364 -87.8939 -206.966
v 751.172 -108.604 -221.756
v 719.63 -56.1558 -225.174
v 784.832 -108.886 -230.576
v 706.739 -16.4319 -246.65
v 641.176 -151.846 -228.812
v 718.265 -15.8241 -225.481
v 663.23 -27.975 -218.889
v 794.378 -163.955 -222.763
v 781.536 -147.068 -216.48
v 732.962 -70.012 -236.146
v 757.813 -62.0822 -236
v 763.11 -123.374 -217.854
v 787.284 -111.638 -224.77
v 654.876 -35.599 -229.09
v 758.814 -75.054 -215.407
v 652.929 -78.5121 -208.343
v 809.38 -156.34 -221.169
v 628.463 -131.857 -210.058
v 806.908 -159.888 -226.185
v 750.644 -113.426 -227.568
v 742.835 -105.53 -234.375
v 649.198 -84.6913 -208.341
v 786.492 -119.183 -224.367
v 637.755 -135.755 -201.938
v 644.48 -102.124 -206.318
v 708.746 -16.2281 -248.65
v 755.238 -58.6406 -217.462
v 754.07 -122.736 -221.827
v 636.272 -150.012 -207.052
v 726.875 -69.1675 -224.786
v 693.138 -27.0348 -190.24
v 777.52 -112.891 -225.4
v 824.048 -156.121 -221.051
v 747.751 -65.8424 -221.623
v 789.204 -152.105 -214.579
v 794.111 -147.284 -202.038
v 639.229 -137.778 -182.496
v 783.589 -115.156 -196.544
v 754.174 -86.365 -214.309
v 718.872 -10.4889 -213.393
v 779.302 -131.415 -225.217
v 631.851 -94.9235 -193.184
v 616.733 -83.776 -198.69
v 743.402 -101.453 -200.828
v 656.295 -23.8032 -208.166
v 790.314 -149.607 -206.377
v 758.861 -122.443 -196.892
v 714.133 -44.4228 -233.24
v 671.539 -23.9551 -212.087
v 820.782 -130.36 -191.205
v 637.32 -156.905 -181.572
v 697.088 -25.8683 -229.532
v 785.407 -117.785 -202.903
v 754.495 -119.116 -189.369
v 640.068 -141.934 -190.418
v 742.076 -71.8465 -195.372
v 645.71 -85.743 -187.078
v 776.751 -138.591 -200.529
v 807.048 -131.542 -194.958
v 637.559 -145.486 -205.332
v 742.716 -106.039 -194.472
v 651.155 -47.5521 -204.062
v 683.371 -24.7996 -205.817
v 734.614 -73.938 -189.409
v 649.205 -36.024 -195.481
v 751.922 -109.411 -199.994
v 799.585 -132.178 -192.268
v 773.938 -117.449 -203.794
v 739.31 -71.502 -218.137
v 719.025 -25.0016 -223.528
v 779.977 -114.832 -199.233
v 634.834 -149.645 -183.399
v 717.047 -41.549 -201.962
v 714.292 -11.058 -216.236
v 763.452 -65.196 -198.282
v 723.874 -16.2732 -206.888
v 724.458 -6.07141 -184.817
v 676.414 -21.2436 -186.391
v 745.025 -109.709 -193.471
v 647.206 -96.2237 -196.512
v 757.23 -57.5668 -204.427
v 606.673 -75.1759 -166.635
v 657.091 -12.176 -172.131
v 781.911 -122.295 -201.696
v 767.713 -118.109 -182.669
v 726.743 -69.3646 -192.976
v 648.62 -77.3615 -186.42
v 628.549 -128.64 -162.143
v 641.434 -88.971 -173.23
v 634.32 -144.736 -176.804
v 752.3 -59.4978 -197.745
v 778.865 -138.087 -190.835
v 717.772 -44.1121 -184.214
v 780.677 -124.154 -169.23
v 750.12 -101.026 -158.833
v 643.819 -35.7475 -171.299
v 757.183 -89.6521 -186.348
v 771.661 -116.51 -171.516
v 751.246 -111.776 -181.093
v 652.552 -18.1592 -188.591
v 782.223 -118.157 -187.217
v 763.777 -72.7129 -183.191
v 654.36 -10.0803 -167.114
v 838.016 -147.604 -194.073
v 790.258 -135.375 -186.714
v 777.506 -119.058 -172.083
v 739.753 -73.4114 -179.971
v 627.864 -84.5129 -146.905
v 640.638 -57.7192 -164.683
v 720.828 -6.17348 -179.841
v 719.435 -47.5976 -165.329
v 755.807 -55.6833 -173.173
v 830.745 -124.965 -178.443
v 745.329 -110.249 -177.25
v 765.54 -61.407 -173.536
v 722.106 -63.2886 -190.818
v 760.317 -56.4112 -180.308
v 748.378 -62.8509 -171.256
v 720.58 -56.4295 -168.87
v 707.079 -23.2512 -192.722
v 812.528 -122.177 -184.48
v 641.189 -45.1075 -170.287
v 663.707 -14.9512 -165.984
v 755.589 -116.586 -170.132
v 637.78 -90.4804 -169.249
v 700.838 -26.6743 -179.423
v 833.616 -125.796 -170.525
v 726.199 -18.5125 -171.327
v 633.5 -78.0737 -134.353
v 706.991 -22.6822 -154.052
v 839.436 -139.186 -165.094
v 838.843 -125.393 -159.295
v 771.649 -112.363 -157.749
v 641.356 -72.6928 -157.324
v 778.094 -116.105 -159.842
v 737.716 -71.12 -149.952
v 822.387 -104.965 -163.748
v 799.955 -93.8708 -152.444
v 749.394 -108.473 -154.387
v 732.74 -71.2069 -160.867
v 713.173 -14.5795 -128.303
v 759.781 -88.0732 -149.51
v 729.866 -15.5047 -150.759
v 724.755 2.09179 -137.128
v 633.54 -49.1466 -135.341
v 844.174 -134.708 -145.938
v 811.513 -99.1051 -157.631
v 633.749 -62.819 -124.543
v 764.694 -55.7705 -139.982
v 725.893 -28.1389 -150.095
v 838.065 -123.536 -150.269
v 765.24 -66.5957 -143.639
v 752.506 -52.4704 -132.886
v 791.675 -99.0228 -154.701
v 729.26 1.966 -136.982
v 637.709 -34.1555 -139.287
v 653.267 -5.1952 -149.733
v 757.674 -90.4592 -125.376
v 628.022 -79.5708 -131.447
v 825.903 -104.626 -150.586
v 725.226 -1.74306 -164.176
v 757.535 -105.158 -142.186
v 756.389 -49.2632 -127.593
v 637.341 -74.5428 -141.09
v 728.874 -65.0792 -143.079
v 773.762 -105.277 -145.31
v 755.653 -92.6596 -132.299
v 729.697 -8.17924 -158.782
v 841.883 -132.593 -142.236
v 833.022 -106.467 -136.756
v 634.26 -34.2333 -111.911
v 725.452 -32.5785 -125.98
v 840.018 -137.627 -134.503
v 647.827 -11.3743 -118.06
v 763.604 -65.5946 -120.043
v 733.191 -63.0857 -117.023
v 607.727 -69.1326 -132.245
v 759.466 -50.3752 -118.695
v 658.796 -2.01327 -137.605
v 721.084 -44.5012 -133.513
v 724.119 -59.5896 -144.06
v 702.468 -23.1293 -125.835
v 668.942 -11.8403 -132.298
v 804.789 -74.2252 -134.623
v 751.654 -49.4025 -108.767
v 727.025 -23.2201 -127.349
v 631.768 -51.286 -110.506
v 655.215 4.19633 -123.332
v 687.098 -17.0099 -103.016
v 817.623 -76.0076 -118.553
v 797.558 -60.7816 -117.764
v 785.7 -78.019 -128.713
v 737.95 -61.7276 -104.218
v 704.806 -19.7302 -109.924
v 773.375 -85.7514 -125.245
v 725.417 -49.7727 -111.025
v 636.41 -28.1126 -89.9974
v 624.609 -61.7796 -91.0005
v 790.396 -54.7545 -110.69
v 825.04 -84.466 -113.429
v 722.879 -43.1178 -115.352
v 831.087 -109.708 -102.198
v 745.757 -64.1112 -144.094
v 765.588 -71.2708 -107.114
v 620.048 -61.7422 -89.8157
v 629.069 -62.0182 -98.1267
v 672.63 -9.32831 -109.915
v 725.127 7.35737 -108.604
v 765.7 -59.6075 -98.7275
v 652.79 8.84407 -102.747
v 829.716 -121.786 -101.538
v 761.253 -52.9923 -112.914
v 696.159 -24.3156 -135.924
v 734.309 -4.96563 -104.264
v 790.666 -43.6724 -99.4211
v 836.398 -110.638 -121.62
v 628.449 -34.1719 -76.1675
v 667.004 3.6892 -98.9007
v 840.92 -122.152 -92.1547
v 816.66 -67.7527 -88.4022
v 627.714 -44.2082 -74.6484
v 839.627 -130 -91.6553
v 728.718 9.35098 -102.802
v 646.329 -8.08062 -68.8632
v 600.907 -42.7118 -74.269
v 710.919 -8.77801 -88.3656
v 801.881 -54.0105 -103.668
v 829.834 -103.057 -89.5399
v 828.52 -95.8596 -99.7742
v 723.618 -38.4614 -106.906
v 615.373 -59.2677 -87.098
v 762.949 -63.0038 -97.0434
v 731.668 -40.0972 -67.5613
v 748.828 -46.4852 -87.5021
v 655.032 14.3335 -90.383
v 734.798 -55.5637 -88.176
v 659.206 14.2001 -87.3245
v 755.098 -46.1517 -86.034
v 694.091 -14.3844 -65.4195
v 840.361 -122.184 -99.2654
v 771.533 -32.4075 -82.8554
v 758.031 -51.3729 -83.9571
v 825.753 -80.7591 -80.5605
v 728.544 -28.5669 -86.3092
v 737.565 -49.202 -73.2154
v 613.079 -44.5537 -54.3299
v 648.378 -5.85818 -85.162
v 723.583 -40.0307 -89.4667
v 749.226 -42.3234 -76.5433
v 829.131 -121.544 -67.3877
v 836.024 -95.1892 -84.9282
v 834.888 -104.812 -90.8693
v 861.608 -133.355 -92.1157
v 839.664 -115.471 -72.0401
v 841.899 -102.896 -65.2463
v 618.789 -41.4838 -47.0303
v 829.828 -78.2926 -77.0121
v 780.311 -30.0899 -84.8467
v 736.425 1.36651 -64.2065
v 841.228 -122.005 -83.0773
v 772.762 -12.1463 -61.5746
v 793.208 -28.0826 -78.6859
v 837.358 -97.6191 -76.3875
v 831.821 -77.9562 -70.5291
v 676.158 -4.31362 -73.9432
v 651.931 22.7247 -53.1996
v 640.952 -15.9496 -74.0229
v 658.679 26.0698 -43.9139
v 724.045 -33.0786 -74.2166
v 686.075 -9.56983 -55.991
v 632.79 -25.2826 -64.067
v 727.784 -22.8959 -82.03
v 835.306 -86.2076 -57.0562
v 674.321 6.05685 -58.4135
v 724.6 -32.6073 -53.3219
v 903.18 -104.274 -65.5542
v 902.261 -113.769 -70.5407
v 827.023 -123.639 -58.8719
v 850.629 -115.888 -54.064
v 909.16 -102.584 -58.4766
v 806.798 -29.525 -57.4592
v 806.888 -41.2787 -67.6959
v 795.101 -16.9836 -58.0743
v 747.916 -36.5079 -62.4932
v 756.09 -25.4249 -65.0343
v 827.424 -105.771 -48.5838
v 899.09 -106.286 -63.3947
v 648.123 0.467408 -52.0887
v 649.007 17.0271 -48.3336
v 698.044 -8.46018 -43.452
v 832.006 -110.537 -44.08
v 730.273 15.4161 -64.0672
v 909.711 -99.9433 -55.7208
v 621.405 -32.1828 -44.4216
v 827.116 -111.899 -47.6106
v 761.362 -18.8178 -64.0938
v 726.685 15.3875 -65.4565
v 632.177 -11.2559 -40.0971
v 826.273 -130.918 -52.0291
v 825.33 -104.69 -43.7184
v 835.831 -104.504 -56.801
v 627.25 -28.2322 -47.9436
v 727.366 -15.113 -42.0236
v 654.465 27.2325 -42.9745
v 889.674 -109.048 -40.2401
v 689.504 -6.90658 -33.3323
v 836.981 -82.1637 -40.2519
v 782.982 -1.3691 -22.6683
v 922.14 -106.598 -41.1756
v 900.068 -101.453 -53.3641
v 831.941 -111.885 -39.8786
v 781.254 -10.2141 -58.8179
v 732.907 -3.59843 -54.5486
v 761.54 -8.08843 -42.9601
v 735.563 2.62436 -40.9482
v 702.052 -12.8654 -69.6377
v 754.226 -14.7295 -44.2524
v 728.819 -13.4181 -26.1369
v 863.175 -115.641 -58.0418
v 724.486 -26.4848 -42.4955
v 721.334 9.78223 -56.7121
v 734.184 -30.2794 -28.9541
v 836.427 -92.8671 -45.6216
v 807.216 -35.2722 -45.3115
v 798.062 -19.3056 -43.9594
v 710.017 1.95144 -33.9955
v 921.486 -103.839 -40.2059
v 622.314 -20.6919 -14.4036
v 647.601 6.54364 -26.4659
v 818.103 -58.2575 -41.8162
v 824.037 -100.448 -32.1261
v 853.325 -97.6719 -19.9776
v 736.583 8.83719 -27.1142
v 828.994 -73.7458 -23.8315
v 649.539 32.9734 1.82199
v 924.403 -103.403 -33.9151
v 869.756 -117.184 -20.9974
v 888.058 -110.064 -26.9636
v 855.9 -107.548 -43.3573
v 829.608 -104.552 -16.9621
v 822.345 -63.8531 -36.4358
v 681.16 -2.19359 -40.901
v 901.177 -105.706 -34.5383
v 820.833 -95.6602 -23.3492
v 828.179 -115.079 -23.3116
v 791.221 -10.1062 -38.2264
v 833.447 -116.05 -20.6539
v 740.963 -16.3908 -11.8732
v 713.879 13.1342 -15.2882
v 832.67 -72.3409 -28.5537
v 646.949 13.4127 -3.74206
v 820.999 -77.3923 -21.3472
v 727.242 -24.1586 -18.706
v 765.735 -0.694237 -27.7858
v 817.765 -88.0286 -16.9561
v 835.841 -95.2115 -24.7545
v 832.411 -97.7776 -9.26416
v 614.382 -32.0147 -22.6167
v 752.398 -2.89989 -16.9381
v 894.989 -109.118 -19.1289
v 833.673 -85.4907 -14.9108
v 669.178 17.5111 -28.8673
v 911.757 -103.73 -23.3976
v 658.994 33.8917 -13.0994
v 798.255 -14.2224 -17.1143
v 612.107 -19.9254 9.45171
v 926.011 -100.339 -15.557
v 867.23 -104.281 -25.8832
v 861.793 -96.9991 -19.9762
v 847.469 -104.185 -21.9893
v 835.926 -83.2994 -3.90353
v 836.373 -114.806 -19.9442
v 884.409 -116.58 -11.5827
v 904.953 -96.0124 -12.3534
v 644.292 3.9351 -15.3534
v 652.899 38.3099 12.4778
v 924.382 -92.4728 -18.0044
v 698.328 -1.1838 -5.012
v 687.211 0.890531 7.16839
v 726.468 25.2254 -17.2441
v 822.049 -42.3262 1.72902
v 894.094 -107.927 -12.5209
v 921.151 -88.0706 -14.6505
v 812.813 -42.1595 -14.8853
v 829.886 -106.378 -3.99669
v 833.11 -99.852 8.52945
v 869.558 -104.7 -0.528024
v 730.36 22.7199 -14.2509
v 822.028 -83.5498 -4.59298
v 771.976 7.21991 -1.06987
v 816.379 -59.6272 0.480775
v 673.162 15.1527 6.6821
v 889.395 -95.7858 -3.98235
v 749.906 6.78153 12.5753
v 736.559 10.4501 -10.6835
v 717.949 22.3639 -9.60383
v 921.063 -88.6964 -5.81581
v 827.036 -55.4445 -16.4059
v 820.092 -50.1771 -0.0368122
v 876.617 -115.246 -7.56515
v 907.54 -83.1162 -7.97537
v 899.407 -84.3271 -6.69966
v 828.279 -104.852 -5.67497
v 627.749 -4.80994 -3.97056
v 918.375 -91.7092 8.85538
v 846.153 -93.5649 1.61758
v 831.959 -74.8673 0.461739
v 679.873 9.75101 -12.0388
v 835.483 -77.1571 -1.13378
v 734.87 -10.5298 14.5525
v 730.115 -14.1015 3.77737
v 611.122 -10.3953 29.5049
v 889.051 -85.1702 -2.62902
v 875.1 -93.9223 7.1275
v 832.778 -76.3455 20.5578
v 870.989 -98.9707 6.87255
v 817.182 -72.5078 7.03671
v 815.12 -28.8794 12.0884
v 865.87 -92.4445 14.8745
v 682.399 9.68893 20.2769
v 661.883 38.7739 19.9371
v 877.426 -85.6675 5.86962
v 817.285 -50.6936 19.7352
v 734.008 18.7561 26.4569
v 825.212 -69.8522 14.5297
v 728.319 -6.69494 8.7734
v 664.798 32.8352 8.46325
v 814.858 -46.2368 9.46557
v 648.469 27.6901 31.0297
v 879.153 -86.76 10.9682
v 855.285 -79.3048 13.4393
v 807.77 -19.8319 12.8155
v 853.353 -83.1728 6.17962
v 817.698 -55.4416 27.7746
v 645.45 18.602 26.8219
v 862.111 -85.8141 12.1493
v 904.62 -92.4819 11.333
v 761.528 13.0906 18.5534
v 729.043 -7.27437 21.935
v 701.03 11.0576 28.5434
v 834.494 -91.3384 23.4503
v 657.392 40.5964 17.3536
v 911.167 -92.2649 16.051
v 874.404 -83.2087 12.2184
v 888.795 -90.033 10.0268
v 895.881 -97.4936 16.1992
v 829.777 -93.1935 17.9086
v 881.638 -98.0705 22.9439
v 812.17 -41.933 21.1622
v 869.125 -84.7474 18.5934
v 692.573 0.22258 13.6516
v 821.72 -61.1554 26.484
v 708.064 22.6347 23.9719
v 726.148 32.933 34.8258
v 904.998 -109.722 9.84769
v 863.776 -85.6907 23.6349
v 731.825 -5.50763 27.5797
v 908.275 -98.294 27.6358
v 659.924 44.1159 44.0946
v 828.28 -88.6881 21.3981
v 831.498 -61.3223 19.4466
v 826.508 -55.8019 28.8203
v 728.854 4.18267 30.7038
v 890.929 -99.7704 23.5989
v 912.134 -93.2717 18.1305
v 873.161 -87.5856 33.6442
v 882.384 -99.3808 33.3821
v 745.902 16.5273 43.9197
v 678.086 14.6241 41.7533
v 815.049 -32.5568 41.6576
v 866.442 -81.3775 28.7203
v 862.928 -80.6372 37.8951
v 769.53 21.8528 46.134
v 791.956 11.1056 46.9782
v 690.013 6.55199 35.9511
v 818.888 -48.7675 43.1944
v 809.591 -24.3304 47.0957
v 795.451 -2.24032 9.97122
v 655.547 46.7921 48.3085
v 903.138 -103.489 37.3256
v 802.17 -1.72468 44.456
v 857.568 -73.7132 28.6041
v 831.126 -55.6549 49.2009
v 698.088 15.9055 50.7382
v 721.766 30.2075 15.1912
v 883.035 -97.1509 45.8629
v 672.118 18.9264 34.3956
v 898.425 -93.5324 52.2645
v 841.502 -80.5495 32.8045
v 824.736 -78.5726 44.0708
v 844.87 -65.7751 47.0252
v 827.125 -82.0425 42.5775
v 890.92 -96.3982 31.5097
v 807.449 -17.5399 43.6573
v 811.394 -19.6914 27.197
v 730.23 26.313 14.4045
v 736.679 8.19689 42.9291
v 684.312 13.1548 53.7501
v 902.893 -88.7472 29.4243
v 731.088 13.0683 61.6332
v 621.444 9.32033 44.8602
v 853.404 -64.7004 43.4651
v 784.628 10.3521 21.3534
v 901.521 -98.4789 48.1758
v 652.593 46.6809 55.219
v 755.65 27.1811 66.743
v 878.576 -94.5718 41.2448
v 816.753 -35.8444 63.6575
v 891.231 -92.3734 52.5027
v 821.439 -71.8257 54.2703
v 811.004 -20.1462 66.4814
v 824.104 -45.122 46.592
v 729.175 12.9923 54.4242
v 830.218 -48.2035 51.6162
v 721.556 39.0272 61.107
v 642.373 24.4968 53.52
v 915.341 -87.6235 47.454
v 929.536 -85.6552 50.7634
v 875.398 -97.9364 69.2015
v 907.321 -86.133 50.9536
v 896.56 -82.6223 55.7465
v 896.149 -93.301 57.2065
v 871.341 -91.3219 64.7069
v 859.809 -67.7744 56.2474
v 847.599 -48.9722 79.8965
v 845.378 -55.4623 65.209
v 648.212 33.1851 66.0547
v 910.856 -87.3087 54.4292
v 925.88 -90.1592 58.1318
v 701.431 25.8976 49.9243
v 881.696 -99.0735 66.4893
v 889.924 -96.4303 68.1832
v 826.248 -40.5718 58.1976
v 863.027 -81.0295 63.0543
v 893.15 -74.0587 65.8697
v 726.936 28.7786 81.2918
v 674.689 28.3379 85.5195
v 647.108 39.4356 108.612
v 829.825 -124.932 78.2495
v 912.223 -91.0275 70.2568
v 792.13 16.0031 76.1242
v 705.156 31.0089 60.6649
v 895.917 -81.2556 71.6466
v 818.7 -47.9545 90.0786
v 826.857 -65.5045 80.1012
v 743.266 25.5789 73.2726
v 819.871 -122.388 95.5194
v 819.451 -67.0782 74.8526
v 729.669 25.7163 96.8878
v 852.681 -52.8583 98.4601
v 669.257 31.3148 65.0695
v 665.63 39.1892 59.2429
v 870.001 -94.669 91.505
v 683.241 23.5806 89.1253
v 691.599 20.0082 74.2221
v 775.956 28.1798 79.506
v 850.07 -45.9009 95.7496
v 652.592 59.5419 116.729
v 889.128 -71.4346 76.0256
v 652.576 54.4319 91.9041
v 883.774 -78.6413 81.008
v 896.29 -67.5738 79.1576
v 860.938 -85.8853 83.5523
v 800.627 0.63662 63.1579
v 763.489 33.5875 90.35
v 659.343 55.8826 94.9812
v 906.303 -87.0353 80.9056
v 817.885 -62.4471 76.7644
v 783.709 23.3454 75.1265
v 721.638 41.3897 79.203
v 834.909 -118.456 110.47
v 896.959 -70.6591 78.6258
v 902.098 -68.0083 87.3147
v 894.692 -79.9343 86.2154
v 884.767 -73.7005 96.6812
v 839.384 -48.9486 86.1321
v 824.985 -40.4402 84.3134
v 894.524 -86.4673 85.039
v 694.533 32.1148 80.8999
v 621.309 23.257 84.4926
v 876.119 -103.448 82.864
v 688.056 37.8785 118.355
v 687.071 26.9691 96.0515
v 822.89 -115.725 105.032
v 878.92 -79.6802 98.0793
v 726.376 23.9247 89.4988
v 604.124 20.4353 100.056
v 822.913 -54.0582 102.918
v 819.639 -57.1451 98.6754
v 804.659 -2.86338 82.503
v 875.977 -110.338 103.512
v 898.01 -86.6367 95.6197
v 842.571 -123.36 98.9485
v 899.194 -65.6562 90.2114
v 632.416 34.0323 104.671
v 816.583 -56.8258 94.1996
v 844.32 -36.3638 109.1
v 816.929 -120.152 116.891
v 782.452 30.8735 121.429
v 813.693 -43.0944 112.701
v 896.893 -83.3635 96.9677
v 854.098 -92.583 115.28
v 907.661 -70.256 104.355
v 820.429 -23.0893 98.9968
v 826.881 -114.519 106.618
v 717.923 45.4633 96.3516
v 676.947 32.8349 110.503
v 819.269 -21.1886 116.552
v 908.153 -73.2597 102.405
v 808.502 -10.9301 94.7467
v 794.604 15.7997 114.018
v 672.513 38.3692 113.896
v 895.373 -95.0434 113.348
v 895.381 -71.9918 106.684
v 607.567 37.5462 141.533
v 810.54 -5.08573 137.302
v 896.188 -88.2873 109.426
v 649.581 44.6668 118.195
v 822.21 -113.888 123.377
v 828.122 -113.356 118.495
v 812.632 -17.5331 97.1137
v 702.992 41.3649 108.063
v 661.97 55.54 104.031
v 909.275 -73.9778 115.343
v 708.662 49.4667 123.5
v 900.474 -82.425 107.648
v 831.184 -43.5058 109.296
v 876.091 -75.3151 116.217
v 846.253 -51.8405 127.675
v 814.801 -43.2017 122.885
v 905.457 -79.7187 115.082
v 693.402 40.4971 125.008
v 861.538 -94.1881 113.104
v 819.145 -41.3589 128.533
v 852.237 -89.8176 117.337
v 716.269 50.404 127.412
v 768.133 39.7336 124.966
v 854.593 -81.7609 105.472
v 719.631 32.4867 120.27
v 815.408 -23.6525 128.837
v 835.371 -34.7567 116.04
v 890.544 -74.7583 117.267
v 839.81 -25.5365 137.236
v 807.328 -6.97116 126.965
v 723.022 30.6271 121.743
v 873.979 -73.8103 126.93
v 908.025 -72.0487 115.561
v 894.62 -71.1409 128.779
v 739.651 40.7162 122.354
v 849.052 -94.8461 127.464
v 907.323 -77.7406 119.32
v 873.182 -78.74 116.606
v 892.115 -90.3527 120.902
v 886.36 -94.013 133.338
v 826.958 -119.961 136.561
v 680.007 37.1827 130.958
v 815.92 -118.561 147.67
v 820.005 -117.621 150.005
v 607.229 40.148 147.898
v 901.113 -77.2768 137.156
v 776.668 -133.716 168.822
v 833.178 -82.9581 153.03
v 699.594 53.0476 149.571
v 675.887 44.9926 157.939
v 660.15 64.9504 145.266
v 864.384 -74.8088 152.631
v 811.15 -30.7231 139.973
v 838.552 -96.5047 140.327
v 879.148 -74.2722 136.117
v 707.191 -159.228 178.302
v 897.258 -63.6746 143.127
v 884.628 -90.141 138.325
v 903.107 -68.1949 135.893
v 848.86 -103.028 152.372
v 751.577 46.9207 147.666
v 719.435 39.5073 152.084
v 840.371 -100.546 145.343
v 882.285 -63.983 150.488
v 649.498 51.7286 159.472
v 652.603 64.055 151.937
v 807.599 -115.751 171.73
v 813.817 -120.972 148.536
v 556.514 -15.6892 -600.04
v 598.609 36.7934 -600.494
v 555.948 -16.7927 -577.998
v 720.702 74.1204 -600.19
v 551.007 -40.0217 -575.685
v 614.97 58.6443 -580.964
v 569.377 -8.87947 -576.013
v 732.534 76.6774 -575.657
v 703.946 72.3757 -575.259
v 676.712 67.5564 -575.955
v 576.106 -2.23119 -569.693
v 591.958 31.3955 -577.58
v 606.583 37.3033 -575.325
v 940.608 -128.028 -573.058
v 558.159 -47.4682 -561.588
v 927.48 -19.3321 -584.272
v 588.135 17.5711 -575.432
v 863.959 30.4981 -600.177
v 759.398 80.3124 -575.145
v 938.975 -109.633 -587.976
v 607.088 49.7639 -578.409
v 646.979 56.8087 -574.385
v 932.19 -50.607 -600.181
v 824.597 57.7637 -575.075
v 585.407 2.41054 -562.593
v 787.207 83.5972 -575.418
v 640.387 61.976 -577.936
v 598.787 25.9131 -565.314
v 937.279 -97.7462 -573.396
v 571.473 -52.3437 -543.445
v 683.573 65.8698 -574.198
v 932.878 -67.9441 -572.413
v 786.376 84.0741 -580.406
v 607.465 28.8844 -547.617
v 713.425 70.3788 -573.576
v 565.401 -63.7055 -542.015
v 931.747 -98.9447 -570.515
v 927.453 -17.6592 -599.976
v 835.379 49.5305 -572.884
v 581.966 -16.593 -551.862
v 860.485 32.1611 -572.329
v 617.433 37.7968 -555.065
v 714.061 69.4289 -560.021
v 662.665 61.1114 -563.953
v 888.076 11.8649 -571.436
v 923.195 -56.2924 -569.946
v 732.56 69.5947 -572.741
v 931.355 -102.731 -564.852
v 916.966 -34.7674 -570.09
v 801.87 72.927 -574.205
v 769.91 70.2835 -572.395
v 925.817 -18.5941 -572.356
v 782.159 69.138 -572.586
v 692.377 68.4877 -562.467
v 907.061 -15.3625 -570.03
v 584.151 -43.535 -530.387
v 806.126 61.8787 -571.83
v 922.848 -67.988 -561.011
v 577.239 -69.7668 -526.096
v 858.268 29.2348 -569.975
v 668.727 60.0845 -540.945
v 888.139 3.50001 -569.78
v 780.611 65.6865 -561.028
v 823.73 53.4209 -571.518
v 752.63 67.4719 -564.1
v 934.877 -125.842 -556.116
v 918.603 -66.6067 -552.292
v 906.258 -23.4452 -560.706
v 589.556 -5.45043 -541.238
v 595.793 14.5911 -547.496
v 814.784 56.0076 -557.497
v 727.959 66.5861 -552.394
v 931.786 -121.546 -541.908
v 909.551 -46.201 -551.303
v 870.509 15.0451 -560.056
v 849.383 36.7329 -555.784
v 917.431 -68.1889 -545.079
v 583.865 -73.3568 -512.993
v 837.579 43.0135 -548.896
v 756.347 60.097 -545.041
v 929.451 -99.7488 -551.464
v 885.306 -7.00999 -551.676
v 913.523 -67.7415 -535.336
v 795.834 60.0721 -550.531
v 593.123 -10.3351 -521.208
v 586.8 -57.5552 -517.169
v 695.31 65.4378 -535.782
v 628.907 38.8077 -537.463
v 661.243 46.5783 -525.628
v 606.314 13.1046 -519.122
v 899.739 -38.8617 -542.157
v 809.11 54.1391 -544.751
v 779.75 51.5858 -532.191
v 738.914 61.5111 -541.815
v 596.299 -5.00505 -516.304
v 681.244 60.8218 -530.763
v 876.432 0.857438 -548.326
v 894.715 -42.2088 -531.042
v 829.602 34.4368 -525.655
v 716.834 64.1492 -532.84
v 848.439 32.7637 -543.865
v 925.839 -125.754 -517.442
v 922.87 -99.3122 -522.227
v 907.813 -67.1203 -520.056
v 886.931 -24.6974 -535.094
v 859.596 15.9027 -537.841
v 641.529 32.6795 -517.028
v 689.381 55.2377 -518.593
v 583.995 -80.6699 -485.736
v 667.516 45.3227 -516.166
v 741.364 53.663 -525.761
v 704.738 61.498 -523.575
v 721.924 50.6174 -508.057
v 759.876 45.2704 -521.367
v 593.097 -51.1443 -497.369
v 917.31 -97.472 -509.383
v 874.846 -25.0682 -515.883
v 640.953 33.8736 -497.888
v 619.966 12.3418 -504.736
v 588.491 -69.7907 -493.974
v 594.845 -30.3764 -507.39
v 843.081 11.982 -512.787
v 796.596 42.4026 -523.761
v 606.085 -10.3687 -498.793
v 914.139 -79.1569 -519.534
v 826.846 23.8529 -514.982
v 654.615 42.9634 -502.072
v 898.256 -63.8928 -497.155
v 690.336 46.7522 -509.622
v 804.184 23.988 -512.826
v 758.532 34.2743 -506.089
v 681.999 47.5319 -508.898
v 889.111 -49.0629 -510.007
v 610.969 -14.1283 -487.597
v 703.787 43.2617 -500.054
v 675.923 48.3117 -498.361
v 913.895 -95.8159 -499.536
v 627.599 12.5788 -486.084
v 856.774 -5.55856 -509.374
v 606.976 -35.4957 -486.41
v 593.819 -78.3749 -471.588
v 656.972 40.0925 -491.467
v 748.032 28.728 -482.555
v 781.288 29.3163 -509.145
v 873.71 -40.793 -501.285
v 822.805 7.57776 -495.434
v 845.298 -9.09135 -498.33
v 735.182 40.2457 -498.121
v 821.556 12.7428 -508.607
v 795.99 23.7805 -495.814
v 641.301 26.4421 -484.719
v 577.652 -96.6108 -473.135
v 615.915 -43.063 -467.936
v 712.676 45.2264 -500.694
v 906.349 -121.48 -475.769
v 594.517 -69.078 -480.718
v 693.832 45.6066 -490.41
v 904.394 -76.8047 -489.95
v 838.898 -12.8755 -489.291
v 807.84 18.7391 -495.777
v 717.51 32.7439 -477.002
v 849.301 -27.3108 -487.404
v 643.019 14.6055 -469.671
v 692.733 41.5412 -479.39
v 908.93 -106.308 -483.129
v 867.587 -49.4027 -487.576
v 760.661 27.7424 -487.665
v 729.86 32.9978 -487.355
v 856.532 -52.4448 -479.413
v 605.674 -68.3697 -465.639
v 817.358 6.3874 -485.013
v 657.291 26.4272 -469.835
v 632.324 -37.56 -454.726
v 893.481 -69.0821 -485.885
v 733.214 16.6001 -465.594
v 874.498 -72.488 -474.804
v 627.127 -9.53091 -468.274
v 694.735 32.4392 -467.319
v 823.678 -12.7368 -470.627
v 658.266 19.1907 -462.828
v 902.12 -100.936 -478.438
v 881.036 -91.1826 -468.641
v 797.938 11.6875 -478.077
v 856.86 -71.1449 -472.52
v 666.236 21.836 -462.872
v 726 24.863 -467.291
v 860.234 -83.7608 -467.515
v 659.874 9.45948 -456.699
v 657.215 23.4552 -460.194
v 602.867 -120.487 -431.654
v 786.755 0.130573 -462.379
v 880.066 -105.074 -460.848
v 689.252 22.5887 -458.166
v 847.168 -58.2445 -461.91
v 665.815 25.3017 -459.834
v 882.213 -131.041 -450.586
v 654.932 8.62612 -452.927
v 655.315 16.2841 -456.904
v 747.63 8.2498 -456.915
v 653.7 2.3643 -454.139
v 661.349 20.3251 -451.54
v 658.186 24.5326 -456.631
v 888.386 -140.365 -455.555
v 710.379 28.1099 -463.663
v 719.782 15.8032 -455.289
v 608.921 -104.681 -436.067
v 653.291 -1.98997 -448.129
v 653.339 3.78839 -450.223
v 659.984 9.87781 -452.48
v 862.913 -89.965 -460.63
v 656.675 -5.75052 -449.353
v 692.679 29.173 -448.5
v 668.126 20.612 -447.638
v 653.422 -15.5514 -446.07
v 661.809 7.72171 -445.222
v 659.061 13.4947 -445.354
v 673.697 15.9526 -453.286
v 806.018 -14.1533 -457.5
v 651.976 -14.8919 -442.952
v 627.223 -80.7768 -437.943
v 663.979 20.2684 -443.956
v 879.601 -117.287 -452.94
v 652.615 -7.13474 -446.375
v 656.739 -5.0488 -445.477
v 681.946 37.0188 -447.473
v 682.373 35.6109 -451.242
v 656.148 -7.94563 -440.887
v 673.419 17.886 -447.41
v 824.63 -40.2093 -451.531
v 778.095 -3.42051 -452.699
v 663.319 -43.1709 -429.929
v 655.001 1.4441 -439.336
v 614.826 -107.303 -427.104
v 847.378 -74.0215 -448.195
v 698.432 16.4957 -451.143
v 672.96 21.7304 -445.102
v 700.226 14.0277 -441.374
v 674.35 14.0232 -440.776
v 661.799 -26.0183 -436.132
v 654.11 -15.5533 -431.596
v 673.709 35.0989 -446.069
v 667.35 -53.6727 -422.795
v 751.64 -1.81625 -448.103
v 701.558 6.61699 -444.521
v 681.111 6.6677 -437.383
v 676.116 13.5883 -441.895
v 684.148 28.7198 -441.724
v 658.925 -4.28602 -431.058
v 600.371 -131.396 -418.259
v 656.599 -25.2235 -432.727
v 679.58 27.1826 -442.611
v 661.499 -31.4973 -434.278
v 659.915 -6.76512 -433.718
v 656.056 -29.9582 -427.677
v 766.959 -16.8094 -436.28
v 708.903 -3.25525 -439.316
v 681.017 22.8317 -437.823
v 862.456 -156.658 -426.159
v 799.63 -28.6235 -440.908
v 648.53 -87.0951 -420.263
v 782.298 -19.8043 -437.434
v 619.911 -109.783 -418.09
v 728.463 -0.25581 -446.715
v 710.598 -4.33009 -433.017
v 656.92 -24.5677 -428.215
v 684.497 13.8839 -431.232
v 662.547 4.27248 -431.741
v 867.446 -117.682 -434.896
v 659.861 -22.9009 -429.897
v 653.981 -9.98636 -434.156
v 666.867 2.89222 -429.487
v 842.238 -75.3761 -439.37
v 680.01 4.55429 -435.25
v 638.7 -98.5528 -414.419
v 672.333 14.5321 -433.627
v 662.347 15.5443 -437.429
v 686.982 20.9553 -434.198
v 644.819 -88.6859 -415.938
v 682.895 8.27998 -430.429
v 619.276 -109.875 -415.532
v 626.32 -104.193 -414.868
v 665.377 -74.425 -416.587
v 692.659 13.144 -427.419
v 662.601 -23.9771 -418.917
v 674.965 5.3996 -425.002
v 659.058 -40.5202 -423.611
v 859.258 -100.108 -436.924
v 648.608 -94.098 -407.146
v 659.37 1.8312 -430.859
v 610.753 -123.554 -405.442
v 652.759 -95.7129 -404.882
v 710.031 -15.6132 -431.344
v 666.446 -50.3885 -412.085
v 658.02 -23.4171 -419.441
v 834.457 -79.7631 -430.187
v 629.977 -95.6247 -405.697
v 658.121 -12.1282 -424.37
v 721.516 -29.407 -423.42
v 681.02 -66.7838 -408.248
v 634.682 -99.3334 -402.125
v 610.919 -144.184 -395.671
v 703.454 -28.8474 -422.094
v 607.999 -132.448 -390.153
v 664.399 -11.5174 -422.955
v 630.446 -108.402 -404.931
v 671.849 -85.8538 -403.402
v 655.245 -28.1012 -419.554
v 611.665 -120.213 -404.46
v 634.177 -92.585 -405.936
v 664.11 -36.8676 -412.349
v 643.285 -98.3317 -402.196
v 707.497 -0.263449 -423.987
v 669.274 -6.60969 -420.79
v 609.791 -133.366 -397.593
v 640.963 -104.101 -400.108
v 713.868 -33.8846 -418.333
v 789.089 -70.2993 -408.077
v 704.88 -42.8669 -410.889
v 614.328 -138.071 -388.016
v 671.964 -13.5119 -411.368
v 681.202 6.29764 -426.909
v 675.835 -69.1745 -409.224
v 849.777 -133.431 -409.81
v 828.368 -96.1922 -411.694
v 657.874 -105.551 -396.159
v 738.251 -63.5697 -402.987
v 709.977 -15.9992 -417.682
v 669.106 -94.4618 -400.132
v 635.649 -111.507 -400.476
v 809.958 -78.4251 -413.156
v 679.986 -2.661 -412.849
v 763.616 -61.5571 -406.274
v 677.532 -63.3303 -395.058
v 613.258 -157.933 -385.65
v 693.213 2.41522 -410.656
v 677.584 -16.8585 -391.213
v 721.141 -67.1867 -398.767
v 849.693 -150.161 -407.511
v 612.251 -151.316 -377.741
v 631.156 -120.491 -387.861
v 678.121 -87.8574 -395.047
v 673.568 -49.611 -399.232
v 788.557 -74.1545 -402.068
v 647.923 -99.5311 -397.953
v 678.338 -73.4124 -398.483
v 712.037 -59.2267 -402.339
v 670.017 -22.003 -409.378
v 608.496 -129.651 -385.695
v 640.676 -109.233 -382.442
v 681.692 -63.0417 -397.878
v 616.279 -127.672 -386.013
v 640.407 -104.919 -391.533
v 670.725 -35.3111 -403.106
v 663.992 -106.261 -388.177
v 837.092 -124.961 -397.455
v 614.171 -138.113 -382.19
v 752.496 -68.6783 -400.018
v 671.232 -95.489 -389.076
v 731.029 -81.3825 -392.765
v 684.115 -79.1559 -385.881
v 833.885 -139.171 -385.181
v 609.216 -152.139 -371.616
v 656.73 -115.359 -380.146
v 682.546 -57.0455 -384.855
v 839.495 -166.532 -393.559
v 760.006 -76.7819 -393.568
v 808.767 -92.9572 -392.28
v 648.361 -119.469 -379.089
v 610.529 -123.178 -372.357
v 617.825 -137.389 -370.485
v 712.356 -29.2688 -400.949
v 606.299 -142.109 -372.185
v 610.314 -139.166 -375.903
v 631.658 -125.489 -376.294
v 652.842 -116.13 -385.155
v 657.879 -108.281 -380.322
v 699.694 -8.33909 -383.797
v 732.152 -74.5524 -390.436
v 794.181 -85.7138 -389.299
v 732.193 -91.2383 -386.833
v 658.354 -110.71 -376.7
v 663.443 -83.1156 -382.85
v 705.99 -4.827 -411.842
v 659.239 -93.3078 -382.759
v 735.285 -83.9851 -384.889
v 726.036 -66.5283 -394.879
v 706.54 -9.89381 -393.406
v 655.934 -130.163 -358.449
v 734.875 -95.7188 -381.52
v 643.974 -119.166 -371.793
v 624.96 -123.129 -371.884
v 677.486 -88.3378 -385.065
v 826.548 -152.59 -376.394
v 728.83 -63.6977 -382.542
v 763.166 -82.4893 -384.235
v 609.407 -129.528 -373.721
v 637.814 -121.23 -369.929
v 673.556 -73.3665 -374.516
v 735.72 -87.8389 -372.998
v 713.648 -24.3228 -397.15
v 818.254 -109.057 -386.391
v 807.539 -90.6952 -389.895
v 730.811 -97.236 -377.689
v 685.285 -63.5687 -370.345
v 769.82 -82.9094 -386.704
v 621.171 -116.752 -365.652
v 754.919 -85.3848 -385.332
v 625.651 -138.896 -361.414
v 662.945 -74.4237 -375.765
v 679.056 -43.6284 -379.704
v 781.53 -86.9273 -381.355
v 732.915 -98.7052 -371.62
v 798.23 -82.7916 -384.057
v 646.534 -121.804 -360.72
v 623.889 -128.084 -359.377
v 663.332 -80.2959 -376.257
v 819.505 -117.065 -378.832
v 796.916 -92.8888 -378.12
v 753.864 -92.0823 -373.331
v 734.748 -77.4307 -373.856
v 719.389 -49.7039 -388.885
v 658.296 -126.703 -363.297
v 772.541 -81.0631 -382.298
v 770.399 -87.7361 -372.284
v 669.519 -98.8 -369.229
v 792.912 -85.024 -379.335
v 767.199 -93.5975 -364.675
v 752.064 -86.2105 -378.267
v 824.362 -130.009 -374.434
v 627.742 -114.111 -358.872
v 677.294 -28.6385 -382.035
v 639.623 -115.119 -357.629
v 784.065 -78.6494 -369.818
v 678.119 -85.9433 -357.76
v 815.888 -163.09 -359.89
v 817.346 -120.431 -371.154
v 798.663 -101.342 -373.6
v 631.886 -135.305 -353.3
v 684.409 -52.7673 -369.11
v 822.233 -114.33 -373.087
v 722.812 -54.2386 -373.26
v 672.481 -63.5312 -365.866
v 826.868 -136.994 -371.103
v 802.609 -104.395 -366.104
v 624.906 -150.098 -342.968
v 660.181 -135.253 -351.865
v 672.743 -100.867 -360.633
v 795.895 -81.0524 -373.386
v 647.942 -124.603 -349.027
v 746.404 -92.5675 -372.249
v 639.241 -116.948 -353.262
v 666.162 -72.4286 -357.559
v 716.479 -29.3662 -376.19
v 728.957 -95.4095 -362.448
v 790.959 -80.0915 -369.951
v 664.641 -63.9676 -354.483
v 641.162 -124.551 -351.341
v 817.703 -112.48 -377.274
v 828.122 -129.72 -369.696
v 827.585 -152.354 -372.232
v 635.739 -171.62 -344.652
v 669.843 -103.103 -356.103
v 790.087 -87.4472 -369.486
v 664.363 -127.751 -355.877
v 751.753 -93.3914 -359.826
v 668.569 -118.959 -355.027
v 741.715 -93.2214 -363.281
v 692.775 -11.5132 -377.198
v 776.301 -100.902 -362.963
v 778.272 -90.7198 -366.569
v 683.148 -69.1547 -366.428
v 675.17 -44.4188 -338.135
v 642.865 -123.906 -347.28
v 815.276 -144.535 -357.667
v 783.988 -97.6962 -369.479
v 726.247 -69.254 -356.215
v 690.364 -30.7397 -344.678
v 686.256 -60.9137 -360.488
v 739.879 -88.5659 -357.011
v 676.788 -88.7291 -356.149
v 826.851 -108.487 -361.004
v 647.119 -162.814 -339.252
v 639.999 -196.048 -337.1
v 758.997 -99.7275 -358.305
v 685.967 -44.4413 -356.816
v 828.468 -125.743 -364.379
v 816.31 -131.949 -357.381
v 667.856 -57.4417 -355.924
v 685.841 -14.4104 -377.282
v 753.869 -97.0033 -362.018
v 729.503 -92.7632 -359.025
v 829.445 -120.563 -357.24
v 667.344 -130.522 -340.363
v 667.198 -114.567 -349.925
v 720.752 -46.9204 -358.471
v 793.176 -102.895 -357.691
v 640.79 -217.898 -326.471
v 822.942 -115.995 -360.894
v 660.547 -145.793 -337.168
v 633.429 -138.988 -338.691
v 629.141 -147.719 -336.796
v 631.044 -144.63 -329.013
v 644.625 -176.295 -337.439
v 660.642 -120.574 -338.506
v 634.618 -137.041 -335.254
v 808.106 -151.152 -346.412
v 746.313 -91.7175 -351.918
v 677.71 -78.8424 -341.583
v 687.149 -37.075 -349.512
v 764.773 -90.0145 -353.009
v 775.883 -89.2367 -357.219
v 656.692 -92.1291 -348.408
v 646.114 -183.558 -331.46
v 831.602 -116.366 -353.305
v 734.873 -79.1952 -350.486
v 781.688 -90.2472 -353.168
v 743.646 -94.8365 -348.379
v 822.016 -128.132 -355.894
v 656.139 -151.327 -337.939
v 800.359 -96.1435 -351.092
v 623.41 -149.836 -334.412
v 833.216 -118.964 -359.715
v 772.572 -89.3654 -353.317
v 655.492 -101.613 -347.552
v 827.367 -124.122 -342.372
v 683.609 -52.2102 -344.906
v 703.464 -30.5772 -330.11
v 716.359 -36.0802 -348.007
v 646.882 -98.0796 -335.627
v 695.728 -28.9615 -334.95
v 824.542 -106.62 -349.545
v 781.304 -97.2577 -345.477
v 751.374 -101.862 -350.659
v 652.883 -169.722 -332.292
v 617.827 -147.044 -330.433
v 746.756 -103.482 -346.991
v 730.035 -70.8554 -346.797
v 684.814 -41.5908 -328.966
v 819.23 -115.722 -351.209
v 789.479 -90.5455 -348.442
v 736.827 -87.7977 -344.543
v 722.979 -51.915 -329.797
v 691.739 -23.6414 -353.246
v 653.982 -163.549 -328.988
v 678.414 -82.4215 -338.142
v 809.645 -138.241 -346.755
v 813.425 -131.308 -348.547
v 725.213 -48.7309 -343.287
v 804.612 -174.317 -330.725
v 666.456 -137.592 -335.757
v 821.184 -100.523 -341.614
v 819.348 -103.668 -349.123
v 817.51 -123.437 -332.616
v 752.303 -91.7264 -341.878
v 666.561 -87.7103 -347.608
v 659.239 -154.364 -315.903
v 793.522 -90.4835 -338.171
v 819.781 -130.178 -341.709
v 651.612 -112.661 -335.882
v 817.939 -105.514 -338.316
v 708.366 -29.5151 -340.346
v 652.81 -162.328 -320.56
v 810.61 -102.787 -349.336
v 652.156 -100.535 -324.378
v 664.79 -65.6059 -339.354
v 814.902 -143.375 -333.465
v 650.178 -170.08 -323.773
v 812.667 -112.179 -341.269
v 647.561 -192.858 -321.104
v 830.907 -121.898 -342.532
v 757.112 -90.9502 -341.847
v 741.853 -97.5023 -335.609
v 674.701 -40.9544 -328.21
v 805.028 -91.1212 -341.043
v 811.757 -146.418 -339.034
v 828.321 -126.874 -334.956
v 807.362 -118.183 -341.895
v 762.95 -93.8615 -340.139
v 680.724 -36.289 -323.304
v 806.877 -154.309 -340.426
v 824.352 -126.41 -337.425
v 824.665 -122.368 -334.045
v 776.863 -115.048 -333.891
v 663.694 -148.824 -311.928
v 756.872 -91.0994 -325.18
v 812.47 -93.7017 -337.322
v 804.671 -174.645 -323.209
v 667.134 -59.009 -335.507
v 648.159 -191.065 -309.409
v 687.259 -35.3484 -330.702
v 778.53 -122.215 -327.967
v 777.528 -110.006 -337.731
v 780.531 -103.325 -333.424
v 727.739 -57.9259 -334.348
v 646.553 -214.719 -305.487
v 813.028 -146.586 -326.405
v 642.733 -101.621 -332.521
v 818.923 -136.21 -331.128
v 747.205 -103.312 -334.697
v 799.355 -116.063 -334.661
v 806.597 -105.286 -333.467
v 671.985 -100.373 -321.55
v 798.436 -118.527 -331.059
v 800.051 -92.2607 -331.909
v 803.237 -87.1853 -332.908
v 744.856 -105.208 -331.082
v 811.919 -139.643 -323.644
v 784.89 -94.8827 -332.799
v 812.061 -165.602 -319.796
v 813.327 -158.864 -323.422
v 735.433 -88.3668 -335.472
v 669.576 -68.1483 -314.24
v 793.898 -87.794 -329.28
v 681.99 -94.3113 -311.061
v 673.687 -50.932 -317.012
v 780.198 -125.415 -322.041
v 655.386 -127.202 -318.514
v 650.187 -163.059 -304.131
v 799.423 -89.4785 -326.888
v 677.845 -98.0961 -320.769
v 680.75 -84.0847 -327.402
v 724.437 -50.4582 -328.488
v 808.411 -123.971 -319.305
v 769.885 -107.749 -327.59
v 781.823 -119.685 -325.07
v 820.742 -136.417 -322.899
v 787.833 -131.288 -317.754
v 627.522 -170.291 -297.822
v 788.627 -90.9633 -318.734
v 714.147 -37.3779 -325.779
v 818.299 -130.56 -324.62
v 793.472 -94.335 -324.913
v 765.175 -101.482 -323.929
v 801.653 -139.642 -320.49
v 760.713 -92.3248 -322.499
v 702.748 -29.349 -325.973
v 782.532 -103.301 -321.165
v 655.882 -137.877 -298.916
v 633.082 -102.026 -307.031
v 811.838 -135.219 -315.021
v 804.103 -127.494 -311.364
v 641.591 -183.515 -299.239
v 719.314 -48.0958 -311.293
v 643.226 -213.167 -294.439
v 794.958 -107.261 -323.798
v 680.245 -86.373 -309.944
v 714.377 -38.6819 -315.937
v 661.313 -150.13 -299.843
v 792.671 -94.2633 -317.959
v 792.872 -142.448 -314.285
v 776.386 -99.3446 -302.411
v 754.07 -107.889 -302.868
v 662.951 -56.4271 -304.603
v 684.523 -34.5792 -296.348
v 647.162 -196.273 -301.55
v 653.763 -109.508 -292.472
v 631.635 -103.142 -307.963
v 669.823 -106.831 -293.187
v 796.914 -114.628 -315.887
v 636.613 -166.447 -308.407
v 765.24 -93.4933 -303.877
v 678.048 -92.5474 -294.602
v 657.321 -144.7 -299.733
v 744.872 -105.433 -313.044
v 790.856 -99.1695 -319.249
v 644.991 -206.181 -286.802
v 648.488 -165.022 -282.321
v 734.451 -93.7483 -304.412
v 802.02 -130.122 -308.671
v 694.756 -31.4091 -313.714
v 775.62 -110.689 -314.735
v 752.82 -101.955 -318.778
v 665.598 -66.1598 -326.801
v 673.14 -48.352 -294.602
v 716.138 -38.3934 -311.088
v 663.001 -108.186 -300.685
v 648.815 -104.729 -306.429
v 627.521 -111.95 -293.555
v 806.408 -128.912 -309.34
v 636.479 -165.275 -297.719
v 756.096 -94.603 -318.308
v 631.917 -107.769 -308.466
v 667.645 -64.3881 -291.194
v 784.641 -134.931 -312.819
v 795.991 -116.52 -308.117
v 792.377 -112.379 -305.834
v 793.104 -101.367 -312.049
v 742.409 -105.865 -293.769
v 789.073 -144.472 -306.245
v 632.128 -185.084 -279.943
v 786.464 -130.871 -296.04
v 707.072 -35.6024 -307.632
v 796.194 -115.118 -304.616
v 773.143 -104.028 -310.942
v 639.728 -119.609 -307.154
v 650.49 -133.054 -292.367
v 641.034 -129.853 -278.19
v 671.622 -73.0262 -297.85
v 781.14 -123.451 -291.392
v 725.499 -73.8028 -300.822
v 689.886 -33.162 -310.714
v 786.487 -142.662 -300.349
v 673.805 -100.734 -284.86
v 660.741 -51.3936 -282.195
v 634.454 -102.218 -285.722
v 722.272 -59.2035 -304.174
v 638.498 -191.347 -283.402
v 721.476 -46.6861 -305.467
v 783.598 -102.961 -285.856
v 628.049 -163.088 -274.031
v 780.138 -99.1515 -286.568
v 773.805 -95.3105 -282.683
v 714.569 -44.1236 -298.455
v 795.408 -178.579 -276.982
v 689.9 -27.7123 -294.752
v 780.763 -112.4 -290.287
v 658.348 -154.411 -283.491
v 622.902 -102.62 -282.804
v 673.39 -82.8376 -290.575
v 731.193 -86.895 -289.206
v 729.32 -50.9336 -295.253
v 628.246 -101.218 -284.443
v 698.29 -32.6272 -297.273
v 668.547 -76.1626 -283.389
v 695.037 -23.7384 -282.307
v 788.608 -149.455 -282.388
v 668.503 -100.49 -259.527
v 656.791 -156.408 -268.235
v 652.652 -109.296 -274.407
v 661.606 -110.496 -280.96
v 723.824 -74.7218 -285.955
v 643.724 -169.552 -261.987
v 749.839 -110.627 -292.337
v 725.172 -47.9776 -297.615
v 741.522 -104.827 -278.84
v 671.356 -94.0988 -267.898
v 740.635 -56.6894 -278.747
v 790.347 -159.667 -285.871
v 638.915 -132.18 -261.371
v 755.528 -115.9 -271.755
v 772.007 -97.9892 -275.776
v 725.534 -83.5143 -280.758
v 702.719 -34.5396 -287.296
v 636.102 -166.885 -269.366
v 634.036 -97.6694 -257.7
v 704.852 -30.9248 -272.806
v 654.645 -160.775 -253.201
v 669.767 -47.7626 -278.023
v 619.875 -105.992 -278.006
v 782.568 -136.243 -268.153
v 676.709 -33.6288 -265.947
v 729.194 -95.0449 -261.437
v 628.63 -126.576 -256.175
v 790.112 -140.065 -278.063
v 725.033 -57.9833 -274.253
v 726.317 -68.2022 -286.702
v 652.549 -146.046 -276.902
v 734.855 -83.2704 -262.474
v 618.45 -110.914 -268.417
v 660.772 -55.0476 -249.671
v 648.094 -143.059 -259.867
v 744.06 -102.856 -256.73
v 686.969 -29.232 -273.697
v 764.188 -120.184 -246.87
v 711.834 -44.6176 -265.387
v 787.19 -106.859 -262.201
v 663.669 -66.3469 -248.547
v 760.843 -112.726 -276.526
v 741.342 -55.9059 -274.749
v 650.245 -165.495 -254.551
v 753.893 -121.492 -240.66
v 739.305 -97.6166 -268.588
v 658.865 -103.416 -238.689
v 736.435 -66.2437 -278.6
v 788.986 -151.183 -273.58
v 749.923 -59.431 -260.329
v 619.803 -92.9659 -246.08
v 781.372 -126.386 -273.864
v 728.32 -90.6641 -260.669
v 660.115 -40.1768 -248.356
v 737.019 -58.6303 -258.504
v 783.34 -116.923 -266.28
v 719.792 -55.2477 -273.897
v 785.305 -140.204 -263.938
v 763.858 -106.928 -284.017
v 609.232 -97.2137 -229.633
v 699.099 -23.8223 -278.109
v 614.322 -109.204 -250.383
v 634.422 -164.935 -213.99
v 733.701 -98.9914 -257.42
v 640.033 -138.19 -245.348
v 659.065 -43.644 -257.473
v 792.762 -144.216 -262.657
v 644.921 -158.422 -220.541
v 676.698 -29.2853 -248.795
v 770.107 -116.202 -245.983
v 759.58 -123.401 -235.144
v 791.807 -151.666 -228.541
v 645.037 -164.542 -223.794
v 651.688 -106.509 -241.972
v 659.784 -81.5078 -256.155
v 642.685 -143.554 -235.359
v 785.82 -116.767 -249.201
v 622.085 -124.272 -235.211
v 793.125 -152.851 -238.182
v 780.209 -133.113 -248.001
v 777.556 -141.592 -232.381
v 625.452 -91.9504 -231.974
v 779.622 -101.992 -253.493
v 639.382 -138.168 -230.244
v 710.322 -25.671 -257.995
v 666.315 -35.0206 -243.216
v 637.776 -100.562 -217.921
v 756.642 -58.6515 -235.127
v 764.602 -103.751 566.723
v 796.222 -11.9101 552.021
v 757.661 -1.3261 563.733
v 765.942 10.6225 545.81
v 685.755 18.991 563.806
v 779.105 -39.241 561.449
v 727.465 18.4562 557.652
v 761.967 -53.5312 561.851
v 705.806 17.9637 562.829
v 733.099 -74.3129 572.236
v 756.237 21.0159 542.105
v 726.18 -121.46 574.668
v 792.223 2.132 550.415
v 719.92 9.42168 568.904
v 781.131 -4.04191 562.454
v 733.034 -76.291 579.039
v 752.219 -93.0176 573.594
v 760.114 -98.3922 579.557
v 745.635 -87.9732 575.066
v 736.542 -64.4202 575.275
v 776.746 -27.9839 567.188
v 742.109 -84.4281 581.029
v 755.683 -90.3653 580.193
v 682.959 18.6085 579.184
v 713.618 2.89923 577.132
v 780.91 -13.3311 566.288
v 760.282 -7.32916 568.758
v 761.516 -88.8818 585.935
v 744.953 -2.39273 570.809
v 701.263 14.2107 570.239
v 758.827 -17.2017 573.892
v 755.761 -85.5464 582.642
v 739.83 -38.5092 584.434
v 754.698 -31.9451 576.515
v 725.294 -5.48116 580.373
v 750.51 -79.3588 586.981
v 734.334 -53.4899 582.013
v 723.231 -9.89477 582.271
v 762.261 -95.2629 589.196
v 760.683 -66.2966 584.013
v 702.674 11.1989 581.453
v 750.468 -76.6966 587.862
v 719.307 -39.4297 592.837
v 730.257 -18.5631 585.465
v 692.517 18.0354 590.88
v 727.483 -35.7487 589.271
v 681.984 19.1324 594.123
v 761.784 -59.529 586.713
v 766.847 -60.2348 589.743
v 712.037 -1.02481 586.634
v 727.667 -106.846 604.161
v 766.477 -83.0583 594.655
v 723.719 -24.3122 589.609
v 764.671 -64.9719 592.012
v 732.359 -51.9758 602.943
v 721.044 -33.2394 592.682
v 716.544 -17.2371 596.739
v 713.571 -36.3654 598.38
v 738.588 -109.065 620.178
v 760.441 -71.1784 597.354
v 750.579 -45.0472 604.429
v 699.97 14.2975 597.718
v 760.297 -85.4411 607.373
v 748.955 -55.5627 594.406
v 722.958 -41.7209 594.327
v 724.899 -35.9705 599.707
v 761.781 -58.6372 607.598
v 737.952 -52.0054 603.284
v 713.515 -27.9182 606.855
v 705.841 8.60186 611.269
v 713.441 -18.8544 609.824
v 762.2 -90.6122 601.345
v 670.952 21.828 616.986
v 720.373 -30.9868 604.791
v 723.073 -108.508 610.671
v 760.891 -48.6195 607.574
v 766.764 -91.99 605.706
v 759.318 -47.5052 601.703
v 733.318 -45.6955 613.472
v 727.554 -33.2904 608.706
v 763.489 -75.3882 613.617
v 743.335 -44.4261 610.262
v 733.616 -108.994 615.263
v 761.064 -90.0206 614.885
v 730.056 -39.2013 614.934
v 763.734 -68.4832 613.034
v 751.302 -35.8261 618.759
v 761.394 -63.5664 614.447
v 714.343 -32.7958 611.848
v 763.988 -83.9482 625.573
v 758.909 -90.2493 623.708
v 747.674 -40.5408 616.009
v 712.035 -24.6063 624.418
v 731.776 -111.576 621.759
v 722.691 -33.6109 615.538
v 776.632 -91.4628 617.942
v 726.609 -115.925 626.198
v 711.128 -29.7342 618.681
v 711.068 -2.7039 617.369
v 758.686 -39.8426 613.004
v 719.901 -31.4828 624.197
v 738.695 -109.68 630.371
v 737.867 -46.9979 613.909
v 731.832 -113.857 631.802
v 763.916 -56.4384 626.605
v 758.285 -31.4466 621.553
v 704.821 6.2609 627.614
v 727.368 -30.242 628.646
v 728.019 -110.256 638.002
v 757.113 -90.8861 631.581
v 750.295 -36.5417 621.063
v 741.116 -105.8 627.547
v 734.047 -36.4806 622.189
v 754.366 -104.385 634.781
v 771.858 -67.7562 640.269
v 763.591 -44.6392 621.714
v 750.269 -44.4538 624.51
v 762.717 -32.4059 624.827
v 675.825 23.1619 630.245
v 737.425 -42.0612 629.339
v 774.442 -89.8529 627.137
v 749.462 -97.1842 632.426
v 688.234 16.4808 623.15
v 768.862 -48.6654 631.289
v 766.141 -68.107 624.609
v 733.806 -106.71 636.55
v 724.898 -23.9371 631.463
v 719.519 -24.4733 627.507
v 786.508 -97.7772 628.913
v 735.73 -33.7127 631.114
v 723.861 -23.0831 638.381
v 736.008 -107.109 638.044
v 766.89 -38.1749 627.65
v 760.587 -37.0667 631.76
v 729.287 -29.1015 639.346
v 709.8 -28.3866 633.114
v 745.358 -96.7171 638.929
v 731.197 -114.036 652.094
v 768.473 -75.8687 649.499
v 708.245 -5.3342 648.99
v 763.136 -96.662 645.321
v 739.881 -40.0047 640.459
v 736.411 -37.0697 639.239
v 761.881 -100.355 649.049
v 711.823 -21.2379 632.35
v 702.276 6.89241 640.592
v 727.964 -109.507 643.102
v 748.22 -43.5906 634.847
v 756.848 -39.5321 636.988
v 768.211 -55.0239 640.299
v 735.563 -102.382 644.084
v 667.169 42.9591 642.213
v 764.051 -83.5904 644.639
v 764.378 -43.4313 640.133
v 692.742 15.7849 634.418
v 768.996 -50.593 641.735
v 773.58 -90.0695 643.304
v 781.069 -91.9474 639.507
v 744.477 -37.366 647.007
v 728.783 -24.2761 643.719
v 745.871 -86.5731 653.387
v 685.408 33.4548 644.013
v 711.533 -27.9689 643.546
v 798.929 -83.5459 664.037
v 711.121 -15.4914 650.173
v 672.339 43.6768 649.951
v 702.011 19.1678 649.808
v 689.409 33.9586 652.519
v 731.949 -93.9835 659.613
v 717.476 -25.7422 650.05
v 766.853 -29.6302 652.844
v 732.167 -36.6165 663.894
v 714.046 -17.7037 660.627
v 755.787 -78.9319 657.03
v 771.5 -55.7957 651.574
v 782.724 -81.0735 657.45
v 723.214 -25.2559 651.774
v 760.509 -32.0018 647.348
v 769.023 -43.5185 652.727
v 736.383 -39.7041 658.777
v 709.896 3.48457 657.142
v 725.411 -104.595 667.415
v 726.67 -99.2583 665.469
v 726.154 -91.1361 668.775
v 760.824 -23.7244 659.687
v 680.743 40.3245 655.917
v 742.412 -77.8394 665.527
v 735.379 -36.3085 667.15
v 762.497 -67.0916 660.518
v 743.304 -34.5527 659.471
v 712.805 -7.11584 657.475
v 715.833 8.12952 658.76
v 731.134 -29.233 655.402
v 721.073 -15.3396 664.895
v 721.504 -1.99445 657.935
v 773.335 -86.2671 670.813
v 720.412 -2.68921 662.531
v 730.376 -28.3291 673.982
v 724.571 -7.39216 665.506
v 732.693 -85.9976 671.939
v 717.85 3.60283 662.85
v 759.836 -50.1194 667.494
v 727.147 -8.69956 661.572
v 719.682 -0.560684 666.953
v 710.544 7.41331 663.56
v 752.003 -65.4718 667.27
v 749.783 -24.3204 666.353
v 741.506 -24.9201 668.969
v 749.24 -19.7518 668.305
v 711.732 5.29777 672.033
v 723.812 -6.37076 670.845
v 753.92 -59.39 672.764
v 734.67 -27.2416 675.484
v 759.627 -23.2486 663.492
v 758.879 -63.22 678.297
v 757.881 -48.9894 672.793
v 760.259 -37.8831 668.807
v 729.955 -13.37 671.767
v 712.933 1.61183 669.602
v 772.932 -91.4324 678.368
v 725.482 -10.797 673.676
v 795.311 -78.8094 666.345
v 752.739 -20.5759 670.41
v 782.014 -78.3789 666.9
v 743.472 -13.2062 668.759
v 718.526 -10.293 669.934
v 735.41 -81.5434 679.975
v 744.454 -81.567 676.857
v 729.192 -73.9259 680.257
v 715.665 -9.60471 673.431
v 716.149 -0.540567 673.524
v 725.769 -18.4018 674.103
v 721.074 -21.144 660.945
v 757.63 -63.4416 681.292
v 760.697 -39.2204 677.949
v 749.442 -21.1427 677.481
v 717.11 -7.08223 678.422
v 792.904 -76.3436 678.946
v 742.76 -5.6646 673.715
v 695.663 29.8473 672.451
v 757.601 -27.8126 672.967
v 728.51 -9.70948 675.95
v 736.546 -1.61409 676.303
v 674.076 40.8364 673.838
v 759.365 -29.156 679.171
v 784.351 -78.5991 678.606
v 742.856 -62.5879 684.501
v 723.546 -8.35017 679.527
v 742.547 -0.28609 680.354
v 760.98 -48.5908 683.193
v 734.56 -63.2269 684.332
v 758.346 -56.8908 684.786
v 717.358 -8.37318 681.413
v 763.761 -24.0292 685.81
v 727.798 -1.46439 677.989
v 757.122 -19.2476 689.238
v 741.344 -9.221 684.075
v 727.137 3.56139 687.017
v 705.418 19.5931 671.019
v 753.03 -25.922 703.699
v 713.496 1.45554 689.78
v 721.488 5.25192 683.019
v 753.511 -20.0551 687.239
v 736 -5.94933 690.64
v 712.093 3.27323 695.455
v 738.082 -36.503 703.528
v 747.32 -16.1501 688.32
v 733.121 2.56451 690.58
v 764.097 -25.0545 692.495
v 728.087 -0.838593 693.537
v 760.018 -24.2405 698.997
v 700.781 21.9324 692.227
v 761.679 -17.736 691.797
v 788.251 -82.7876 695.999
v 729.655 -65.9313 692.671
v 729.562 -47.8396 701.625
v 726.191 4.52979 695.076
v 738.367 -12.8213 696.471
v 700.304 16.6236 702.063
v 751.535 -18.3043 698.33
v 710.556 3.0482 704.959
v 720.775 -1.05297 706.096
v 693.388 17.2679 705.073
v 758.167 -13.9966 702.927
v 736.244 -24.0082 710.349
v 734.738 -10.6187 706.092
v 718.273 3.27708 699.938
v 754.406 -13.0431 700.835
v 805.764 -80.6321 703.821
v 742.7 -11.4012 706.49
v 728.284 -34.4576 714.144
v 688.946 19.5909 709.144
v 725.439 -50.7526 720.507
v 696.709 19.2462 714.705
v 727.307 -7.64554 715.002
v 722.202 -66.4215 717.266
v 727.57 -25.0082 718.171
v 715.07 1.55268 726.941
v 705.494 4.52116 722.287
v 725.218 -12.316 719.859
v 688.838 19.9096 724.387
v 697.427 6.43066 734.204
v 726.176 -44.9588 727.631
v 721.679 -24.0249 729.55
v 726.968 -33.5901 729.883
v 718.386 -52.6101 738.327
v 718.394 -7.58176 730.059
v 716.038 -23.7625 739.946
v 709.661 -15.3795 741.354
v 714.713 -50.3885 744.938
v 720.41 -24.679 744.734
v 728.41 -25.3265 749.743
v 700.286 3.28759 740.9
v 712.101 -19.3428 746.923
v 706.23 -1.79504 741.61
v 697.656 3.6403 754.074
v 707.28 -23.79 754.259
v 728.189 -36.5864 747.162
v 717.413 -33.0719 754.617
v 702.078 -4.26227 753.93
v 722.751 -24.8683 752.262
v 707.3 -14.0244 748.699
v 849.404 -125.2 161.526
v 877.855 -116.628 148.019
v 772.367 -141.568 176.295
v 864.196 -137.751 150.858
v 839.777 -139.137 167.767
v 717.962 -177.176 172.56
v 853.312 -129.479 172.609
v 771.767 -165.183 173.73
v 775.919 -159.532 177.508
v 736.942 -154.759 202.095
v 723.954 -182.092 169.591
v 868.119 -112.452 169.958
v 832.561 -132.967 162.38
v 837.908 -119.478 175.411
v 756.339 -171.48 169.937
v 834.863 -138.316 175.404
v 734.094 -164.308 186.467
v 839.023 -126.815 170.802
v 840.065 -112.956 199.229
v 759.1 -151.098 203.651
v 829.026 -134.759 177.403
v 837.125 -135.941 178.652
v 856.32 -124.416 180.999
v 854.625 -113.489 194.086
v 770.172 -146.501 200.392
v 856.035 -99.8264 195.886
v 830.369 -133.59 192.178
v 822.757 -128.412 202.764
v 828.174 -125.356 203.698
v 721.912 -165.08 201.111
v 745.419 -143.366 218.16
v 829.928 -126.039 194.663
v 779.38 -133.602 312.119
v 765.734 -136.332 324.713
v 773.192 -147.051 320.831
v 769.11 -147.78 321.931
v 783.165 -120.231 316.358
v 787.766 -129.591 323.667
v 772.211 -154.717 328.374
v 779.604 -136.948 322.745
v 798.764 -134.118 331.9
v 775.969 -154.737 328.061
v 795.334 -162.331 329.234
v 784.092 -151.125 330.712
v 800.034 -163.582 333.141
v 821.192 -155.817 328.531
v 784.151 -161.515 330.953
v 769.121 -139.481 336.458
v 788.691 -149.434 330.172
v 808.887 -161.111 330.467
v 816.158 -158.232 328.367
v 772.114 -152.156 333.272
v 808.008 -155.352 330.848
v 826.872 -139.807 326.685
v 768.545 -127.244 325.995
v 791.415 -156.163 337.613
v 813.823 -160.276 332.727
v 814.47 -156.509 336.723
v 819.145 -151.759 336.21
v 830.794 -128.34 329.245
v 798.288 -122.095 335.181
v 823.212 -142.901 330.858
v 830.383 -126.071 328.345
v 806.575 -154.799 342.336
v 765.682 -132.776 342.052
v 791.083 -151.283 345.482
v 837.645 -120.907 333.919
v 802.951 -119.265 350.501
v 837.804 -116.742 333.778
v 813.677 -153.181 343.098
v 835.367 -122.364 348.048
v 821.238 -145.253 349.004
v 764.036 -130.881 348.528
v 852.629 -119.262 344.661
v 827.718 -126.868 345.048
v 856.219 -117.599 347.051
v 830.835 -113.735 344.654
v 779.742 -135.564 348.855
v 808.83 -118.968 354.193
v 822.149 -135.056 355.583
v 817.337 -145.799 365.291
v 832.508 -110.432 356.526
v 853.135 -114.794 348.796
v 858.966 -121.257 352.376
v 839.525 -111.948 350.574
v 799.515 -137.308 367.762
v 840.785 -107.683 360.185
v 826.408 -110.852 361.541
v 807.053 -146.632 364.888
v 825.284 -129.277 361.651
v 852.798 -120.852 366.421
v 858.34 -111.404 361.236
v 787.3 -131.619 372.026
v 774.825 -126.813 357.27
v 837.748 -117.588 383.658
v 842.855 -120.273 359.589
v 817.02 -139.109 392.915
v 862.913 -124.348 365.017
v 863.728 -118.385 367.195
v 859.536 -124.756 367.627
v 813.851 -143.959 381.112
v 819.33 -131.592 367.319
v 783.441 -121.998 387.774
v 818.895 -143.609 373.4
v 864.27 -130.749 375.7
v 858.582 -128.286 381.779
v 855.01 -107.968 373.432
v 867.733 -133.151 388.405
v 852.499 -121.685 392.042
v 804.595 -134.252 383.334
v 766.278 -128.05 397.901
v 868.555 -130.764 385.082
v 848.33 -100.169 386.362
v 862.442 -119.143 388.46
v 873.538 -128.735 397.061
v 826.776 -116.04 391.206
v 775.552 -119.382 407.965
v 808.955 -131.044 413.51
v 772.633 -126.552 407.617
v 850.732 -105.664 390.948
v 835.103 -112.777 396.401
v 819.787 -117.465 396.224
v 866.806 -112.842 400.293
v 865.191 -120.984 406.913
v 817.694 -127.331 397
v 850.57 -101.272 400.654
v 816.787 -128.844 418.077
v 812.765 -133.621 411.296
v 849.931 -97.4265 402.594
v 824.347 -105.274 409.4
v 883.142 -112.267 401.744
v 873.681 -121.454 397.205
v 764.748 -124.245 417.918
v 865.66 -107.464 402.034
v 874.343 -102.045 400.354
v 882.844 -90.1364 399.062
v 867.617 -90.3961 402.893
v 881.773 -115.931 403.919
v 796.185 -120.236 410.426
v 750.226 -122.592 416.844
v 859.465 -117.975 409.371
v 886.46 -103.588 402.993
v 765.538 -135.502 419.888
v 750.123 -136.551 428.613
v 865.009 -110.128 412.324
v 769.78 -126.035 420.148
v 775.516 -112.146 428.274
v 805.285 -116.757 433.919
v 771.081 -124.82 426.64
v 775.073 -130.3 425.408
v 772.065 -134.021 422.441
v 781.597 -149.34 428.181
v 778.174 -131.706 429.054
v 818.652 -106.003 424.021
v 791.106 -139.653 429.377
v 850.48 -104.576 423.812
v 770.219 -125.156 435.524
v 876.997 -89.1367 415.381
v 812.443 -112.321 446.161
v 774.328 -154.532 435.731
v 783.344 -159.065 441.15
v 860.091 -105.497 421.496
v 819.359 -100.665 440.571
v 796.105 -142.251 436.359
v 791.031 -153.433 434.72
v 796.302 -151.962 443.399
v 784.614 -138.476 443.238
v 865.911 -90.727 433.336
v 795.884 -143.944 445.929
v 818.973 -118.994 430.641
v 788.732 -160.818 449.845
v 799.314 -151.226 444.914
v 844.251 -91.7224 445.697
v 809.753 -156.065 445.487
v 821.158 -102.763 452.937
v 821.19 -156.442 448.524
v 811.808 -163.479 448.694
v 774.848 -131.171 447.835
v 754.837 -152.696 467.812
v 816.36 -148.77 447.365
v 812.12 -145.282 447.084
v 795.426 -168.743 456.06
v 851.789 -87.3497 447.516
v 794.044 -138.999 456.575
v 823.137 -168.997 458.692
v 777.39 -132.087 459.966
v 769.205 -125.618 460.711
v 809.407 -171.64 457.714
v 801.007 -142.688 448.96
v 807.483 -100.02 458.159
v 781.888 -163.54 455.989
v 827.043 -153.087 454.12
v 814.818 -98.1566 468.289
v 812.585 -176.349 470.545
v 819.121 -104.708 456.97
v 774.58 -129.235 474.626
v 824.382 -172.312 467.435
v 832.565 -159.748 461.971
v 805.724 -141.456 460.815
v 797.533 -140.394 469.823
v 832.922 -165.926 470.013
v 780.937 -170.595 490.601
v 807.604 -145.024 471.367
v 770.014 -125.168 472.107
v 818.942 -176.115 480.711
v 829.629 -158.114 478.857
v 832.005 -164.823 481.014
v 763.839 -119.604 485.973
v 817.342 -150.479 478.964
v 792.161 -138.622 481.82
v 825.135 -171.745 486.268
v 832.629 -165.192 483.982
v 813.148 -156.642 492.643
v 803.722 -146.897 487.254
v 815.131 -175.611 491.263
v 830.904 -161.165 485.312
v 835.087 -159.316 490.311
v 839.733 -176.951 492.587
v 803.966 -175.361 492.72
v 782.871 -132.735 491.105
v 767.141 -117.843 507.433
v 851.23 -164.296 490.401
v 824.35 -157.823 488.131
v 849.548 -160.473 492.15
v 763.011 -165.057 503.255
v 857.985 -169.123 503.102
v 856.754 -163.631 501.106
v 852.846 -176.257 500.331
v 802.384 -147.644 505.753
v 704.786 -118.961 487.244
v 829.224 -190.298 513.046
v 795.217 -143.565 501.675
v 821.976 -185.41 501.198
v 822.987 -157.521 513.471
v 784.878 -133.864 510.254
v 815.781 -153.966 500.926
v 787.949 -178.788 508.971
v 783.319 -180.629 527.922
v 853.496 -181.188 514.569
v 831.316 -163.625 517.8
v 836.28 -161.447 508.805
v 773.947 -121.499 519.673
v 809.05 -191.484 539.849
v 814.264 -152.328 515.954
v 842.994 -186.445 511.733
v 857.074 -167.452 510.298
v 857.094 -173.52 513.518
v 848.482 -175.986 529.135
v 801.276 -145.889 520.873
v 846.79 -186.601 527.624
v 818.799 -153.378 519.092
v 833.121 -168.984 524.499
v 792.906 -137.901 534.118
v 723.725 -132.761 527.314
v 834.344 -158.784 520.087
v 841.506 -172.73 528.554
v 831.731 -193.96 537.246
v 805.827 -148.038 526.242
v 837.805 -161.357 525.456
v 731.408 -138.691 531.004
v 725.015 -134.413 536.52
v 770.906 -113.83 527.801
v 843.189 -186.054 533.641
v 762.019 -167.876 549.979
v 780.116 -126.48 535.418
v 845.86 -179.909 535.481
v 835.773 -163.845 536.051
v 845.266 -187.176 537.363
v 866.987 -200.12 540.415
v 838.546 -191.141 539.52
v 847.882 -181.616 538.211
v 838.066 -175.677 542.392
v 818.563 -154.163 535.878
v 844.586 -176.968 541.029
v 830.199 -172.743 542.581
v 784.243 -115.495 537.489
v 877.321 -193.253 537.68
v 848.592 -176.817 544.399
v 806.336 -147.975 543.142
v 748.738 -155.193 552.837
v 878.48 -184.33 538.093
v 883.146 -198.81 543.328
v 718.675 -131.481 548.264
v 891.581 -191.153 544.538
v 855.865 -206.762 550.811
v 766.737 -106.104 551.683
v 877.999 -204.119 547.739
v 780.222 -181.227 555.296
v 821.029 -160.212 552.671
v 783.024 -124.709 543.26
v 888.165 -198.957 549.583
v 827.864 -169.494 549.43
v 779.423 -116.169 550.146
v 890.093 -186.192 545.07
v 871.781 -181.381 541.526
v 829.798 -198.61 547.827
v 810.373 -196.757 567.452
v 796.316 -141.051 553.757
v 837.955 -204.759 560.62
v 868.049 -184.653 552.649
v 849.19 -177.762 550.336
v 785.554 -130.931 547.997
v 891.736 -187.326 553.118
v 728.822 -130.959 557.937
v 864.189 -209.591 557.368
v 785.844 -130.203 561.193
v 839.05 -171.854 564.785
v 770.124 -170.785 581.153
v 856.663 -181.468 561.189
v 850.802 -209.102 568.916
v 887.999 -187.365 557.707
v 727.897 -127.004 568.817
v 891.26 -198.936 560.811
v 892.97 -191.072 558.519
v 768.727 -107.622 562.258
v 821.017 -161.108 559.488
v 840.634 -205.962 567.432
v 732.839 -133.169 561.063
v 900.658 -197.476 565.81
v 897.622 -185.664 560.146
v 828.719 -273.728 -219.73
v 861.836 -236.421 -228.334
v 714.342 -293.384 -219.322
v 825.453 -232.137 -233.359
v 726.954 -321.202 -214.031
v 835.767 -231.637 -242.694
v 843.607 -204.007 -226.771
v 698.95 -266.118 -194.265
v 754.797 -289.596 -217.4
v 767.415 -291.118 -204.936
v 802.565 -271.029 -203.121
v 838.35 -217.995 -232.63
v 857.559 -236.776 -233.9
v 851.675 -231.563 -231.891
v 816.453 -163.343 -230.324
v 841.723 -213.372 -233.17
v 851.547 -263.091 -220.336
v 741.205 -304.579 -222.366
v 772.589 -310.777 -211.289
v 798.494 -281.454 -203.801
v 684.99 -270.228 -212.867
v 729.803 -320.544 -187.483
v 835.416 -278.579 -223.496
v 824.49 -225.055 -214.133
v 791.045 -317.317 -200.084
v 862.499 -240.227 -220.738
v 830.25 -236.735 -233.154
v 713.992 -319.479 -209.496
v 782.467 -312.68 -194.986
v 716.202 -305.331 -209.925
v 854.171 -227.174 -224.798
v 696.911 -275.431 -219.79
v 800.878 -313.302 -208.801
v 775.575 -312.803 -200.072
v 740.057 -318.445 -181.344
v 838.566 -225.972 -206.224
v 829.778 -219.929 -226.576
v 844.103 -187.256 -216.884
v 847.585 -270.849 -204.668
v 766.482 -288.711 -195.776
v 759.591 -289.884 -201.536
v 858.436 -246.951 -212.292
v 842.487 -182.081 -219.024
v 864.247 -219.027 -214.485
v 799.13 -314.878 -197.104
v 757.395 -292.893 -198.819
v 725.749 -278.499 -174.975
v 830.834 -158.091 -217.502
v 838.33 -267.971 -209.493
v 865.329 -232.069 -210.877
v 857.057 -264.622 -198.982
v 726.298 -305.308 -190.112
v 850.315 -270.129 -207.933
v 714.609 -275.732 -194.015
v 812.653 -262.915 -200.731
v 805.756 -301.513 -189.365
v 774.09 -293.175 -196.234
v 840.181 -195.511 -209.097
v 728.201 -316.544 -184.913
v 823.817 -204.707 -195.084
v 860.441 -254.412 -196.016
v 834.116 -254.74 -185.873
v 838.429 -263.716 -199.29
v 763.544 -287.973 -188.105
v 858.236 -214.052 -209.466
v 762.211 -300.037 -167.068
v 833.957 -194.304 -191.986
v 802.356 -312.27 -196.013
v 778.757 -298.327 -183.504
v 734.293 -314.094 -170.881
v 778.07 -284.778 -173.764
v 726.5 -294.849 -189.698
v 845.525 -255.438 -180.415
v 743.263 -315.027 -192.254
v 842.221 -169.802 -206.378
v 801.78 -285.409 -190.009
v 736.115 -316.982 -170.368
v 860.439 -241.082 -195.328
v 821.101 -197.416 -179.973
v 830.876 -210.468 -183.56
v 835.493 -152.576 -200.305
v 725.979 -267.348 -161.342
v 840.92 -164.978 -175.952
v 794.356 -301.657 -174.163
v 752.512 -310.734 -158.597
v 864.468 -220.851 -186.63
v 865.055 -261.71 -168.511
v 810.028 -292.321 -158.188
v 808.699 -257.93 -181.511
v 868.324 -198.822 -186.755
v 872.464 -251.44 -169.466
v 771.926 -281.011 -169.796
v 810.043 -288.53 -167.395
v 712.861 -268.506 -184.413
v 864.161 -199.133 -165.656
v 735.31 -310.323 -162.878
v 804.443 -270.654 -175.828
v 861.999 -236.623 -184.379
v 686.331 -259.471 -171.604
v 865.855 -226.772 -163.709
v 864.267 -200.512 -192.934
v 836.629 -194.841 -162.978
v 783.006 -299.333 -178.315
v 778.495 -278.002 -162.595
v 732.583 -284.313 -163.072
v 825.21 -244.911 -167.924
v 711.93 -252.704 -150.246
v 856.04 -247.039 -158.483
v 840.495 -150.708 -178.361
v 764.097 -294.309 -170.767
v 767.13 -284.347 -167.18
v 773.298 -274.204 -151.518
v 693.764 -248.884 -137.208
v 812.14 -289.711 -156.23
v 862.071 -210.918 -165.375
v 697.403 -253.372 -164.204
v 802.583 -289.819 -156.28
v 811.224 -277.677 -137.362
v 751.137 -310.549 -146.538
v 814.526 -241.241 -150.314
v 728.798 -259.331 -139.689
v 737.942 -298.868 -148.433
v 830.392 -196.483 -161.514
v 837.666 -171.579 -167.895
v 835.3 -167.503 -155.787
v 770.744 -276.532 -144.54
v 781.021 -272.849 -150.946
v 862.667 -181.828 -171.412
v 709.407 -245.912 -134.117
v 744.112 -308.582 -142.284
v 807.199 -264.954 -156.34
v 844.582 -238.796 -155.89
v 869.558 -190.498 -175.366
v 872.071 -257.825 -161.944
v 803.279 -280.501 -134.575
v 744.933 -266.171 -127.747
v 824.603 -194.533 -159.648
v 821.489 -179.881 -152.174
v 807.838 -277.636 -130.247
v 753.548 -306.472 -128.535
v 807.909 -257.205 -155.063
v 779.146 -264.368 -128.916
v 797.292 -270.34 -135.171
v 875.53 -223.064 -144.319
v 840.493 -149.906 -150.429
v 764.439 -300.415 -142.833
v 746.777 -288.78 -125.388
v 867.696 -173.479 -150.272
v 766.081 -302.881 -117.664
v 811.452 -246.469 -144.994
v 863.662 -204.459 -150.226
v 685.968 -258.503 -142.308
v 875.433 -254.802 -148.856
v 882.07 -246.007 -148.784
v 811.068 -259.707 -136.653
v 837.241 -183.211 -145.18
v 865.707 -247.249 -144.517
v 862.929 -171.244 -151.26
v 746.67 -272.543 -129.137
v 796.483 -281.802 -148.255
v 840.466 -225.792 -135.863
v 877.143 -252.194 -138.741
v 832.722 -179.065 -136.264
v 823.344 -234.265 -147.69
v 823.72 -168.005 -133.821
v 883.473 -247.316 -131.511
v 702.315 -241.535 -117.717
v 687.792 -254.135 -119.113
v 882.474 -231.68 -143.211
v 770.311 -291.303 -130.028
v 785.664 -262.005 -130.664
v 813.533 -233.282 -132.252
v 693.738 -245.761 -119.751
v 871.185 -176.973 -143.784
v 830.757 -147.286 -124.709
v 817.673 -255.549 -116.963
v 731.308 -249.215 -118.688
v 814.131 -270.498 -128.266
v 867.556 -186.061 -137.06
v 803.019 -258.491 -113.197
v 819.128 -222.098 -120.86
v 770.628 -296.514 -120.823
v 798.197 -262.757 -120.883
v 866.713 -198.068 -135.399
v 856.602 -167.981 -144.106
v 892.365 -222.449 -117.781
v 814.362 -249.941 -119.002
v 689.848 -252.758 -91.7811
v 716.674 -241.084 -116.833
v 699.963 -238.925 -100.747
v 840.754 -142.265 -135.866
v 790.304 -255.092 -116.536
v 749.761 -262.247 -108.58
v 830.594 -170.289 -132.295
v 775.811 -266.321 -120.337
v 853.896 -230.151 -133.046
v 872.5 -202.716 -139.39
v 838.699 -165.617 -114.967
v 826.393 -176.727 -138.678
v 754.957 -295.191 -111.806
v 752.708 -268.505 -109.677
v 815.367 -223.018 -112.156
v 835.928 -157.623 -122.067
v 813.934 -260.87 -115.671
v 786.066 -249.119 -107.223
v 778.302 -254.976 -103.795
v 826.238 -152.913 -121.309
v 848.337 -212.887 -102.086
v 817.498 -257.313 -110.022
v 868.81 -168.479 -113.815
v 871.032 -157.505 -119.166
v 858.78 -145.846 -109.411
v 796.826 -242.359 -90.0744
v 872.748 -193.861 -117.525
v 890.063 -213.221 -117.789
v 811.676 -239.712 -118.227
v 879.568 -198.278 -128.555
v 890.458 -234.892 -121.224
v 723.788 -234.585 -93.9535
v 891.96 -228.538 -99.6937
v 696.363 -241.879 -95.2935
v 707.434 -235.004 -98.0287
v 817.489 -248.378 -93.3871
v 813.178 -242.92 -102.491
v 873.481 -245.477 -121.755
v 780.544 -258.547 -88.5413
v 823.034 -218.355 -117.762
v 830.31 -133.18 -103.581
v 896.135 -219.674 -98.6344
v 784.569 -242.45 -91.4842
v 758.512 -276.33 -93.8464
v 778.078 -287.301 -90.534
v 766.519 -286.139 -84.9287
v 868.559 -177.191 -110.553
v 765.678 -294.336 -91.197
v 790.623 -238.683 -86.1178
v 868.903 -142.475 -98.5791
v 834.378 -161.947 -108.742
v 818.553 -243.108 -81.8168
v 774.289 -294.183 -92.1829
v 806.374 -249.439 -92.2206
v 837.086 -213.403 -110.548
v 865.542 -152.967 -123.501
v 752.616 -260.279 -84.0564
v 739.728 -245.132 -84.5382
v 724.008 -225.248 -61.0832
v 872.272 -237.367 -105.758
v 781.754 -282.476 -62.856
v 869.005 -226.201 -86.7931
v 857.654 -220.768 -89.6909
v 813.318 -223.376 -95.6328
v 877.409 -183.047 -90.1479
v 833.399 -163.378 -114.206
v 774.363 -290.092 -75.0676
v 831.645 -148.337 -79.3025
v 695.044 -251.58 -60.5139
v 696.156 -243.929 -74.4167
v 827.69 -197.923 -89.4096
v 870.915 -183.321 -100.045
v 788.243 -234.063 -65.7747
v 892.844 -198.638 -92.3108
v 728.329 -228.842 -65.6119
v 812.999 -248.496 -88.385
v 733.759 -238.992 -89.5366
v 767.605 -280.783 -74.4936
v 884.764 -228.452 -91.6473
v 868.753 -133.742 -87.3938
v 836.412 -194.251 -82.6176
v 814.424 -206.197 -83.7459
v 781.768 -274.776 -76.6283
v 839.674 -155.082 -95.7107
v 874.498 -179.612 -87.419
v 708.613 -230.336 -74.1181
v 843.212 -197.736 -80.6993
v 817.243 -233.99 -57.1741
v 747.144 -249.459 -59.856
v 828.441 -185.98 -68.4846
v 760.251 -266.693 -47.0671
v 853.48 -204.252 -54.796
v 770.372 -291.628 -80.1827
v 880.876 -202.658 -66.1027
v 713.828 -226.4 -56.6799
v 718.825 -227.199 -69.8487
v 817.493 -201.213 -86.0726
v 700.834 -240.215 -60.0267
v 786.987 -232.208 -52.6753
v 898.379 -209.079 -71.3587
v 868.754 -160.617 -82.8478
v 868.332 -122.768 -64.2176
v 740.89 -243.71 -51.6856
v 872.402 -165.539 -69.5739
v 892.069 -214.683 -76.5676
v 732.027 -227.707 -50.7635
v 821.405 -191.103 -74.0572
v 783.485 -245.327 -71.9874
v 818.015 -227.964 -70.116
v 785.855 -275.451 -56.2126
v 801.035 -231.798 -65.3278
v 773.012 -280.678 -52.665
v 794.323 -230.918 -65.4453
v 814.229 -210.203 -63.3089
v 720.464 -221.27 -49.6877
v 707.414 -230.7 -37.2229
v 835.097 -142.34 -65.1511
v 829.15 -148.1 -84.3423
v 876.714 -174.154 -72.1422
v 894.45 -178.538 -63.9193
v 819.528 -180.071 -42.8521
v 831.297 -135.086 -50.0607
v 786.626 -233.786 -47.4586
v 900.424 -198.059 -69.6827
v 815.04 -194.194 -59.67
v 748.2 -247.179 -26.2585
v 790.01 -261.86 -37.4373
v 909.252 -131.651 -71.0442
v 896.959 -199.225 -53.5382
v 912.656 -158.045 -67.9743
v 871.605 -141.458 -72.2539
v 910.2 -159.111 -67.6971
v 904.232 -157.222 -64.1228
v 772.978 -274.835 -35.8616
v 872.695 -205.529 -66.8291
v 862.93 -220.229 -77.4292
v 811.825 -234.812 -58.8085
v 883.986 -172.687 -63.5863
v 820.707 -228.738 -50.8827
v 919.362 -167.741 -59.0477
v 869.904 -151.003 -58.6177
v 820.737 -223.479 -48.2931
v 734.789 -216.32 -26.4623
v 702.565 -231.726 -23.4163
v 915.297 -155.127 -62.7889
v 910.05 -128.066 -55.7891
v 904.253 -106.898 -65.9684
v 697.024 -245.479 -46.0221
v 791.634 -216.23 -32.5303
v 815.515 -207.2 -47.8146
v 731.402 -212.293 -20.2221
v 885.613 -189.206 -45.9897
v 911.392 -145.979 -67.0458
v 925.87 -161.871 -56.4879
v 893.383 -155.227 -46.0681
v 899.454 -180.733 -43.8665
v 716.909 -221.088 -31.189
v 741.972 -241.823 -28.4508
v 873.787 -184.653 -41.3537
v 801.638 -214.506 -30.8842
v 886.583 -160.254 -41.7281
v 736.059 -227.892 -38.3231
v 767.593 -268.713 -21.9049
v 789.518 -240.585 -27.0777
v 898.824 -196.75 -52.722
v 909.581 -135.196 -45.829
v 787.975 -218.623 -29.2892
v 895.079 -192.41 -38.2804
v 916.645 -150.552 -50.8925
v 870.578 -129.374 -58.0087
v 785.85 -263.336 -22.3181
v 847.781 -193.392 -43.7504
v 906.825 -125.161 -71.148
v 757.837 -259.386 -19.9208
v 909.016 -167.396 -54.6054
v 906.608 -116.717 -44.2045
v 795.586 -213.708 -30.6212
v 817.274 -193.054 -26.3433
v 869.139 -133.025 -36.4333
v 941.852 -138.164 -47.7488
v 919.448 -146.267 -42.3322
v 911.929 -171.23 -40.2003
v 739.294 -228.465 -17.3123
v 907.248 -110.39 -52.388
v 818.937 -166.538 -14.3895
v 925.996 -166.402 -50.7905
v 938.542 -154.692 -51.0204
v 792.952 -247.291 -11.674
v 897.001 -169.417 -39.478
v 837.123 -179.537 -50.2364
v 816.553 -218.127 -23.5325
v 897.293 -172.706 -31.9083
v 900.125 -166.947 -39.2981
v 839.621 -178.548 -41.9501
v 825.667 -173.093 -37.5721
v 888.487 -119.917 -47.5919
v 859.513 -181.717 -22.7705
v 751.372 -247.673 -9.61288
v 822.548 -215.437 -29.283
v 787.944 -215.337 -12.3095
v 948.147 -148.041 -42.7709
v 953.23 -137.673 -42.2214
v 942.674 -128.438 -39.1994
v 931.092 -157.95 -21.4147
v 821.549 -214.794 -18.8347
v 881.887 -183.747 -37.955
v 789.383 -208.833 -7.38987
v 886.419 -187.691 -27.6162
v 817.155 -181.498 -36.8658
v 905.729 -121.624 -32.0322
v 845.125 -182.053 -22.3643
v 736.669 -210.864 -6.47401
v 873.908 -143.137 -28.1211
v 720.821 -213.428 -7.29023
v 699.792 -233.883 -2.00257
v 874.855 -179.46 -24.7955
v 816.184 -187.272 -35.3062
v 884.121 -120.591 -30.2605
v 824.477 -157.42 -1.41947
v 789.083 -222.722 -3.26732
v 739.609 -227.029 3.12704
v 954.231 -137.755 -35.1568
v 906.902 -171.135 -20.3074
v 792.408 -247.705 -3.31168
v 818.859 -210.495 -3.95893
v 834.324 -166.828 -23.0211
v 742.038 -236.212 -4.41891
v 940.127 -150.803 -23.0014
v 900.967 -170.525 -32.3964
v 823.645 -203.406 -9.37674
v 853.224 -193.249 -36.3179
v 905.628 -125.964 -21.8459
v 739.061 -214.536 -9.66145
v 815.352 -174.651 -14.4125
v 926.476 -99.593 -26.8852
v 915.891 -167.668 -20.5142
v 815.505 -178.986 -4.15926
v 950.389 -138.803 -27.3219
v 701.114 -227.592 10.4871
v 872.274 -117.384 -11.7014
v 830.676 -172.925 -40.6622
v 893.786 -178.586 -21.7356
v 894.35 -171.235 -18.1077
v 885.518 -115.595 -20.4416
v 728.003 -208.463 -2.08118
v 935.384 -156.893 -19.1492
v 935.82 -120.36 -27.5233
v 918.725 -160.419 -6.54166
v 782.524 -250.965 6.3777
v 758.422 -255.61 5.50095
v 946.643 -126.422 -29.3216
v 941.195 -117.568 -20.7011
v 823.643 -205.726 -2.19296
v 894.241 -167.77 -8.45842
v 817.879 -185.405 -4.30285
v 922.864 -106.281 -12.206
v 923.198 -120.076 -9.08752
v 934.057 -165.583 -14.6052
v 739.572 -217.598 8.4064
v 936.679 -157.213 -14.1296
v 932.199 -160.357 -17.0147
v 941.98 -140.814 -18.1337
v 877.682 -131.67 -15.3284
v 916.195 -123.917 -12.4839
v 792.198 -199.231 12.5632
v 738.337 -224.359 34.7802
v 905.935 -166.595 -2.49611
v 843.189 -166.673 5.50366
v 938.672 -115.48 -20.013
v 928.852 -167.158 -8.48311
v 925.692 -159.766 -3.46642
v 815.854 -173.737 10.6449
v 732.334 -203.813 23.4039
v 912.688 -119.205 -21.2912
v 721.057 -205.688 24.4675
v 873.687 -177.455 -6.02969
v 708.119 -220.326 -0.290065
v 939.403 -135.97 -11.6742
v 793.585 -235.42 11.0709
v 939.039 -181.294 -3.42128
v 941.154 -117.352 -8.78666
v 735.243 -203.765 37.3016
v 934.486 -175.559 -10.8849
v 839.396 -165.023 3.64074
v 771.64 -241.683 29.3163
v 748.32 -242.358 9.07193
v 823.271 -196.253 20.4197
v 885.35 -175.209 -7.68023
v 823.617 -196.517 3.66376
v 815.69 -166.622 -0.669573
v 931.011 -175.156 -7.07736
v 831.251 -157.87 -0.961019
v 939.183 -137.835 -3.20772
v 938.047 -168.633 -8.35782
v 787.632 -206.668 18.1323
v 821.928 -199.161 22.51
v 823.155 -189.262 15.9338
v 924.605 -168.308 1.75124
v 760.325 -254.224 13.4653
v 934.073 -112.336 -9.70884
v 945.325 -175.21 -1.8132
v 888.3 -158.51 10.1294
v 936.108 -110.077 11.1308
v 704.105 -216.331 25.324
v 803.435 -200.484 8.23102
v 944.328 -180.078 -1.19371
v 792.613 -226.996 29.7421
v 736.249 -206.58 19.8116
v 820.82 -204.207 13.0063
v 819.585 -150.919 21.6639
v 922.643 -158.236 -5.40461
v 788.644 -216.4 20.171
v 944.406 -138.998 6.48697
v 696.252 -223.629 38.9029
v 852.646 -163.586 9.21382
v 954.989 -164.91 9.3529
v 751.856 -239.754 46.2009
v 856.177 -161.878 13.2282
v 932.234 -109.587 11.7253
v 768.042 -240.369 34.5869
v 958.77 -157.631 12.7371
v 798.797 -197.699 13.8832
v 813.743 -188.277 48.1798
v 707.821 -213.613 21.7209
v 920.778 -152.519 8.10065
v 743.173 -230.502 45.0412
v 863.218 -163.672 21.148
v 727.764 -198.913 42.5604
v 924.94 -172.047 10.9661
v 719.506 -193.224 64.2798
v 937.603 -174.582 14.675
v 907.933 -145.669 21.8558
v 815.313 -163.654 27.7115
v 815.931 -152.949 28.843
v 921.728 -116.638 6.17807
v 828.313 -146.319 27.6675
v 855.951 -153.18 44.0425
v 787.887 -224.787 51.3115
v 938.723 -127.252 6.41344
v 963.544 -142.668 23.74
v 918.62 -163.381 24.4463
v 835.591 -147.145 36.6071
v 782.696 -236.226 37.6869
v 942.24 -131.523 11.4801
v 820.922 -176.989 29.3132
v 902.905 -111.571 15.5561
v 917.535 -153.877 24.7526
v 789.873 -210.87 60.3826
v 926.203 -110.686 28.2278
v 959.984 -156.547 17.1688
v 731.637 -200.999 52.1595
v 925.896 -166.971 32.1068
v 958.651 -142.963 15.5407
v 936.672 -120.324 27.5344
v 931.934 -112.836 24.4286
v 929.174 -167.472 36.9478
v 965.58 -150.858 27.2391
v 736.299 -217.222 40.6073
v 739.768 -222.575 70.5173
v 821.377 -179.637 49.5798
v 798.901 -183.747 47.9958
v 944.657 -162.937 20.2316
v 702.427 -209.126 49.4234
v 914.041 -112.198 26.1409
v 770.287 -223.804 57.2839
v 823.786 -144.834 31.2676
v 938.43 -149.783 36.5153
v 904.177 -111.347 22.0498
v 923.066 -114.652 23.792
v 785.357 -202.24 49.1928
v 733.501 -213.551 61.8527
v 873.41 -154.55 29.8121
v 788.976 -201.093 17.5371
v 817.972 -166.873 40.2952
v 815.063 -152.044 52.7573
v 905.011 -141.694 33.6232
v 696.241 -209.003 78.7742
v 897.131 -142.034 32.5131
v 821.924 -177.218 43.794
v 881.659 -143.114 36.4206
v 912.45 -156.654 41.8125
v 822.634 -132.333 65.6661
v 942.595 -123.057 34.9233
v 791.693 -185.995 43.7627
v 725.783 -194.93 62.2844
v 934.919 -165.545 32.539
v 964.447 -133.315 35.8756
v 844.393 -146.843 36.6411
v 907.906 -144.531 41.2421
v 894.347 -139.944 46.7673
v 827.588 -133.84 59.5623
v 963.43 -127.245 40.8964
v 955.066 -145.514 44.2002
v 959.953 -127.278 37.6398
v 934.27 -113.741 37.232
v 782.035 -221.151 63.1485
v 939.013 -113.244 40.6169
v 865.201 -138.677 58.4479
v 816.235 -142.216 54.4315
v 916.101 -162.8 58.1994
v 926.229 -142.306 59.853
v 902.002 -104.84 46.023
v 757.633 -226.895 68.0671
v 967.056 -146.304 34.7548
v 788.88 -178.066 62.8756
v 725.13 -193.151 77.2538
v 789.683 -218.725 56.2155
v 916.224 -162.208 43.1732
v 943.699 -101.288 38.1595
v 904.958 -155.127 57.1859
v 882.479 -137.836 46.745
v 918.792 -108.168 43.7525
v 934.212 -104.038 44.594
v 707.676 -200.255 58.3767
v 885.709 -137.476 50.4629
v 775.446 -223.58 55.4511
v 957.186 -125.188 51.0257
v 952.964 -110.872 49.0672
v 913.189 -108.842 46.0826
v 938.743 -90.6532 48.8081
v 928.411 -108.62 42.5626
v 746.619 -227.651 76.0161
v 922.174 -103.284 49.1654
v 848.36 -148.622 52.3713
v 785.154 -186.314 61.3087
v 929.732 -136.447 55.2244
v 906.341 -105.858 52.7472
v 942.625 -145.988 40.3642
v 885.919 -144.024 63.8335
v 939.696 -133.299 60.2853
v 873.135 -134.164 62.0951
v 939.11 -98.1517 56.8547
v 896.913 -140.03 59.4683
v 903.414 -161 75.7413
v 951.526 -128.68 57.8633
v 788.057 -214.48 71.839
v 794.841 -169.216 78.3689
v 852.321 -147.982 58.4425
v 856.658 -143.829 60.6802
v 878.137 -136.213 62.7525
v 815.769 -147.322 72.8588
v 841.338 -139.87 55.7681
v 782.794 -173.963 87.38
v 820.3 -165.472 61.247
v 840.99 -128.869 88.8433
v 784.976 -208.452 84.9046
v 785.937 -195.525 71.0533
v 778.28 -204.908 83.0445
v 928.7 -129.352 62.0701
v 715.221 -189.981 81.5707
v 939.33 -112.985 74.0014
v 817.087 -179.561 64.5295
v 786.87 -166.392 88.1931
v 859.653 -128.89 77.6736
v 815.844 -136.959 76.4947
v 897.194 -142.09 65.4609
v 808.682 -171.218 88.8662
v 880.327 -142.031 63.8031
v 903.45 -159.588 80.8629
v 896.171 -157.077 81.6041
v 936.207 -120.277 80.2742
v 727.234 -196.297 89.5408
v 832.825 -125.225 81.8681
v 944.978 -129.1 63.2465
v 717.865 -187.418 88.7628
v 739.539 -215.786 100.303
v 705.835 -194.819 82.1365
v 710.406 -183.249 104.901
v 692.806 -200.872 107.335
v 722.131 -187.012 98.0971
v 816.726 -146.809 90.0998
v 775.4 -197.042 99.9546
v 862.418 -129.662 86.5718
v 922.998 -93.8676 72.1526
v 915.372 -149.221 68.658
v 771.965 -198.589 96.7804
v 785.234 -186.088 106.334
v 818.823 -166.593 81.4535
v 914.33 -128.407 82.9694
v 819.691 -156.765 86.7459
v 864.849 -137.862 86.8428
v 729.755 -205.444 99.1983
v 795.437 -159.044 101.623
v 788.876 -208.236 80.2939
v 930.777 -113.306 88.8482
v 886.079 -143.991 94.2356
v 858.924 -126.419 85.8986
v 781.778 -175.32 98.528
v 871.305 -141.762 88.7154
v 923.122 -119.714 83.2656
v 879.501 -139.03 95.971
v 721.056 -182.806 119.342
v 714.651 -175.464 124.115
v 836.191 -127.319 90.6194
v 907.501 -133.394 92.1961
v 817.077 -148.481 103.645
v 930.299 -120.934 85.4131
v 783.652 -201.957 101.194
v 882.215 -148.892 108.036
v 908.78 -118.51 96.6746
v 746.249 -216.027 99.5438
v 892.788 -153.958 96.2228
v 845.493 -124.78 101.612
v 815.594 -128.542 101.979
v 863.024 -143.061 106.099
v 732.116 -201.121 132.801
v 783.494 -186.384 122.704
v 876.05 -139.511 106.331
v 810.427 -161.079 111.313
v 853.295 -139.928 105.97
v 783.146 -178.933 127.005
v 787.258 -155.082 110.144
v 769.645 -191.683 116.148
v 869.399 -138.346 115.666
v 761.765 -190.025 119.608
v 906.031 -96.2365 96.2929
v 887.771 -135.734 116.55
v 889.889 -119.331 120.303
v 702.645 -188.849 105.79
v 750.064 -210.324 106.2
v 805.81 -159.519 118.439
v 837.764 -128.129 115.57
v 813.669 -152.357 117.319
v 775.63 -197.622 113.807
v 924.153 -115.796 101.391
v 721.467 -187.898 147.784
v 905.5 -116.863 105.535
v 913.027 -120.353 111.523
v 815.373 -142.823 119.29
v 884.374 -148.098 111.949
v 706.352 -174.794 130.054
v 865.244 -138.802 116.321
v 728.037 -197.925 137.655
v 759.651 -184.051 131.027
v 857.772 -141.641 125.495
v 914.763 -118.535 113.986
v 795.038 -148.742 130.508
v 774.417 -190.082 127.569
v 858.814 -132.437 138.31
v 782.566 -152.582 121.343
v 815.265 -123.207 130.492
v 848.987 -143.745 127.839
v 891.196 -115.817 126.475
v 734.16 -194.547 142.213
v 786.906 -144.34 136.143
v 778.869 -158.919 125.654
v 905.307 -111.355 127.872
v 711.572 -167.727 156.293
v 776.023 -153.945 150.111
v 846.483 -140.969 150.602
v 717.999 -175.416 140.667
v 779.382 -172.492 152.426
v 871.862 -141.417 139.122
v 813.638 -139.638 130.576
v 708.952 -167.736 149.136
v 901.57 -117.534 131.768
v 854.805 -131.948 142.371
v 727.497 -191.185 150.918
v 754.693 -177.712 153.65
v 780.956 -171.142 135.71
v 875.616 -137.229 140.787
v 695.186 -168.313 164.878
v 863.709 -135.357 133.097
v 842.501 -140.288 125.229
v 804.537 -150.988 135.53
v 741.879 -176.185 161.117
v 805.293 -136.33 155.754
v 743.406 -185.335 142.944
v 835.147 -134.821 150.704
v 713.911 -170.847 168.596
v 775.92 -142.452 156.629
v 880.012 -125.666 136.174
v 732.555 -182.833 162.816
v 689.557 -186.439 139.821
v 850.459 -130.468 150.585
v 800.594 -148.109 141.405
v 887.574 -114.128 147.413
v 799.19 -132.15 170.183
v 778.698 -163.833 161.15
v 845.825 -138.162 154.869
v 882.316 -105.817 163.068
v 877.905 -112.824 154.653
v 704.505 -384.42 -600.34
v 673.311 -388.054 -578.734
v 730.324 -379.244 -600.312
v 702.883 -385.839 -578.143
v 845.231 -363.683 -600.155
v 880.497 -317.256 -581.552
v 753.933 -378.246 -577.7
v 728.155 -380.245 -576.179
v 867.549 -332.097 -600.183
v 740.71 -374.124 -574.806
v 702.199 -376.501 -575.049
v 789.757 -373.037 -577.27
v 710.286 -374.94 -566.926
v 906.369 -280.845 -600.189
v 764.147 -370.282 -575.219
v 692.915 -370.695 -563.71
v 796.238 -364.594 -575.071
v 827.077 -366.954 -577.021
v 762.52 -366.22 -563.646
v 827.606 -354.031 -574.415
v 845.914 -363.194 -577.355
v 927.37 -250.255 -600.426
v 855.577 -349.078 -576.122
v 790.31 -363.093 -563.491
v 733.895 -367.189 -559.823
v 693.184 -358.87 -545.887
v 949.096 -219.815 -582.848
v 866.66 -334.664 -576.606
v 854.621 -337.323 -575.082
v 922.326 -257.38 -577.701
v 874.305 -316.991 -574.92
v 678.752 -369.315 -558.812
v 887.983 -298.867 -573.661
v 949.196 -218.051 -600.347
v 884.916 -309.654 -575.446
v 829.205 -343.178 -555.155
v 807.177 -354.071 -557.607
v 948.488 -211.909 -573.755
v 858.298 -326.516 -562.276
v 712.987 -357.954 -542.02
v 681.106 -355.911 -538.512
v 936.872 -232.271 -572.679
v 872.998 -315.404 -560.886
v 774.514 -356.902 -551.083
v 889.761 -293.144 -559.112
v 914.769 -255.269 -570.781
v 947.831 -220.491 -574.485
v 872.481 -305.932 -550.198
v 879.808 -304.196 -555.079
v 813.308 -335.99 -534.528
v 946.076 -184.678 -573.388
v 932.79 -228.674 -571.447
v 708.204 -354.028 -529.561
v 749.938 -355.235 -537.83
v 915.347 -245.002 -553.479
v 936.38 -139.409 -571.331
v 771.352 -348.442 -537.969
v 939.381 -204.696 -571.604
v 848.098 -326.102 -547.271
v 690.15 -354.516 -534.928
v 682.536 -352.922 -515.662
v 929.531 -191.293 -553.096
v 875.506 -294.768 -536.97
v 839.346 -325.516 -537.118
v 934.479 -167.945 -563.341
v 893.524 -266.682 -530.918
v 661.629 -347.442 -515.29
v 708.612 -353.662 -513.216
v 795.421 -335.945 -524.559
v 932.55 -212.526 -561.498
v 734.166 -349.155 -518.274
v 784.222 -339.087 -522.888
v 880.058 -279.308 -523.455
v 719.027 -351.299 -508.199
v 855.533 -307.717 -532.555
v 828.506 -316.868 -526.174
v 918.045 -228.111 -543.659
v 748.906 -346.892 -520.066
v 930.971 -162.735 -550.177
v 852.743 -290.851 -516.315
v 808.759 -327.101 -521.979
v 878.868 -272.22 -513.584
v 915.436 -192.249 -517.203
v 926.951 -139.056 -519.327
v 685.857 -346.586 -495.828
v 922.21 -177.484 -532.279
v 712.271 -348.194 -496.688
v 905.882 -236.126 -520.376
v 920.618 -156.845 -504.819
v 809.883 -316.021 -497.125
v 772.255 -336.621 -499.117
v 693.913 -339.341 -469.851
v 744.128 -339.33 -494.337
v 835.165 -300.004 -511.971
v 878.044 -268.811 -505.566
v 795.059 -328.179 -504.565
v 733.282 -339.618 -480.71
v 706.212 -344.936 -485.088
v 863.076 -281.086 -508.876
v 819.41 -305.988 -492.024
v 758.758 -335.556 -478.085
v 888.916 -255.868 -505.701
v 839.268 -296.024 -506.834
v 895.227 -244.166 -504.449
v 785.199 -329.482 -489.026
v 826.899 -301.779 -484.049
v 900.173 -227.885 -497.397
v 851.019 -291.078 -494.195
v 779.194 -324.617 -464.555
v 904.326 -210.798 -494.081
v 874.743 -276.029 -482.438
v 906.079 -191.145 -481.701
v 883.893 -266.173 -482.4
v 718.317 -331.565 -452.616
v 891.217 -254.868 -481.539
v 805.313 -313.498 -476.158
v 897.989 -229.072 -470.566
v 761.399 -332.23 -466.471
v 918.339 -151.916 -495.135
v 691.198 -337.365 -457.632
v 666.164 -330.649 -446.563
v 889.287 -253.531 -467.055
v 850.581 -289.835 -474.48
v 867.125 -280.585 -471.817
v 875.959 -271.933 -466.072
v 902.542 -179.685 -474.061
v 708.99 -327.438 -434.253
v 761.302 -322.593 -441.539
v 825.84 -298.528 -458.951
v 693.498 -328.437 -429.811
v 731.876 -323.038 -438.341
v 886.546 -242.17 -450.709
v 823.175 -295.312 -442.35
v 908.417 -150.67 -477.347
v 896.143 -202.403 -458.117
v 899.74 -209.379 -465.224
v 793.841 -313.431 -442.944
v 829.297 -289.523 -432.003
v 775.504 -314.031 -430.66
v 845.515 -274.767 -421.952
v 875.05 -262.537 -445.982
v 745.178 -306.397 -408.134
v 706.191 -312.331 -401.064
v 875.133 -135.336 -439.84
v 787.826 -298.618 -403.265
v 873.393 -168.507 -443.336
v 885.63 -227.91 -444.694
v 869.683 -253.861 -429.795
v 673.013 -315.765 -406.749
v 871.786 -202.247 -429.349
v 867.292 -178.107 -434.907
v 849.102 -268.18 -418.145
v 838.388 -258.429 -403.695
v 864.007 -252.095 -422.712
v 858.091 -213.584 -417.198
v 824.175 -276.112 -401.585
v 860.116 -241.633 -417.097
v 863.1 -224.223 -419.709
v 813.365 -295.703 -422.082
v 711.87 -306.311 -386.872
v 852.612 -200.388 -413.305
v 667.799 -309.974 -393.846
v 685.215 -308.264 -379.451
v 843.897 -245.04 -406.312
v 861.926 -237.698 -414.822
v 778.209 -300.292 -400.024
v 866.771 -212.118 -410.648
v 855.868 -213.776 -409.564
v 856.2 -241.401 -413.56
v 754.524 -294.922 -387.776
v 875.254 -244.949 -403.146
v 852.044 -246.891 -402.013
v 844.345 -244.643 -403.067
v 869.506 -218.731 -410.075
v 848.154 -182.644 -412.087
v 836.644 -251.969 -395.92
v 861.117 -217.98 -404.448
v 882.1 -236.832 -402.784
v 880.441 -229.321 -407.348
v 872.541 -229.081 -403.339
v 817.115 -270.621 -383.707
v 691.315 -308.729 -372.668
v 863.968 -223.073 -401.932
v 877.314 -253.928 -396.486
v 867.516 -251.8 -399.328
v 846.512 -208.829 -404.691
v 680.874 -314.109 -370.758
v 824.307 -262.361 -387.589
v 854.831 -231.224 -387.006
v 847.481 -216.072 -406.806
v 739.423 -292.551 -371.933
v 882.593 -244.349 -397.904
v 874.657 -228.588 -394.35
v 852.871 -217.312 -397.567
v 878.086 -240.328 -398.362
v 865.453 -257.66 -387.931
v 848.908 -256.053 -395.431
v 731.624 -294.972 -378.422
v 876.51 -233.441 -389.906
v 857.202 -249.191 -396.993
v 834.621 -263.331 -387.395
v 832.277 -224.682 -390.033
v 882.079 -247.162 -386.798
v 828.868 -255.126 -390.937
v 868.081 -227.27 -394.479
v 761.165 -291.571 -381.869
v 706.08 -305.029 -370.324
v 841.706 -219.607 -391.821
v 851.162 -273.323 -376.082
v 802.014 -279.218 -380.223
v 875.695 -240.586 -393.46
v 874.33 -254.621 -387.788
v 738.212 -313.146 -369.938
v 757.352 -290.065 -369.457
v 834.561 -194.811 -392.428
v 783.138 -278.088 -368.641
v 718.138 -300.624 -366.457
v 828.679 -228.976 -383.553
v 872.131 -229.689 -382.941
v 729.067 -320.713 -365.275
v 676.408 -323.134 -366.84
v 880.417 -240.082 -385.249
v 873.991 -236.651 -386.193
v 738.151 -320.713 -357.059
v 849.003 -221.268 -379.615
v 878.056 -257.518 -380.999
v 721.068 -311.498 -356.146
v 726.816 -323.798 -362.036
v 862.236 -227.09 -386.24
v 823.906 -215.997 -378.659
v 744.701 -322.418 -358.941
v 690.491 -327.135 -352.958
v 878.271 -241.153 -377.022
v 874.555 -236.175 -377.943
v 823.288 -233.255 -369.184
v 843.562 -220.109 -370.178
v 875.46 -250.474 -381.751
v 867.235 -225.999 -384.52
v 824.524 -254.91 -382.036
v 750.913 -328.832 -357.784
v 726.429 -330.588 -353.447
v 864.764 -234.494 -373.195
v 858.204 -228.044 -379.156
v 846.288 -218.836 -387.435
v 820.74 -230.668 -374.061
v 711.144 -309.458 -354.19
v 753.838 -333.224 -361.929
v 861.37 -270.796 -376.595
v 677.088 -315.601 -354.576
v 851.568 -226.156 -373.488
v 762.438 -350.901 -353.102
v 759.3 -338.59 -359.121
v 759.858 -343.35 -354.423
v 688.936 -336.127 -343.495
v 722.638 -322.99 -349.624
v 703.194 -321.72 -340.967
v 810.408 -259.086 -364.071
v 857.435 -230.246 -371.615
v 755.288 -345.007 -350.158
v 875.521 -254.071 -365.998
v 872.88 -249.021 -376.166
v 775.917 -279.808 -363.49
v 805.798 -267.4 -367.951
v 819.623 -194.496 -375.142
v 869.144 -264.349 -372.218
v 767.859 -329.657 -356.264
v 731.975 -323.466 -354.7
v 723.87 -327.354 -352.425
v 764.621 -349.084 -349.926
v 875.011 -248.001 -363.792
v 795.343 -265.931 -356.594
v 842.59 -283.04 -358.014
v 758.853 -350.75 -353.333
v 857.75 -283.869 -358.135
v 816.12 -218.561 -365.156
v 822.622 -177.378 -373.554
v 872.043 -261.646 -364.642
v 816.33 -204.85 -366.67
v 755.367 -340.306 -337.283
v 865.866 -267.058 -376.624
v 693.737 -316.85 -359.187
v 859.687 -237.271 -361.925
v 732.188 -329.162 -341.369
v 739.964 -323.452 -341.102
v 817.665 -254.67 -365.088
v 747.595 -327.328 -347.384
v 684.942 -334.056 -346.584
v 818.584 -230.302 -355.638
v 871.508 -245.736 -370.778
v 821.25 -176.994 -370.051
v 820.974 -181.235 -375.62
v 763.753 -361.235 -346.701
v 875.021 -247.326 -370.131
v 676.971 -310.627 -338.656
v 784.045 -334.052 -343.208
v 870.947 -257.766 -364.867
v 698.227 -328.311 -335.907
v 817.457 -265.656 -349.509
v 815.992 -225.779 -359.647
v 817.011 -193.598 -364.401
v 821.482 -181.216 -363.585
v 779.171 -320.914 -347.165
v 817.274 -198.301 -361.64
v 865.843 -274.385 -352.247
v 848.493 -222.718 -360.679
v 839.459 -219.257 -366.427
v 791.439 -286.419 -350.001
v 687.229 -339.244 -337.212
v 674.889 -303.453 -332.243
v 807.119 -257.599 -347.716
v 781.407 -364.802 -338.955
v 795.722 -280.201 -348.953
v 814.374 -212.888 -353.018
v 826.511 -182.261 -364.796
v 770.52 -364.401 -343.558
v 727.164 -339.423 -338.772
v 750.392 -328.692 -332.431
v 875.091 -257.771 -355.349
v 866.438 -243.773 -361.852
v 782.558 -305.481 -343.449
v 800.808 -264.231 -347.893
v 818.851 -207.64 -363.739
v 684.806 -339.974 -328.153
v 870.402 -252.927 -354.568
v 683.672 -320.795 -329.186
v 829.952 -183.514 -355.656
v 713.684 -322.291 -338.344
v 783.291 -320.551 -341.009
v 859.492 -243.602 -351.081
v 818.377 -222.061 -354.531
v 730.182 -339.915 -338.378
v 684.877 -340.361 -332.566
v 791.248 -361.884 -333.163
v 780.333 -361.92 -325.043
v 798.415 -292.979 -342.349
v 867.112 -259.19 -344.574
v 736.386 -324.242 -340.72
v 796.575 -283.773 -345.955
v 830.5 -280.751 -345.935
v 833.094 -193.417 -352.059
v 813.312 -212.924 -336.744
v 733.041 -348.558 -322.745
v 690.688 -344.268 -318.28
v 807.437 -168.935 -343.108
v 799.632 -354.682 -326.524
v 849.618 -290.205 -340.364
v 819.139 -179.454 -354.979
v 800.997 -307.255 -332.798
v 801.477 -300.423 -335.108
v 815.309 -271.402 -338.689
v 804.575 -260.798 -340.232
v 794.971 -351.244 -334
v 724.154 -337.769 -326.655
v 858.049 -285.111 -346.928
v 744.819 -322.108 -333.055
v 682.736 -306.433 -324.91
v 832.124 -186.139 -353.345
v 694.617 -335.346 -324.549
v 667.638 -302.056 -336.662
v 814.415 -182.416 -343.877
v 826.266 -213.221 -339.159
v 729.673 -347.856 -326.035
v 728.196 -345.383 -323.806
v 793.796 -289.635 -334.511
v 708.646 -330.77 -323.806
v 828.172 -186.941 -348.333
v 803.952 -333.655 -329.539
v 838.062 -216.372 -346.272
v 813.644 -203.023 -344.769
v 797.656 -273.192 -341.743
v 762.253 -351.608 -321.751
v 737.687 -315.925 -325.436
v 826.451 -193.168 -343.841
v 797.577 -351.378 -320.266
v 806.637 -322.349 -329.414
v 700.888 -342.689 -313.29
v 796.433 -278.064 -324.716
v 720.812 -348.836 -307.785
v 826.121 -186.447 -344.397
v 786.605 -358.274 -320.055
v 806.987 -331.24 -326.548
v 831.002 -293.659 -319.864
v 836.042 -213.596 -326.925
v 772.21 -360.248 -309.377
v 691.769 -341.311 -313.626
v 827.396 -286.02 -332.865
v 797.425 -301.46 -326.394
v 828.571 -215.529 -339.612
v 804.794 -343.553 -326.671
v 800.081 -316.847 -323.482
v 732.887 -351.425 -314.038
v 747.327 -311.998 -317.663
v 813.951 -198.531 -330.725
v 792.922 -297.414 -320.647
v 857.456 -239.532 -346.871
v 819.421 -215.636 -337.568
v 764.99 -353.102 -309.57
v 713.195 -349.218 -303.949
v 850.758 -226.892 -336.037
v 756.102 -326.485 -307.662
v 810.125 -288.133 -319.256
v 856.789 -283.087 -332.236
v 806.333 -269.563 -331.628
v 680.423 -297.447 -312.076
v 798.886 -329.066 -316.444
v 759.224 -340.179 -309.532
v 787.696 -317.857 -310.435
v 866.559 -267.05 -341.687
v 739.23 -307.234 -314.732
v 809.838 -207.729 -332.713
v 800.494 -336.142 -322.82
v 789.649 -302.804 -312.887
v 792.837 -345.649 -313.237
v 671.894 -295.172 -306.393
v 729.912 -352.932 -312.44
v 807.981 -201.964 -328.457
v 732.574 -347.815 -310.334
v 699.295 -342.434 -298.293
v 745.1 -305.632 -305.081
v 817.111 -193.602 -332.844
v 696.225 -351.964 -307.515
v 726.946 -356.946 -300.799
v 729.338 -312.397 -304.991
v 705.952 -356.321 -298.251
v 728.995 -302.586 -298.914
v 692.04 -308.01 -308.528
v 780.029 -358.18 -305.492
v 730.428 -357.016 -302.427
v 792.214 -292.123 -317.091
v 827.132 -211.402 -323.832
v 694.435 -317.492 -305.247
v 854.244 -252.209 -331.27
v 835.163 -209.971 -327.04
v 804.614 -199.32 -317.771
v 799.788 -285.509 -315.618
v 838.565 -295.888 -314.863
v 717.002 -357.816 -298.441
v 726.008 -357.665 -296.105
v 732.214 -348.946 -296.842
v 808.789 -301.788 -302.923
v 805.535 -185.683 -329.11
v 789.741 -338.32 -303.92
v 846.365 -289.307 -313.12
v 696.066 -334.927 -297.794
v 806.658 -213.164 -319.727
v 762.38 -356.138 -297.474
v 844.626 -228.649 -306.765
v 799.033 -209.994 -311.584
v 721.851 -351.294 -290.916
v 710.271 -348.489 -291.474
v 703.232 -343.505 -288.64
v 843.321 -217.4 -314.47
v 688.437 -300.265 -304.847
v 859.005 -264.473 -330.591
v 793.878 -289.203 -314.78
v 691.706 -298.705 -290.844
v 731.626 -300.417 -298.202
v 758.546 -354.99 -284.237
v 782.609 -319.282 -297.426
v 739.826 -297.977 -285.372
v 696.776 -316.377 -287.897
v 784.937 -327.965 -302.073
v 756.413 -342.118 -295.483
v 814.681 -213.825 -317.342
v 832.096 -211.141 -316.509
v 778.35 -341.742 -290.806
v 728.131 -343.386 -291.619
v 725.104 -313.776 -289.925
v 841.463 -217.166 -319.484
v 797.005 -291.726 -304.356
v 805.627 -214.465 -309.87
v 773.58 -351.791 -289.599
v 805.624 -305.586 -293.084
v 753.904 -318.026 -285.315
v 750.072 -307.845 -287.49
v 785.836 -306.626 -286.005
v 847.04 -261.288 -315.936
v 797.216 -187.775 -313.235
v 808.812 -171.434 -307.297
v 779.598 -328.324 -294.29
v 723.669 -334.036 -288.274
v 834.297 -263.39 -290.401
v 822.722 -308.858 -289.478
v 796.436 -295.186 -292.393
v 727.971 -296.705 -280.888
v 820.144 -306.206 -299.138
v 798.884 -213.66 -303.139
v 718.574 -343.584 -287.065
v 799.758 -185.383 -306.473
v 787.376 -301.753 -298.184
v 790.614 -299.066 -289.74
v 814.05 -206.926 -288.927
v 767.895 -357.497 -285.346
v 697.564 -328.122 -269.388
v 699.664 -299.723 -275.462
v 827.27 -205.57 -294.493
v 807.862 -212.193 -296.479
v 810.066 -309.072 -284.602
v 837.62 -289.349 -294.169
v 757.509 -351.129 -272.189
v 765.816 -354.831 -273.016
v 780.949 -319.145 -281.583
v 706.942 -328.947 -270.295
v 696.852 -316.862 -258.656
v 697.331 -291.163 -267.445
v 838.547 -214.792 -305.325
v 694.582 -325.968 -274.211
v 776.221 -335.559 -284.989
v 717.693 -325.508 -278.329
v 833.664 -299.177 -289.541
v 746.117 -306.546 -265.215
v 719.719 -315.793 -277.245
v 798.366 -210.779 -288.831
v 845.081 -236.579 -296.652
v 794.527 -201.093 -291.186
v 755.325 -329.321 -278.107
v 684.103 -287.522 -274.189
v 841.322 -222.761 -296.464
v 761.713 -357.871 -279.841
v 806.652 -179.612 -291.212
v 817.863 -307.71 -278.63
v 700.736 -305.589 -275.354
v 793.879 -192.9 -293.539
v 804.831 -184.724 -287.502
v 754.694 -324.025 -268.539
v 840.084 -251.995 -285.634
v 843.653 -236.932 -287.846
v 786.547 -300.661 -269.298
v 698.68 -323.067 -261.973
v 780.792 -319.718 -265.155
v 801.444 -301.236 -283.261
v 716.631 -318.369 -267.921
v 834.061 -205.408 -278.642
v 828.26 -298.883 -279.202
v 841.983 -242.369 -294.561
v 811.15 -303.801 -274.387
v 830.763 -264.42 -278.984
v 735.533 -293.437 -272.754
v 712.497 -317.054 -255.056
v 844.474 -245.922 -283.431
v 669.98 -285.367 -265.095
v 726.025 -297.359 -272.39
v 802.195 -289.118 -275.213
v 704.892 -321.319 -258.546
v 720.383 -311.543 -260.491
v 722.528 -308.453 -260.771
v 823.512 -274.245 -273.904
v 839.267 -217.648 -282.126
v 772.775 -338.705 -263.92
v 793.139 -198.442 -279.792
v 817.96 -300.453 -271.449
v 741.653 -297.118 -269.897
v 840.293 -254.013 -278.159
v 804.694 -206.264 -276.965
v 794.822 -205.555 -279.767
v 812.832 -294.31 -268.665
v 761.103 -317.715 -249.525
v 835.107 -263.941 -275.507
v 743.015 -298.276 -253.336
v 755.128 -333.246 -269.84
v 794.035 -293.636 -276.126
v 749.138 -306.792 -257.749
v 701.369 -321.017 -248.033
v 731.285 -292.717 -255.97
v 792.593 -282.334 -247.884
v 831.49 -200.935 -273.714
v 795.101 -192.389 -280.011
v 777.112 -327.958 -265.73
v 817.354 -281.605 -264.712
v 797.303 -288.782 -271.002
v 799.833 -282.495 -257.446
v 819.649 -276.362 -268.593
v 820.561 -198.545 -273.653
v 811.215 -288.749 -263.702
v 838.785 -241.001 -274.84
v 770.341 -351.02 -260.804
v 708.479 -300.132 -237.162
v 841.28 -212.08 -274.038
v 755.688 -311.379 -255.686
v 834.471 -250.335 -269.252
v 775.229 -346.331 -248.537
v 758.488 -326.879 -250.232
v 783.407 -316.272 -251.388
v 736.328 -292.523 -250.688
v 800.979 -196.163 -259.834
v 698.546 -319.639 -253.151
v 825.921 -253.926 -263.006
v 799.336 -187.098 -271.109
v 782.937 -327.385 -248.377
v 717.333 -321.202 -232.818
v 700.42 -284.372 -240.756
v 788.968 -289.144 -248.59
v 797.39 -191.878 -258.669
v 783.984 -339.58 -244.605
v 734.985 -294.244 -245.177
v 818.506 -278.671 -260.499
v 761.585 -308.165 -245.338
v 816.777 -286.611 -249.456
v 838.67 -209.713 -264.092
v 829.686 -196.72 -269.255
v 782.727 -307.251 -257.629
v 712.553 -322.108 -225.116
v 792.208 -329.346 -223.58
v 838.213 -240.706 -266.421
v 817.491 -283.72 -257.921
v 816.216 -256.989 -256.662
v 758.968 -332.911 -246.413
v 734.398 -312.91 -227.656
v 836.9 -195.853 -266.126
v 792.218 -332.391 -231.559
v 756.536 -297.863 -241.303
v 837.415 -231.907 -258.634
v 765.446 -350.632 -254.256
v 822.342 -261.462 -252.641
v 810.924 -277.822 -237.664
v 691.671 -280.994 -246.227
v 837.804 -200.302 -256.927
v 787.9 -166.961 -254.164
v 750.555 -292.172 -237.794
v 822.582 -247.946 -243.806
v 820.099 -188.931 -261.199
v 731.042 -311.346 -242.059
v 792.53 -311.505 -228.079
v 796.842 -185.658 -260.751
v 741.086 -292.393 -241.586
v 830.4 -241.759 -250.642
v 831.713 -266.066 -250.758
v 839.187 -217.464 -252.715
v 705.655 -290.207 -242.534
v 829.987 -180.403 -254.794
v 835.514 -279.225 -234.56
v 841.145 -262.593 -242.524
v 705.662 -283.766 -224.889
v 732.87 -318.816 -212.372
v 746.769 -292.843 -221.125
v 766.29 -310.529 -228.801
v 776.578 -330.9 -221.62
v 790.689 -294.336 -231.529
v 707.04 -313.113 -225.449
v 820.759 -245.479 -244.922
v 806.485 -275.099 -232.768
v 767.009 -324.777 -220.385
v 830.705 -181.49 -244.322
v 790.498 -169.277 -235.12
v 797.2 -323.87 -220.706
v 712.777 -288.861 -218.648
v 824.611 -173.815 -250.12
v 801.221 -273.173 -218.332
v 714.476 -312.681 -206.539
v 797.891 -179.142 -240.647
v 760.785 -293.396 -224.401
v 816.841 -168.51 -242.609
v 770.198 -329.706 -220.939
v 839.005 -181.385 -232.182
v 852.044 -250.243 -237.238
v 908.391 -188.07 567.024
v 885.755 -184.159 559.598
v 887.992 -182.658 563.788
v 805.371 -147.879 569.353
v 894.237 -204.883 571.166
v 843.207 -171.006 574.948
v 797.218 -138.652 570.547
v 866.082 -212.078 571.509
v 723.881 -125.262 574.647
v 877.507 -208.481 565.483
v 824.318 -158.132 574.541
v 803.982 -193.996 577.771
v 904.731 -184.294 567.341
v 822.399 -202.718 576.417
v 862.244 -180.049 563.147
v 807.58 -147.189 575.698
v 801.759 -138.205 572.496
v 810.554 -144.898 577.798
v 912.503 -184.972 575.582
v 905.4 -198.648 575.738
v 912.048 -191.047 575.845
v 765.507 -163.857 592.002
v 890.698 -209.897 593.226
v 787.693 -125.004 578.824
v 820.993 -201.683 593.912
v 840.771 -166.224 592.353
v 843.396 -209.653 578.714
v 909.913 -183.449 581.378
v 812.249 -143.948 583.655
v 803.847 -186.229 627.43
v 883.254 -180.806 584.497
v 813.335 -149.543 586.923
v 868.956 -178.621 586.35
v 800.625 -132.541 591.446
v 900.446 -203.134 603.803
v 756.758 -149.839 604.277
v 904.239 -197.359 602.647
v 849.942 -171.228 591.284
v 905.495 -184.631 593.906
v 870.887 -178.695 596.807
v 810.705 -143.431 594.407
v 810.096 -140.342 596.802
v 729.599 -120.782 590.858
v 913.14 -188.277 581.213
v 821.389 -143.221 599.834
v 766.547 -99.3748 583.373
v 902.594 -186.734 602.262
v 892.906 -183.399 605.29
v 799.066 -127.431 602.194
v 872.819 -177.829 605.186
v 822.705 -150.761 602.51
v 847.819 -208.374 618.406
v 826.654 -145.32 606.648
v 741.202 -128.435 604.25
v 774.182 -94.0889 606.51
v 810.179 -136.723 610.573
v 826.412 -151.792 611.438
v 898.102 -192.985 620.494
v 889.473 -184.717 615.767
v 880.839 -211.128 610.179
v 793.737 -115.937 612.722
v 860.074 -173.856 614.738
v 830.481 -201.059 626.249
v 823.588 -144.747 618.955
v 882.953 -182.851 612.313
v 817.396 -140.618 618.261
v 889.045 -206.528 620.912
v 745.93 -108.151 627.276
v 887.822 -179.512 616.788
v 867.794 -171.478 618.108
v 850.184 -205.386 628.579
v 870.923 -206.364 630.135
v 895.301 -187.455 618.499
v 838.295 -161.126 621.755
v 896.789 -182.905 621.787
v 898.81 -188.364 623.764
v 875.001 -172.319 627.634
v 827.561 -149.383 622.259
v 762.386 -131.299 648.097
v 883.433 -204.279 629.058
v 894.16 -199.133 628.927
v 854.71 -206.845 632.97
v 842.624 -202.254 647.645
v 822.313 -139.89 628.739
v 913.367 -182.871 634.075
v 749.841 -117.791 628.853
v 900.985 -184.98 627.734
v 757.026 -138.866 626.756
v 903.531 -181.027 629.123
v 916.954 -191.053 641.391
v 848.467 -163.412 625.442
v 908.082 -179.259 633.012
v 843.373 -155.352 636.246
v 899.003 -178.96 635.872
v 843.836 -148.062 639.136
v 837.079 -148.993 634.22
v 893.769 -203.003 637.466
v 794.162 -173.366 645.815
v 810.193 -129.434 631.015
v 890.742 -204.494 644.576
v 851.186 -149.04 646.161
v 790.915 -94.4876 643.333
v 864.637 -206.303 650.493
v 851.293 -156.976 644.557
v 816.986 -190.222 646.651
v 894.025 -175.802 637.099
v 756.384 -111.399 642.112
v 910.332 -176.836 644.053
v 913.88 -181.378 638.744
v 908.848 -201.725 653.388
v 806.018 -107.744 650.378
v 932.319 -180.917 649.382
v 834.965 -142.899 639.711
v 780.021 -144.593 668.957
v 875.394 -165 657.622
v 926.323 -192.974 651.458
v 836.31 -197.601 656.882
v 853.376 -149.918 657.243
v 922.073 -176.287 652.272
v 856.375 -156.079 658.434
v 898.354 -173.318 650.67
v 842.883 -144.127 646.299
v 781.778 -156.797 653.84
v 816.486 -122.946 652.289
v 848.257 -201.676 659.566
v 776.997 -123.592 685.319
v 940.72 -177.458 656.218
v 910.559 -173.063 661.697
v 908.694 -202.22 663.203
v 875.036 -203.57 665.319
v 843.567 -144.029 664.101
v 900.531 -201.594 674.544
v 823.964 -183.049 682.58
v 892.773 -170.314 664.109
v 839.268 -135.247 677.369
v 866.022 -158.773 670.382
v 849.749 -149.213 670.88
v 810.535 -100.915 664.81
v 761.528 -117.859 655.621
v 941.3 -180.601 664.346
v 930.339 -174.823 666.277
v 832.891 -188.967 683.099
v 881.198 -166.983 682.408
v 833.239 -137.018 657.881
v 931.286 -189.981 666.419
v 933.268 -180.013 673.893
v 816.711 -95.8187 682.618
v 916.221 -190.15 682.179
v 940.182 -177.813 665.991
v 926.971 -176.79 673.609
v 869.147 -206.09 691.4
v 910.877 -196.596 677.353
v 915.001 -180.272 682.632
v 895.69 -208.455 677.586
v 904.039 -175.555 677.398
v 862.84 -154.437 676.965
v 911.39 -198.037 680.644
v 868.774 -153.874 682.147
v 916.528 -189.35 687.381
v 848.092 -193.359 692.416
v 817.841 -89.3605 694.948
v 914.846 -186.54 684.85
v 836.058 -117.085 688.577
v 899.49 -176.163 688.414
v 895.869 -212.374 684.536
v 920.934 -216.617 692.312
v 874.762 -160.902 683.502
v 905.12 -216.367 698.869
v 881.862 -150.782 688.851
v 880.069 -166.097 688.799
v 864.769 -145.38 689.733
v 857.893 -197.896 706.205
v 877.878 -163.306 689.546
v 941.424 -208.582 692.835
v 872.345 -141.984 704.26
v 882.366 -154.645 689.75
v 885.497 -151.056 696.996
v 936.231 -198.604 691.566
v 882.723 -147.007 697.04
v 769.777 -105.207 677.128
v 920.281 -187.432 694.656
v 888.871 -170.378 695.048
v 878.633 -157.352 707.034
v 955.53 -200.593 700.298
v 822.297 -84.1917 706.796
v 830.612 -100.292 699.599
v 940.872 -219.507 705.956
v 951.542 -211.359 700.626
v 940.851 -195.121 708.088
v 784.135 -109.747 706.897
v 927.595 -189.675 702.606
v 938.089 -220.295 713.462
v 901.664 -214.358 716.915
v 880.874 -203.32 719.048
v 882.718 -147.403 705.252
v 843.546 -182.846 721.367
v 892.386 -169.812 699.981
v 833.687 -95.1791 706.129
v 963.843 -204.008 707.595
v 860.382 -136.685 701.905
v 809.877 -81.8067 697.143
v 955.767 -216.244 712.382
v 962.967 -201.47 713.249
v 902.678 -171.845 711.788
v 926.558 -187.064 714.637
v 868.386 -140.124 713.253
v 852.353 -129.104 703.955
v 923.618 -218.716 732.505
v 929.191 -191.602 710.86
v 837.943 -90.8593 718.503
v 786.964 -97.33 711.43
v 879.818 -162.956 699.811
v 877.642 -202.003 733
v 907.909 -172.069 720.913
v 853.937 -115.714 716.879
v 948.816 -216.04 723.171
v 816.234 -155.574 721.471
v 860.101 -130.22 716.321
v 958.182 -209.796 719.137
v 840.682 -102.562 710.386
v 801.954 -134.005 721.145
v 820.888 -166.614 711.807
v 931.474 -218.021 723.668
v 792.436 -103.92 721.146
v 952.644 -210.085 725.362
v 873.598 -145.229 716.014
v 839.896 -95.895 720.633
v 868.907 -191.103 746.34
v 792.476 -118.116 717.475
v 826.133 -85.1217 721.913
v 828.851 -152.742 741.612
v 955.602 -203.964 723.121
v 949.212 -199.245 721.096
v 943.081 -216.584 727.871
v 832.404 -169.034 728.302
v 803.976 -87.435 719.286
v 844.42 -168.568 748.81
v 820.028 -128.262 752.004
v 893.118 -159.472 725.676
v 835.328 -91.3986 724.221
v 793.617 -91.7488 717.083
v 916.102 -214.158 739.413
v 905.312 -212.21 743.526
v 968.708 -205.161 733.384
v 827.665 -148.872 747.522
v 865.284 -121.855 729.774
v 926.011 -181.99 730.689
v 910.517 -170.828 730.981
v 954.987 -220.505 740.022
v 959.866 -224.224 756.925
v 935.393 -217.317 759.068
v 873.38 -133.144 734.485
v 911.428 -167.537 744.689
v 865.062 -111.399 736.856
v 865.044 -103.593 747.847
v 874.228 -124.871 741.17
v 838.355 -99.8942 762.355
v 963.645 -197.526 741.536
v 821.498 -84.7927 723.264
v 854.27 -98.308 740.099
v 984.688 -213.251 748.536
v 879.412 -112.216 749.994
v 903.865 -155.603 748.084
v 940.046 -185.643 755.389
v 891.31 -141.23 752.704
v 943.842 -188.816 739.176
v 808.406 -102.963 738.534
v 880.912 -115.404 752.366
v 894.932 -150.651 741.752
v 913.249 -161.277 752.604
v 856.697 -160.881 774.72
v 979.851 -201.978 748.051
v 894.372 -191.343 785.433
v 875.698 -126.592 746.194
v 951.701 -190.109 749.915
v 898.802 -198.002 775.199
v 850.872 -95.6322 745.667
v 837.751 -90.0615 746.77
v 998.48 -209.146 760.523
v 915.175 -208.38 776.037
v 862.547 -180.425 753.104
v 995.269 -205.179 758.47
v 855.623 -97.9753 758.349
v 867.033 -100.601 759.067
v 877.004 -119.928 754.207
v 874.439 -115.334 760.911
v 980.77 -221.125 759.399
v 952.773 -220.366 771.238
v 977.373 -198.07 763.934
v 875.79 -104.935 758.981
v 939.713 -220.31 767.026
v 913.555 -167.322 749.519
v 960.253 -193.887 768.45
v 863.983 -102.694 761.724
v 846.082 -97.2255 762.591
v 992.96 -218.647 768.09
v 1002.29 -205.71 769.887
v 943.103 -218.427 790.841
v 983.475 -200.728 773.961
v 885.149 -129.876 760.71
v 870.22 -110.037 763.647
v 924.071 -166.344 766.952
v 910.179 -149.402 772.858
v 906.087 -142.819 768.967
v 838.097 -128.631 773.956
v 919.013 -200.236 799.041
v 899.212 -136.72 772.754
v 943.472 -182.593 775.925
v 884.425 -116.023 781.452
v 969.959 -197.014 777.326
v 871.714 -167.508 784.26
v 1005.56 -205.514 787.201
v 983.663 -222.356 788.418
v 887.632 -121.936 774.506
v 856.981 -120.169 792.7
v 1005.09 -211.333 777.169
v 1002.87 -203.367 787.658
v 822.404 -116.673 757.023
v 867.147 -106.502 774.501
v 844.141 -140.915 776.3
v 992.411 -217.106 794.036
v 935.866 -169.562 781.942
v 972.596 -225.642 789.304
v 988.808 -220.727 792.108
v 874.252 -107.908 775.759
v 866.261 -105.753 787.616
v 914.793 -148.673 781.248
v 869.472 -115.087 800.944
v 941.416 -208.6 816.181
v 989.926 -207.773 792.846
v 934.664 -158.974 798.859
v 871.347 -147.612 807.088
v 994 -210.357 795.112
v 956.835 -220.815 809.168
v 873.695 -135.044 812.459
v 979.45 -201.587 790.356
v 930.827 -160.185 792.357
v 904.947 -180.827 814.919
v 989.136 -226.337 798.381
v 903.653 -123.818 804.414
v 893.138 -184.88 794.491
v 881.032 -111.493 803.862
v 908.461 -132.179 791.889
v 921.406 -148.18 793.271
v 961.027 -189.67 795.023
v 919.499 -136.496 803.795
v 993.543 -206.067 799.306
v 910.215 -182.651 824.012
v 933.42 -149.629 808.757
v 928.816 -151.614 802.621
v 957.766 -216.33 831.875
v 998.782 -234.031 818.524
v 1020.61 -228.202 822.163
v 976.044 -198.136 806.533
v 1004.11 -211.396 807.545
v 953.447 -171.407 813.88
v 999.81 -206.272 826.545
v 973.105 -226.936 812.477
v 936.13 -143.882 819.68
v 887.16 -170.009 808.875
v 986.34 -201.539 816.342
v 931.952 -201.994 822.762
v 918.699 -131.205 815.414
v 977.187 -190.082 816.787
v 891.453 -116.626 802.591
v 989.286 -197.567 819.921
v 943.634 -143.737 833.608
v 974.093 -186.107 824.089
v 1020.23 -240.493 840.638
v 1013.56 -211.851 836.649
v 959.292 -171.314 820.862
v 913.379 -155.068 848.903
v 917.843 -129.341 826.252
v 912.815 -125.418 816.511
v 906.49 -122.043 828.655
v 968.718 -218.881 834.08
v 969.713 -180.666 828.429
v 990.709 -230.771 838.453
v 950.07 -199.396 851.708
v 1002.83 -195.007 853.124
v 964.542 -169.273 832.221
v 1003.39 -203.101 831.677
v 951.925 -206.671 844.405
v 1026.71 -222.527 827.623
v 1057.31 -243.765 863.385
v 925.358 -133.572 825.36
v 1024.28 -237.158 833.626
v 944.73 -141.85 841.357
v 948.001 -150.521 827.138
v 943.164 -137.745 843.027
v 979.494 -180.428 839.46
v 1005.73 -232.015 857.153
v 942.331 -139.993 849.249
v 939.825 -190.285 855.002
v 1032.54 -218.405 850.334
v 1016.79 -206.931 845.582
v 994.997 -228.295 860.26
v 1072.64 -236.509 879.987
v 976.925 -167.476 850.146
v 915.832 -168.674 846.386
v 1028.88 -242.805 856.509
v 918.859 -142.136 850.699
v 944.38 -138.804 862.783
v 961.952 -148.433 859.33
v 1046.81 -227.814 850.78
v 958.327 -202.629 862.199
v 990.502 -216.155 878.338
v 984.589 -170.874 855.938
v 972.032 -159.584 857.678
v 1059.09 -249.255 874.966
v 1000.88 -186.708 859.239
v 1046.72 -244.709 880.108
v 947.699 -178.87 873.288
v 1021.38 -202.628 867.357
v 956.486 -151.562 878.877
v 1053.63 -227.481 865.711
v 988.161 -165.483 878.38
v 1011.47 -194.878 865.328
v 989.633 -211.096 890.825
v 1050.26 -219.41 874.445
v 998.836 -175.498 871.903
v 982.074 -196.104 896.81
v 1016.79 -236.987 867.909
v 1053.98 -237.509 856.165
v 1064.42 -230.037 878.212
v 1029.66 -232.181 901.686
v 962.963 -150.277 866.584
v 992.179 -165.076 884.29
v 1045.97 -212.69 883.77
v 1064.88 -223.957 890.345
v 1027.17 -192.848 886.572
v 1072.61 -249.921 893.774
v 1053.62 -248.217 888.931
v 960.013 -161.981 884.543
v 987.487 -162.446 888.188
v 963.106 -147.757 878.331
v 993.734 -167.066 905.48
v 1078.19 -254.025 901.057
v 964.494 -176.417 888.394
v 1087.31 -237.731 899.247
v 1013.79 -226.003 898.09
v 1080.03 -245.216 890.417
v 1083.35 -257.489 909.799
v 1010.02 -171.85 913.061
v 1093.54 -251.383 905.355
v 1027.68 -185.252 908.264
v 1066.34 -222.628 898.561
v 1059.89 -214.706 899.06
v 1043.59 -198.943 899.657
v 1064.57 -250.96 905.773
v 1003.47 -189.646 917.853
v 1013.81 -177.009 905.745
v 1071.98 -251.332 926.091
v 1096.5 -245.141 905.129
v 1057.96 -243.471 913.82
v 1058.45 -204.728 914.045
v 1074.42 -246.921 943.292
v 1083.47 -225.404 914.85
v 1031.85 -189.731 907.547
v 1115.54 -250.765 922.304
v 1023.21 -181.504 910.172
v 1035.87 -227.534 924.063
v 1094.15 -234.808 918.992
v 1122.64 -264.166 931.242
v 1062.03 -200.696 929.918
v 1083.09 -218.628 922.753
v 1018.33 -203.424 927.206
v 1111.96 -244.016 932.126
v 1032.01 -182.149 926.827
v 1038.11 -201.365 940.324
v 1098.88 -229.443 931.559
v 1074.78 -210.37 929.851
v 1105.13 -265.025 928.939
v 1111.73 -240.611 933.997
v 1031.13 -216.157 930.721
v 1129.31 -270.597 946.006
v 1027.54 -182.462 927.563
v 1088.43 -219.44 931.98
v 1040.25 -188.338 933.172
v 1101.24 -262.663 945.715
v 1130.74 -255.573 937.165
v 1075.28 -233.764 958.724
v 1095.01 -258.354 935.018
v 1144.35 -259.213 947.662
v 1130.33 -260.01 934.451
v 1081.76 -211.335 939.152
v 1139.97 -251.846 951.121
v 1111.04 -232.531 945.088
v 1116.44 -261.501 967.768
v 1063.35 -205.473 951.293
v 1089.47 -217.421 961.618
v 1100.75 -249.934 967.485
v 1144.2 -249.877 958.508
v 1060.37 -200.486 946.193
v 1135.52 -272.038 957.221
v 1146.83 -270.459 955.666
v 1121.86 -267.622 960.838
v 1062.91 -216.506 954.954
v 1152.06 -264.294 956.831
v 1090.6 -225.811 967.142
v 1106.5 -225.903 953.649
v 1150.07 -269.434 967.697
v 1153.96 -266.168 964.791
v 1153.36 -257.111 962.995
v 1142.82 -269.069 972.376
v 1133.07 -240.229 964.963
v 1151.33 -251.423 971.832
v 1122.72 -242.445 977.904
v 1092 -237.644 968.608
v 1152.44 -256.178 977.927
v 1155.94 -258.169 970.746
v 1135.42 -262.219 977.678
v 1131.46 -241.937 977.111
v 1141.08 -252.358 981.045
v 519.65 -102.877 155.987
v 531.13 -109.848 155.484
v 555.471 -36.2291 167.972
v 576.252 -103.213 219.545
v 566.637 -12.6067 270.967
v 633.94 72.7825 315.025
v 648.78 -89.0807 340.224
v 597.603 -120.549 420.931
v 609.897 -105.025 500.369
v 618.354 -107.218 408.538
v 589.914 -110.946 523.672
v 626.926 -103.076 408.113
v 608.852 -105.681 490.275
v 584.103 -120.407 476.305
v 586.232 -117.689 499.943
v 606.067 -102.223 523.483
v 611.532 -108.41 461.272
v 589.306 -123.144 450.597
v 581.605 -172.632 415.044
v 574.163 -35.5582 445.187
v 558.028 -195.761 434.674
v 548.749 -70.4205 453.072
v 695.498 -115.149 436.525
v 700.612 -104.08 408.935
v 703.022 -112.583 408.11
v 689.157 -123.884 463.148
v 514.94 -103.993 449.767
v 540.45 -107.353 455.732
v 527.695 -79.6431 461.657
v 570.588 -96.6077 514.463
v 590.063 -72.6283 567.052
v 586.888 -80.2149 551.274
v 580.255 -76.4543 564.529
v 556.424 -106.363 497.134
v 521.367 -55.4207 530.846
v 517.497 -59.6495 528.416
v 515.913 -62.4456 519.929
v 506.877 -72.4422 513.494
v 508.985 -63.0357 522.214
v 526.388 -96.9309 544.327
v 520.364 -98.922 513.441
v 535.155 -91.893 526.823
v 551.264 -79.929 544.74
v 535.163 -86.628 557.924
v 504.024 -104.122 510.26
v 547.473 -73.886 571.618
v 554.073 -72.5957 559.637
v 493.92 -83.9106 507.747
v 506.423 -64.1302 566.601
v 670.313 -123.819 555.569
v 612.998 -125.488 -190.442
v 615.393 -158.971 -177.504
v 609.282 -182.057 -117.526
v 635.388 -138.569 -149.686
v 633.856 -132.101 -158.288
v 522.206 -162.079 23.4574
v 517.353 -173.617 17.5591
v 512.685 -181.629 19.3948
v 508.91 -174.191 18.3042
v 537.072 -158.656 32.2881
v 571.355 -116.371 35.1615
v 571.989 -88.5615 126.79
v 583.179 -108.438 89.8353
v 567.84 -138.111 65.4884
v 583.289 -112.502 107.339
v 567.999 -119.111 102.761
v 557.164 -73.8367 158.696
v 567.579 -127.364 83.0878
v 559.009 -64.8104 155.794
v 575.476 -95.9929 127.849
v 491.901 -153.656 74.0054
v 527.044 -127.273 109.114
v 532.945 -95.4827 150.147
v 527.49 -47.727 161.472
v 527.786 -61.403 161.542
v 652.93 63.8342 -600.384
v 786.62 84.1367 -600.299
v 673.033 -387.846 -600.076
v 530.66 -48.3945 -600.223
v 564.339 -53.3261 -602.092
v 916.446 -110.258 -602.315
v 606.053 -320.389 -603.086
v 821.952 59.9177 -600.454
v 773.043 -373.175 -600.289
v 625.323 -352.29 -600.084
v 719.099 56.219 -605.673
v 545.091 -246.88 -603.009
v 742.403 62.9005 -603.464
v 615.084 58.3134 -600.957
v 573.902 -311.274 -600.247
v 700.489 -311.488 -601.147
v 762.37 -179.474 -602.599
v 580.641 14.9289 -600.778
v 525.213 -173.983 -601.469
v 937.894 -201.616 -602.49
v 943.41 -146.056 -600.161
v 814.034 -355.9 -602.588
v 877.722 8.54413 -603.114
v 529.828 -234.921 -600.341
v 784.775 76.6914 -601.518
v 692.875 54.4224 -602.517
v 672.804 -29.5206 -603.736
v 511.814 -105.982 -600.697
v 597.959 -173.714 -602.614
v 924.829 -35.4436 -601.662
v 870.184 -303.572 -602.977
v 755.475 -0.692043 -605.952
v 522.505 -76.064 -602.873
v 540.088 -283.732 -600.201
v 595.774 -226.93 -362.539
v 543.561 -267.963 -330.066
v 613.981 -228.012 -360.507
v 572.925 -270.727 -337.74
v 607.298 -232.014 -362.937
v 588.957 -281.987 -344.254
v 576.006 -240.48 -351.14
v 557.33 -275.195 -336.619
v 578.656 -222.237 -339.031
v 557.258 -235.684 -304.144
v 623.592 -174.37 -348.081
v 650.927 -151.259 -338.303
v 626.996 -149.455 -326.742
v 628.658 -165.732 -341.026
v 638.61 -158.844 -337.383
v 622.373 -156.308 -329.691
v 655.096 -135.92 -348.63
v 640.441 -149.665 -334.831
v 630.128 -237.307 -281.554
v 628.924 -236.451 -266.443
v 638.052 -234.064 -281.133
v 626.055 -163.814 -262.087
v 535.987 -8.51239 607.254
v 597.053 -120.764 604.216
v 599.637 -36.0309 586.183
v 601.706 -36.2477 593.401
v 611.384 -48.8036 602.842
v 499.824 -5.97893 621.395
v 508.518 14.8789 621.805
v 598.482 -90.2945 621.909
v 713.962 -115.582 616.598
v 610.82 -50.8374 661.642
v 631.75 -48.5371 653.778
v 626.144 -38.1816 657.443
v 370.056 -239.262 759.322
v 375.458 -235.411 763.967
v 452.981 85.5276 774.094
v 459.17 93.5217 760.938
v 445.167 92.4394 770.526
v 455.531 81.7215 777.38
v 451.266 96.209 752.59
v 449.32 86.198 779.696
v 442.963 90.8109 771.276
v 462.362 93.7638 748.26
v 463.222 121.858 781.353
v 459.774 122.988 851.289
v 442.74 81.7324 898.825
v 452.84 90.7802 881.399
v 449.136 90.2381 891.939
v 478.607 99.9797 894.124
v 425.144 104.475 904.526
v 445.086 77.4608 924.52
v 456.704 76.0848 937.678
v 475.039 72.8864 923.292
v 479.387 84.3545 938.456
v 467.326 78.4439 940.982
v 449.294 88.1744 953.219
v 466.326 120.799 977.792
v 617.451 -260.233 -137.751
v 616.143 -264.799 -133.142
v 621.809 -244.505 -111.789
v 616.045 -256.053 -134.801
v 608.435 -260.744 -144.437
v 622.467 -265.223 -101.473
v 600.766 -256.594 -141.256
v 597.8 -326.382 -380.022
v 641.023 -304.031 -384.145
v 628.257 -315.562 -377.399
v 609.409 -326.475 -379.339
v 617.383 -300.546 -373.277
v 682.784 -326.898 -359.59
v 877.161 -101.837 101.31
v 850.604 -64.2182 196.004
v 870.72 -99.3508 105.472
v 890.866 -76.41 64.9078
v 857.881 -105.764 124.387
v 867.51 -99.1654 104.948
v 902.894 -94.1265 51.9445
v 864.601 -78.8326 142.498
v 853.718 -106.752 136.735
v 884.963 -102.593 80.306
v 871.316 -102.555 102.439
v 869.957 -93.8004 112.422
v 875.419 -93.3142 103.918
v 855.348 -76.3961 169.191
v 847.929 -88.4656 127.2
v 958.014 36.0499 232.061
v 918.585 -25.2312 235.099
v 958.268 28.675 244.128
v 952.022 29.6826 244.155
v 789.236 -1.38553 296.624
v 792.98 -13.0373 287.268
v 817.738 -23.3344 269.375
v 803.217 -5.69668 284.202
v 981.169 -28.1085 265.786
v 994.98 -23.9188 266.484
v 994.695 -23.3595 253.734
v 979.511 -23.3408 257.175
v 986.705 -27.5159 260.052
v 976.263 -10.1299 256.467
v 1010.77 6.40872 250.336
v 986.723 -11.0299 256.954
v 1007.46 10.6154 249.02
v 961.984 16.0278 287.95
v 1000.08 15.5105 277.227
v 1002.35 20.0521 270.061
v 671.12 80.8169 289.617
v 796.511 -43.7322 344.252
v 778.911 -46.2524 349.879
v 774.088 -136.298 312.666
v 769.895 -35.9104 361.218
v 787.991 -55.8095 341.666
v 768.346 -53.8266 347.419
v 782.758 -96.2247 328.799
v 769.874 -78.5994 349.18
v 800.676 -70.4743 334.113
v 813.349 -74.4373 317.35
v 790.346 -78.7535 334.21
v 769.556 -45.765 350.21
v 806.797 -67.5385 331.276
v 816.267 -51.1175 333.778
v 799.634 -83.668 330.221
v 804.179 -78.4264 329.811
v 765.45 -89.1718 347.701
v 797.21 -60.9555 298.299
v 821.998 -107.676 359.845
v 794.659 -95.1803 348.373
v 805.089 -100.165 345.629
v 821.795 -109.603 356.142
v 825.996 -113.142 350.838
v 802.67 -105.982 347.575
v 824.777 -140.23 324.306
v 801.012 -130.045 339.989
v 801.802 -141.979 333.371
v 812.288 -136.809 332.738
v 809.137 -101.542 344.99
v 818.459 -106.765 355.392
v 807.519 -129.202 340.124
v 731.252 -60.9035 336.475
v 737.031 -69.4691 331.858
v 782.953 -22.9521 335.022
v 782.903 -7.42118 384.488
v 765.059 -26.1031 367.963
v 784.032 -12.5691 369.542
v 705.284 -92.7311 372.206
v 819.267 -44.2717 357.042
v 830.101 -107.866 366.139
v 833.421 -45.4351 376.418
v 747.399 -88.02 397.51
v 756.555 -115.976 416.443
v 752.961 -95.9402 401.843
v 753.688 -108.876 410.922
v 752.299 58.4918 379.268
v 746.078 43.2014 379.84
v 714.558 69.2681 387.894
v 774.895 -79.4296 533.151
v 757.91 -99.0922 484.552
v 759.988 -106.438 465.871
v 762.285 -115.79 444.383
v 773.063 -73.57 543.753
v 753.865 -88.1046 519.58
v 763.135 -78.1369 537.552
v 738.701 -106.18 -224.414
v 749.509 -99.4879 -185.519
v 737.034 -97.222 -231.842
v 754.8 -45.037 -77.6294
v 764.467 -91.3755 -124.869
v 763.222 -69.6623 -107.811
v 812.958 -179.828 -249.521
v 778.261 -126.484 -178.821
v 744.039 -26.5647 -37.821
v 737.85 -67.8113 -131.968
v 742.564 -0.251083 13.4658
v 734.479 -25.934 -15.7782
v 738.477 -41.3131 -57.6011
v 732.032 1.80348 39.3182
v 748.417 -105.245 -152.469
v 833.007 -158.16 -123.589
v 840.622 -141.496 -107.54
v 839.09 -148.996 -115.517
v 829.77 -140.212 -86.2279
v 727.883 -21.7326 -59.0838
v 726.654 -18.234 -17.7231
v 835.052 -133.166 -47.9967
v 857.547 -196.808 -184.605
v 853.269 -181.722 -167.47
v 852.108 -128.215 -73.7382
v 843.467 -208.253 -183.267
v 873.608 -138.56 -21.1572
v 869.821 -142.819 -35.2331
v 881.146 -141.683 -27.1981
v 890.162 -158.73 -38.04
v 897.454 -114.469 -66.1439
v 876.176 -145.583 -31.8018
v 881.483 -140.097 -29.8692
v 894 -165.081 -41.3819
v 886.48 -154.371 -31.2396
v 886.322 -133.068 -48.4835
v 881.653 -140.528 -32.6697
v 909.045 -145.31 -71.9333
v 926.53 -105.583 -31.972
v 916.063 -99.7297 8.25315
v 830.774 -81.0059 46.2624
v 835.761 -60.4579 76.1213
v 676.027 21.985 -456.971
v 671.714 17.0003 -456.387
v 670.055 31.7169 -449.29
v 681.913 22.127 -459.626
v 664.662 -93.9009 -387.092
v 716.176 -52.1921 -395.572
v 726.111 -71.6491 -348.099
v 821.69 -119.495 -367.068
v 831.286 -118.055 -363.203
v 827.021 -111.865 -362.856
v 674.169 -84.3032 -345.106
v 668.983 -86.9923 -351.545
v 812.172 -118.447 -342.435
v 824.041 -134.533 -329.39
v 789.291 -125.576 -316.368
v 796.122 -133.409 -317.25
v 787.273 -111.463 -312.33
v 710.405 -34.1861 606.899
v 717.637 -41.6486 597.388
v 730.601 -64.6594 587.721
v 726.028 -46.8453 592.251
v 740.275 -79.914 585.681
v 739.484 -65.9294 591.994
v 759.573 -96.0224 635.555
v 765.956 -93.127 631.1
v 740.229 -102.462 635.059
v 738.03 -7.79471 673.143
v 728.865 -17.5945 680.042
v 718.962 -5.99345 684.416
v 824.028 -236.349 -231.741
v 824.489 -203.44 -174.78
v 827.543 -228.32 -214.877
v 842.271 -253.012 -243.908
v 833.715 -213.003 -221.558
v 885.844 -182.761 -84.0156
v 930.005 -154.134 -52.3332
v 923.623 -136.649 -30.506
v 905.734 -119.753 -5.93063
v 910.791 -133.972 -33.2723
v 907.508 -122.628 -15.9682
v 914.843 -135.53 -29.3211
v 956.167 -112.916 39.922
v 862.224 -211.297 -413.332
v 868.385 -215.823 -414.315
v 879.622 -235.441 -410.757
v 875.324 -229.621 -409.043
v 867.771 -229.961 -414.504
v 868.791 -238.116 -408.696
v 865.786 -242.59 -404.783
v 866.631 -233.606 -410.111
v 827.259 -266.39 -375.341
v 809.816 -258.654 -340.388
v 864.45 -229.951 -400.952
v 796.586 -294.856 -344.431
v 728.555 -296.687 -370.133
v 727.102 -302.554 -366.378
v 764.669 -357.469 -347.903
v 791.465 -271.564 -353.392
v 801.72 -340.462 -330.425
v 792.416 -308.51 -338.209
v 756.518 -292.492 -363.264
v 749.318 -319.991 -367.103
v 798.811 -261.752 -351.898
v 775.571 -295.279 -352.249
v 739.741 -294.946 -369.95
v 782.284 -275.895 -357.1
v 801.98 -326.239 -333.355
v 790.641 -340.525 -337.389
v 868.706 -257.874 -390.153
v 871.544 -264.315 -381.759
v 835.067 -220.349 -363.426
v 824.628 -221.915 -351.71
v 729.18 -331.524 -301.849
v 732.206 -329.682 -332.866
v 797.26 -293.211 -284.277
v 702.723 -304.605 -260.186
v 1143.43 -263.147 978.266
f 9894 5996 6033
f 5996 6046 6033
f 5996 5957 6046
f 5957 6069 6046
f 9616 442 416
f 645 651 9631
f 2967 2974 7321
f 2967 2964 1
f 7321 2952 2967
f 3003 2967 1
f 2937 3038 2888
f 2937 2951 3038
f 2 4571 4536
f 2 4559 4571
f 980 9651 9649
f 1622 1665 1630
f 9999 9605 9609
f 9999 9597 9605
f 9603 9608 9586
f 9428 9412 9425
f 9007 8963 8964
f 8944 9998 8962
f 9017 9998 9079
f 9998 8944 9026
f 9026 9079 9998
f 8962 8901 8944
f 9997 8924 8971
f 8971 8983 9997
f 8924 8913 8971
f 8921 8908 8949
f 8931 8910 8924
f 8838 8861 8816
f 8838 8862 8877
f 8856 8833 8874
f 8856 8809 8833
f 8832 8840 8859
f 8859 8840 8915
f 8840 8832 8757
f 8817 8869 8810
f 8762 8743 8780
f 8743 8797 8780
f 8727 8748 8772
f 8831 9995 8857
f 8907 8879 8857
f 8782 9996 8831
f 9995 8863 8921
f 8782 8771 9996
f 8777 8723 8681
f 8863 9995 9996
f 9995 8831 9996
f 8908 8921 8863
f 8771 8681 8723
f 8907 9995 8921
f 8907 8857 9995
f 8723 9996 8771
f 8863 8865 8908
f 8723 8777 9996
f 8691 8693 8709
f 9993 8728 9994
f 8728 8770 9994
f 8728 9993 8675
f 8675 9993 8658
f 8828 9994 8801
f 9994 8770 8801
f 8770 8728 8739
f 9991 8652 9992
f 8636 9991 9992
f 8720 8636 9992
f 9983 9988 9986
f 8735 9990 8709
f 8653 9987 9983
f 8773 8751 8792
f 8747 9976 9986
f 8706 9983 9986
f 8752 8747 9988
f 9988 9980 8752
f 9984 9983 8706
f 9979 8751 8755
f 8747 9986 9988
f 9980 9985 8761
f 8653 9978 9987
f 9979 8755 8732
f 9982 8768 8760
f 9990 8751 9979
f 9985 9980 8711
f 9977 9987 9978
f 8807 9981 9989
f 8706 9986 8742
f 8692 9984 8706
f 9979 8709 9990
f 9989 9981 8768
f 9978 8653 8660
f 8687 9984 8692
f 8792 8751 9990
f 9982 9989 8768
f 9977 9978 8667
f 8768 9981 9990
f 9987 9977 8631
f 9983 9984 8653
f 8760 9986 9976
f 8788 9989 9982
f 8761 8752 9980
f 9976 9982 8760
f 9980 9988 8711
f 8687 8692 8691
f 9981 8792 9990
f 8691 8713 8687
f 8657 9977 8686
f 8732 8713 9979
f 9979 8713 8691
f 8686 9977 8667
f 8645 9975 8629
f 9973 8725 8679
f 8637 8616 8613
f 8791 8810 8761
f 8641 8616 8637
f 9973 8679 8641
f 9974 8738 8790
f 8738 9974 8725
f 8637 8613 8612
f 8843 8810 8791
f 8843 9974 8790
f 8841 8843 8790
f 9974 8843 8791
f 8738 8725 9973
f 8641 8679 8616
f 8609 8613 8604
f 8611 8632 8624
f 9972 9968 9970
f 9972 9970 8605
f 8625 9971 8611
f 9968 9967 9970
f 8611 8624 8625
f 9971 8625 8640
f 9970 8611 9971
f 9967 9968 8619
f 8632 8611 8635
f 9967 8611 9970
f 8598 8595 9966
f 9966 8595 9965
f 9964 8252 8255
f 8255 8271 8267
f 8267 9964 8255
f 8252 9964 8245
f 8119 8116 8141
f 8222 8193 9960
f 8122 9960 8193
f 9963 8090 9962
f 9963 9962 8122
f 9962 9960 8122
f 8090 9963 9961
f 8222 9960 8226
f 9958 9959 8105
f 8105 9959 8115
f 8045 8038 8060
f 9958 8038 8045
f 8045 8012 9958
f 8158 8105 8115
f 8105 8038 9958
f 9957 7923 7977
f 7738 7750 7731
f 7742 7775 7711
f 7763 7711 7775
f 9956 7731 7708
f 7738 7731 9956
f 7675 9080 9066
f 7683 7708 7677
f 7683 9956 7708
f 7675 9066 7677
f 7677 7708 7675
f 9066 9080 9046
f 9955 9060 7698
f 9955 7698 7685
f 9067 9054 9955
f 7870 7809 7836
f 9955 7685 7684
f 9060 9955 9054
f 7808 9953 7750
f 7750 9953 9954
f 7809 7870 7808
f 7698 9060 9952
f 9954 7695 7750
f 7750 7809 7808
f 7698 9952 9954
f 7751 9954 9953
f 9060 9080 9952
f 8986 9004 9035
f 9062 9035 7689
f 9035 9062 8986
f 9035 9075 7689
f 7532 7523 7540
f 7520 7537 7535
f 7520 7518 7537
f 7535 7540 7520
f 7518 7515 7506
f 7518 7506 7504
f 7501 7497 7500
f 7433 9847 7439
f 9848 9847 7433
f 7425 7418 7420
f 7394 7390 7393
f 7321 2974 7312
f 7271 7291 7284
f 7291 7271 9951
f 7271 7284 9949
f 7255 7248 7259
f 7254 9950 9949
f 7254 7242 9950
f 7236 7237 7254
f 7237 7242 7254
f 7254 7238 7236
f 7227 9950 7242
f 9949 9950 7271
f 7227 7217 7201
f 7221 7210 7234
f 7223 7202 7220
f 7120 9946 9947
f 7139 7151 9946
f 7170 9947 9946
f 7170 7253 7186
f 9947 7113 7120
f 7150 9947 7186
f 7113 9947 7150
f 7143 9946 7151
f 7186 9947 7170
f 7120 7139 9946
f 7225 7253 7170
f 7071 9944 9945
f 7077 7069 9945
f 9945 7093 7077
f 9945 7069 7071
f 9945 7097 7093
f 7065 9944 7071
f 7084 7097 9945
f 7061 9944 7065
f 7052 9944 7061
f 9942 7045 7039
f 7072 7085 7087
f 7072 9941 7094
f 7066 7072 9943
f 9940 7103 7095
f 7087 7098 9940
f 9940 7095 9941
f 7066 9943 9942
f 9942 7039 7049
f 7094 9943 7072
f 7049 7066 9942
f 9941 7072 7087
f 9941 7095 7094
f 6908 6901 6884
f 9937 6884 6901
f 9937 9939 6842
f 9937 6901 9939
f 9938 6884 9937
f 6842 9939 6840
f 6852 6840 9939
f 6842 9938 9937
f 6808 6840 6852
f 6884 6894 6908
f 6806 6839 6831
f 9936 6740 6791
f 6754 6783 9935
f 6783 6815 6792
f 6783 6816 6815
f 9935 6783 6792
f 6711 6684 6726
f 6711 6726 6735
f 6684 6725 6726
f 6739 6727 6695
f 6727 9934 6695
f 6695 9934 9933
f 6695 9933 6649
f 6681 6708 6709
f 9931 6674 9930
f 9930 6655 9932
f 6713 9930 9932
f 6651 6655 9930
f 6655 6696 9932
f 6701 6674 9931
f 6614 6595 6600
f 6682 6669 6706
f 6730 6706 9929
f 6682 6627 6669
f 6752 9929 6757
f 6614 6618 6595
f 9929 6752 6730
f 6618 6614 6669
f 6752 6757 6809
f 6837 6809 6757
f 9928 6601 6552
f 6552 6601 6574
f 6573 6569 9927
f 6597 6613 9927
f 6569 6599 9927
f 6599 6597 9927
f 6565 6514 6548
f 6454 6465 6484
f 9925 9926 9923
f 9926 9925 6441
f 6432 9924 6428
f 9926 9924 9923
f 6441 6408 9926
f 6494 6461 6460
f 6404 6410 6395
f 6432 6428 6443
f 6395 6410 6400
f 9924 6410 6428
f 9923 9924 6432
f 6453 6488 6461
f 6453 6461 6443
f 9924 6400 6410
f 6456 6441 9925
f 6408 6441 6427
f 6494 6460 6488
f 6164 6159 6142
f 6104 8380 6188
f 6095 6106 6105
f 6174 6167 4350
f 6160 9922 6121
f 6121 6167 6160
f 6121 9922 6078
f 9921 9922 6022
f 5974 9921 6022
f 6167 6174 6160
f 9921 6078 9922
f 5940 5958 5995
f 5958 5985 5995
f 6009 5995 5985
f 5952 5955 5947
f 5946 5947 5955
f 5947 5946 5926
f 5935 5926 5946
f 5935 5907 5926
f 5940 5894 5922
f 5867 5932 5885
f 5842 8068 8042
f 5988 8114 9920
f 8042 5813 5842
f 9919 8068 5842
f 8068 8132 9962
f 9919 8132 8068
f 9920 5991 5988
f 8132 9919 8114
f 8132 8114 5988
f 8132 9960 9962
f 9910 9915 9916
f 9911 8031 9918
f 7991 9916 9918
f 8031 9911 5810
f 9912 9913 9917
f 7962 7996 7977
f 8047 7978 9914
f 9918 8031 7986
f 9909 9913 8071
f 7990 9918 7988
f 8013 9910 9916
f 9915 9908 9912
f 7996 9908 8019
f 9912 8071 9913
f 9907 8098 8121
f 8098 5933 8121
f 9916 9915 9917
f 9915 9912 9917
f 7990 7991 9918
f 8013 9916 7991
f 8013 9914 9910
f 9916 8054 9911
f 7978 8019 9914
f 9909 9907 8121
f 9908 9915 8019
f 8071 9907 9909
f 7996 7962 9908
f 9918 9916 9911
f 8051 9914 8013
f 8051 8047 9914
f 9905 7975 9902
f 7707 7736 7702
f 5812 9902 5903
f 7869 7883 7856
f 7942 7975 9905
f 5905 5939 5903
f 7942 7883 7869
f 9902 7980 5905
f 9903 9906 7773
f 5905 5903 9902
f 5919 5939 5905
f 7827 7869 7856
f 9904 9903 7773
f 5812 9905 9902
f 9903 7736 9906
f 7707 9906 7736
f 7773 7794 7827
f 5939 5919 5974
f 7827 7856 9904
f 7827 9904 7773
f 5836 5848 5851
f 5853 5802 9900
f 5959 5928 5996
f 5851 5848 9901
f 5853 9900 5851
f 5777 9900 5802
f 9901 5848 5928
f 9901 5928 5959
f 5851 9901 5853
f 5853 5808 5802
f 9900 5805 5836
f 5886 5853 9901
f 9884 5742 5775
f 9898 9899 7924
f 7874 9898 7924
f 5832 5811 5844
f 5878 5832 5844
f 5936 5890 5993
f 9899 7976 7924
f 5811 5832 5783
f 5832 7976 9899
f 5873 5890 5936
f 5783 5832 9899
f 7865 7874 7924
f 9898 9897 9899
f 5878 5844 5873
f 5993 5980 5936
f 5878 5873 5936
f 6043 6023 5993
f 5773 9896 7899
f 9896 7870 7899
f 7899 5785 5773
f 5761 5785 7899
f 9896 7865 7870
f 5708 9886 5691
f 5700 5628 5675
f 5672 5647 9895
f 9895 5628 5700
f 9892 5881 9889
f 5726 5767 5736
f 5782 9893 5817
f 9892 5943 5881
f 9891 5881 5943
f 6030 5943 9894
f 5736 5589 5640
f 6033 6030 9894
f 9890 5726 5736
f 9894 5943 5990
f 5767 5778 9893
f 5640 5669 5736
f 5817 9893 9889
f 9893 9892 9889
f 9890 5736 5669
f 5782 5767 9893
f 5892 5881 9891
f 9891 5943 6030
f 5726 5769 5778
f 5767 5726 5778
f 5765 5737 9886
f 5699 9885 5728
f 5728 9885 5737
f 9887 9025 9090
f 5552 9887 9090
f 8994 9025 9061
f 5541 5552 9090
f 9061 9025 9887
f 5765 5771 5775
f 5775 5771 9884
f 5550 5541 5569
f 9013 8994 9061
f 5627 5638 5569
f 6951 5519 7016
f 7016 6934 6951
f 5519 5520 7016
f 5519 6951 6942
f 5524 9883 6973
f 5628 5577 9882
f 6994 6973 9883
f 5524 9882 5577
f 5577 9883 5524
f 6973 6994 6946
f 6987 6967 7005
f 7005 9881 5554
f 5612 5554 9881
f 6962 7009 5538
f 6932 6943 6972
f 7009 5605 5562
f 5538 6972 6943
f 5538 7009 5562
f 5584 5605 7009
f 6943 6962 5538
f 7011 5526 5565
f 9880 5404 5461
f 5414 5368 9875
f 9879 5404 9880
f 5404 9879 5414
f 5461 9878 9880
f 9875 5404 5414
f 9878 5493 9880
f 5359 5399 5337
f 5359 5433 5399
f 5353 5337 5399
f 5417 5433 5359
f 7544 5400 5381
f 7544 5381 7541
f 5293 5444 9875
f 5368 9876 9875
f 5290 5293 9877
f 5363 5349 9876
f 5444 5293 5391
f 9876 5293 9875
f 5293 9876 9877
f 9874 5444 5391
f 9876 5349 9877
f 9876 5368 5363
f 5299 5295 5264
f 7499 5271 7490
f 5268 5221 5264
f 5230 5222 5265
f 9860 5222 5230
f 5221 5230 5265
f 9873 5170 5181
f 5159 9873 5181
f 5181 5176 5159
f 5192 5166 5214
f 9872 5124 5127
f 9872 9871 5124
f 5151 5124 9871
f 9870 5056 5109
f 5111 5217 9867
f 5217 5111 9869
f 9870 7484 9868
f 5056 9870 9869
f 9870 5217 9869
f 5098 5128 5127
f 9866 5092 5093
f 9866 5139 5144
f 5093 5123 9866
f 5123 5139 9866
f 5123 5154 5139
f 5074 7438 9865
f 7433 7439 7438
f 7436 9848 7433
f 7438 7439 9865
f 5089 5114 9865
f 9865 4999 5089
f 5081 5038 5039
f 9864 4974 5031
f 9864 4983 4974
f 9864 5031 5092
f 9863 5079 5060
f 5016 4973 9863
f 5108 5060 5079
f 4973 4997 9863
f 4971 4978 9861
f 4978 4971 4945
f 9861 9862 5230
f 4978 9862 9861
f 5230 9862 9860
f 4971 4948 4945
f 4993 9862 4978
f 4917 9859 4898
f 4910 9857 4909
f 9857 4891 9858
f 4909 9857 9858
f 4891 4890 9858
f 9856 7414 9853
f 9847 4989 9855
f 9855 9844 9847
f 7430 4989 9847
f 4927 9849 4919
f 9852 9853 7404
f 9845 9846 4927
f 7430 7428 9856
f 9849 4989 4941
f 9847 9848 7430
f 7420 7414 9856
f 9855 4989 9854
f 4999 9844 9855
f 9856 7428 7420
f 9846 9849 4927
f 9845 4889 4937
f 9856 9852 9851
f 4873 4927 4919
f 9855 9854 4865
f 9852 9856 9853
f 4980 9855 4865
f 7402 7401 7404
f 9846 9845 4937
f 9844 4999 9865
f 9851 7430 9856
f 9849 4941 4919
f 9853 7414 9850
f 7428 7430 9848
f 9854 4989 9849
f 4865 9854 4867
f 9849 9846 9854
f 4999 9855 4980
f 4873 4919 4860
f 9850 7404 9853
f 7436 7420 7428
f 4849 4885 4879
f 4866 4785 9843
f 4882 4866 4907
f 9841 9835 4881
f 4861 4821 9832
f 9840 9836 9841
f 9836 4957 9830
f 9838 9834 4938
f 9832 9836 4861
f 9833 9836 9832
f 9841 4881 9840
f 9842 4821 4847
f 5126 5094 9829
f 9838 4837 9835
f 4977 9837 9827
f 9836 9830 9841
f 9840 4861 9836
f 4821 9828 7406
f 5161 5094 5126
f 4837 9838 9839
f 9836 9833 4957
f 4821 4812 9828
f 4943 9830 9826
f 4987 9831 4977
f 7385 9828 7387
f 4881 3 9840
f 9839 4938 4981
f 9832 4821 9842
f 9830 9834 9841
f 9833 4961 4957
f 9833 9832 9842
f 7385 7406 9828
f 4977 9831 9837
f 9841 9838 9835
f 9839 4767 4837
f 4937 3 4881
f 5009 9826 9827
f 5009 9827 9829
f 4906 4903 9831
f 9839 9838 4938
f 9829 5094 5009
f 4752 4780 4767
f 9830 9827 9826
f 9830 4943 9834
f 9834 9838 9841
f 9831 5001 4906
f 4837 4767 4780
f 5126 5221 5268
f 9830 4977 9827
f 9827 9837 9829
f 4937 4889 3
f 9829 5069 5126
f 4818 4871 4881
f 4881 4871 4937
f 4821 7406 4847
f 9831 4987 5001
f 5230 5221 5126
f 7386 7387 9828
f 4747 4765 4791
f 4765 4823 4791
f 4765 4776 4823
f 4758 4839 4751
f 4758 4768 4839
f 4727 4766 4734
f 4746 4739 4753
f 4727 4693 4725
f 4760 4771 9824
f 9824 9823 4796
f 4739 9824 4753
f 4755 4746 4753
f 4760 9824 4739
f 4727 4755 4766
f 4725 4746 4727
f 4727 4697 4693
f 4725 4739 4746
f 9823 4771 4782
f 4719 4725 4693
f 9824 4771 9823
f 4753 9824 4796
f 4762 9822 4792
f 4762 4843 9822
f 4762 4754 4722
f 4854 9822 4843
f 4868 4826 4863
f 4834 4776 4826
f 4754 4762 4792
f 9818 4657 9820
f 9819 9820 9821
f 9818 9820 4662
f 4641 9818 4662
f 4649 9820 4657
f 4645 4657 9818
f 4645 4667 4657
f 4677 9821 4649
f 9820 4649 9821
f 9818 4641 4645
f 9821 4677 4681
f 9820 4691 4662
f 4701 4681 4677
f 9817 9815 4666
f 9813 9816 4695
f 9814 4687 9817
f 4687 9815 9817
f 9817 4574 9816
f 4574 9817 4666
f 9817 9813 9814
f 9817 9816 9813
f 4662 4695 9816
f 4641 4612 4597
f 4671 4641 4597
f 9812 9810 9809
f 4685 9811 4636
f 9812 9809 4822
f 9812 4636 9810
f 4636 9812 4685
f 9811 4619 4636
f 4822 9809 4848
f 4841 4822 4848
f 9807 4587 4594
f 4594 4587 4615
f 4587 9807 9808
f 4585 9807 4594
f 9807 4603 9808
f 9806 4542 4535
f 4535 4531 2
f 4551 4531 4529
f 4551 4529 4562
f 4531 4535 4529
f 9806 2 4536
f 9806 4535 2
f 4565 4562 4529
f 4542 4601 4535
f 4514 4526 4537
f 7365 4414 4413
f 4414 4454 4413
f 4420 4469 4329
f 4420 4329 4315
f 4393 4376 4437
f 4329 4368 4335
f 4339 4335 4376
f 4437 4376 4335
f 4437 4335 4368
f 6201 6195 4311
f 6201 9804 6195
f 6201 6183 9804
f 4339 4311 6195
f 9792 9795 9801
f 4388 9803 4341
f 6118 6094 9799
f 6094 9793 6065
f 9793 6054 6055
f 9798 9797 9801
f 9797 9798 6207
f 9802 9790 9792
f 4341 9803 6207
f 8285 8260 6037
f 9801 9797 6185
f 4341 4384 4388
f 6086 9800 6114
f 9791 4400 4410
f 6065 9793 6055
f 6118 9802 6185
f 4425 4497 4410
f 4483 4428 4497
f 9796 6050 8281
f 9798 9801 9794
f 4550 4539 4506
f 9792 9800 9795
f 4381 9803 4388
f 9792 9801 9802
f 9802 6118 9790
f 6065 9799 6094
f 8285 6037 9796
f 8285 9796 8281
f 9790 6118 9799
f 4478 4506 4539
f 9796 6053 6050
f 4384 4410 4388
f 4497 4425 4478
f 6207 9803 9797
f 8281 6050 6051
f 4539 4497 4478
f 6053 9796 6054
f 4572 4636 4506
f 9792 9790 9800
f 9803 6199 9797
f 6124 6114 9800
f 6124 9800 9790
f 4425 4410 4384
f 4384 4408 4425
f 9801 6185 9802
f 4428 4410 4497
f 6086 9795 9800
f 4428 9791 4410
f 6114 6052 6086
f 6054 9796 6055
f 4636 4550 4506
f 9799 6124 9790
f 9794 9801 9795
f 6051 8278 8281
f 4347 4384 4341
f 6037 6021 9796
f 8661 4037 8627
f 8627 9789 8661
f 4023 4042 4026
f 9787 9786 4034
f 4040 9784 4026
f 9786 9787 9788
f 4040 9787 9784
f 4028 9786 9785
f 4040 9788 9787
f 4043 9788 4040
f 9786 9788 4036
f 4028 9785 4025
f 4034 9786 4028
f 4026 9784 4023
f 9785 9786 4036
f 3949 3925 3933
f 3939 3938 3924
f 3749 3768 3773
f 3749 3751 3768
f 3821 3803 9782
f 9783 9780 3787
f 9780 9783 9781
f 9781 9777 9780
f 3827 3821 3817
f 3795 9778 3781
f 3786 3818 9779
f 3847 3821 3827
f 3795 3781 9782
f 3786 9780 3769
f 3769 9780 9777
f 3787 9780 3786
f 3803 3795 9782
f 9778 3795 3769
f 3743 9781 3750
f 9777 9781 3743
f 9777 9778 3769
f 3786 9779 3787
f 3821 9782 3817
f 9777 3743 9778
f 9781 9783 3750
f 3722 3750 3737
f 3787 3774 9783
f 3529 3544 3515
f 9775 3488 3506
f 3488 9775 3514
f 3502 3510 9774
f 3509 3488 3514
f 3445 3442 3429
f 9772 3474 3445
f 3474 9772 9773
f 9771 3484 3448
f 9770 9771 3448
f 3448 3411 3443
f 3448 3443 9770
f 3395 3405 3396
f 3404 9769 3389
f 3404 3432 9769
f 9769 3414 3389
f 3376 3394 3392
f 3385 3397 3417
f 3388 3412 3391
f 3408 3412 3388
f 9768 3397 3385
f 3382 9768 3385
f 9765 3386 3398
f 9767 3387 3398
f 9767 3398 3386
f 3370 3371 3361
f 9767 3380 3387
f 3370 9766 3356
f 3361 9766 3370
f 9765 3401 3411
f 3347 3337 3342
f 3346 3345 3338
f 3338 3339 3350
f 3350 3346 3338
f 3346 3350 9766
f 3311 9764 3319
f 3184 3211 3198
f 3175 3140 3129
f 9755 9760 9757
f 3146 9761 9760
f 3125 9757 3083
f 9761 3106 9757
f 9758 9760 9755
f 9760 9761 9757
f 3051 9762 3050
f 3210 3191 3162
f 9757 3106 3083
f 3210 3162 3195
f 3125 3083 3126
f 3017 3020 9762
f 9759 9762 3051
f 9755 3131 9758
f 3146 9760 3162
f 3162 3191 3146
f 9755 9757 3125
f 9759 3017 9762
f 3075 9759 3051
f 3145 9758 3131
f 3018 3020 3017
f 3094 9756 3083
f 9756 3094 3075
f 9761 3046 3106
f 3159 3195 3162
f 3083 3118 3126
f 2953 2896 9754
f 2953 9754 4282
f 2749 2727 2726
f 9752 2687 2676
f 2687 2656 2676
f 9751 2654 2664
f 2664 2653 9751
f 2654 9750 2664
f 2655 2653 2664
f 2590 2575 2624
f 2608 2641 2624
f 2575 2608 2624
f 2566 2575 2590
f 2502 2543 2547
f 2547 2520 2502
f 9748 2443 2458
f 2459 2443 9748
f 2454 2545 2446
f 9747 2425 2497
f 2485 9747 2465
f 2360 9745 2348
f 2340 2342 2377
f 2342 2340 2299
f 2296 2396 2370
f 9743 2297 9744
f 2297 2317 9744
f 2257 2226 2218
f 2257 2300 9742
f 9742 2226 2257
f 2277 2266 2249
f 2356 2266 2277
f 2407 2447 2355
f 9741 2355 2447
f 2266 2219 2249
f 2237 2249 2219
f 2241 2356 2308
f 2266 2356 2241
f 2355 9741 2356
f 9738 2172 2160
f 2172 9738 4164
f 2160 9739 9738
f 4164 4165 4180
f 2164 4154 4143
f 9737 2146 2154
f 2154 4143 9737
f 2164 2173 4165
f 4097 2146 9737
f 4154 2164 4165
f 4143 2154 2164
f 4143 9738 9737
f 9731 9736 6717
f 9733 9734 9732
f 9733 9731 9734
f 9735 6664 9730
f 6697 9732 6676
f 6697 9733 9732
f 6697 6734 9730
f 6717 9736 9730
f 9735 9730 6734
f 6661 9735 6734
f 9730 9733 6697
f 9731 9733 9736
f 9732 2124 9729
f 9736 9733 9730
f 9732 9729 6676
f 9730 6664 6717
f 6688 6720 6717
f 9727 2112 2126
f 2141 9728 2139
f 2130 2132 2135
f 2141 2139 4100
f 2126 2089 9727
f 2141 2142 9728
f 2126 2112 2132
f 2142 2135 9728
f 2126 2132 2130
f 6577 2085 2081
f 6587 6577 2081
f 4058 4052 4041
f 2119 9726 2118
f 2071 9723 2072
f 2119 9722 9726
f 4052 9720 9726
f 9719 9723 4057
f 4057 2079 9719
f 4041 9726 9724
f 4056 9725 4057
f 9724 4050 4041
f 9723 9721 2072
f 9726 9720 2118
f 9725 2079 4057
f 4063 4050 9724
f 2071 4057 9723
f 9722 4056 4068
f 9724 9726 9722
f 9722 2106 9725
f 9721 2078 2088
f 9722 4068 9724
f 4041 4052 9726
f 9723 2078 9721
f 4056 9722 9725
f 9723 9719 2078
f 2083 9719 2079
f 2067 2077 2061
f 2074 2077 2067
f 2044 2057 2045
f 2060 2057 2044
f 2044 2045 2040
f 2038 2044 2040
f 2055 2037 2034
f 2037 2040 2035
f 2055 2042 2059
f 2040 2041 2035
f 2034 2037 2035
f 2042 2055 2034
f 9711 9713 9689
f 6219 9686 9697
f 6217 9685 9689
f 9700 9691 9713
f 9715 8445 9706
f 9692 9716 9697
f 9689 9713 9717
f 9707 9692 6233
f 6217 9689 9702
f 9716 9695 9697
f 9717 9688 9689
f 9712 9703 1953
f 9711 9700 9713
f 9701 9715 9706
f 6217 9698 9685
f 9690 9707 9714
f 9708 9703 9696
f 9695 9710 6219
f 9706 9693 8443
f 9716 9692 9707
f 9714 6238 9705
f 9697 9695 6219
f 9701 9690 9715
f 9697 9686 9709
f 9715 9704 8462
f 9711 9685 9710
f 9691 9700 9687
f 9703 9712 9717
f 9687 9694 9691
f 9711 9689 9685
f 9709 9686 9692
f 9700 9701 9706
f 9703 9708 1953
f 9696 9718 9708
f 9696 9691 9718
f 9706 8443 9700
f 9702 9689 6216
f 9701 9711 9716
f 9713 9696 9703
f 9700 8443 8441
f 9688 6216 9689
f 9714 9707 6253
f 9691 9694 9699
f 9688 9717 1955
f 9697 9709 9692
f 6233 6253 9707
f 9716 9711 9695
f 9699 9718 9691
f 9715 9690 9704
f 9685 6219 9710
f 9713 9703 9717
f 9690 9716 9707
f 9687 9700 8441
f 8449 8445 9715
f 9696 9713 9691
f 8474 9704 9705
f 9690 9701 9716
f 9693 9706 8445
f 9705 9704 9690
f 8449 9715 8454
f 9711 9701 9700
f 9695 9711 9710
f 9712 1955 9717
f 6238 9714 6253
f 8462 8454 9715
f 9705 9690 9714
f 9704 8474 8462
f 9683 1916 9684
f 1926 9683 9684
f 9683 1944 1916
f 1919 9684 1901
f 1799 1775 1823
f 1786 9672 1684
f 1815 1778 9682
f 1709 1778 1793
f 1815 9682 1853
f 1793 1759 1709
f 1778 1815 1793
f 1759 1724 1709
f 1724 1692 1709
f 1821 1722 9681
f 9681 1722 1666
f 1654 1674 1665
f 1721 1674 1687
f 1721 1687 1695
f 1751 1721 1695
f 1674 1654 1687
f 1751 1783 1721
f 1665 1645 1654
f 1604 1622 9680
f 1622 1630 9680
f 3874 3886 3896
f 3874 3873 3886
f 3915 3926 3906
f 3896 3895 3906
f 3879 3874 3896
f 1664 9677 9675
f 9675 1736 1664
f 1737 9679 1786
f 9679 1737 1817
f 9678 1865 9676
f 1872 1865 1817
f 1551 1524 9673
f 9673 9677 1664
f 1589 9673 1664
f 1737 1736 9675
f 1589 1551 9673
f 1865 9679 1817
f 1737 1786 9674
f 9678 9676 1914
f 9674 1736 1737
f 9676 1865 1872
f 1736 1614 1664
f 1918 1943 1806
f 1918 1806 9678
f 1509 1506 1487
f 9671 1696 9672
f 1545 1596 9670
f 1596 1607 9672
f 1696 1596 9672
f 1545 1607 1596
f 9671 1865 1752
f 9671 1752 1696
f 1545 1487 1607
f 1545 1509 1487
f 1752 1865 9678
f 1684 9672 1607
f 9667 1473 9668
f 1498 1471 9665
f 1498 9669 1488
f 9665 1494 1498
f 1494 9669 1498
f 9666 9667 9668
f 9666 1471 1498
f 1445 1489 1430
f 1436 1418 1414
f 1414 1418 1390
f 1390 1363 1329
f 1337 1335 1310
f 1307 1341 1338
f 1338 9664 1307
f 9664 9663 1307
f 1341 1365 1388
f 9663 5570 5588
f 1307 9663 1333
f 1344 1378 1319
f 1305 1291 1319
f 1291 9662 1319
f 9662 1343 1344
f 9662 1344 1319
f 1286 9660 5621
f 1370 1300 1340
f 1356 1300 1370
f 1340 1382 1370
f 1382 1423 1405
f 1370 1382 1405
f 1299 1300 1356
f 9660 5551 5621
f 9660 1240 5551
f 1230 1245 1238
f 2171 1227 2182
f 2171 2182 9740
f 1227 2185 2182
f 2185 1227 1230
f 1219 2271 1196
f 1219 2269 2271
f 1206 1158 1160
f 1158 1135 1160
f 9659 1152 1159
f 1107 1100 1083
f 1091 1088 1080
f 1080 9659 1091
f 1057 1087 1081
f 1087 1057 1066
f 9658 1128 1161
f 9658 1073 1043
f 1078 1073 9658
f 1043 1128 9658
f 1093 9658 2313
f 1093 1078 9658
f 1010 994 993
f 1010 993 1110
f 1008 1027 1007
f 1027 1008 1000
f 935 1029 988
f 974 1020 966
f 966 1020 935
f 935 1020 1029
f 9657 916 952
f 952 995 9657
f 926 888 981
f 888 862 981
f 9649 9652 9653
f 9652 9656 9653
f 9651 9652 9649
f 9654 9650 980
f 980 974 9654
f 9652 1089 9656
f 9653 9656 9655
f 9655 1224 9653
f 980 9650 9651
f 9654 873 9650
f 9650 873 945
f 9644 1054 986
f 9646 986 887
f 911 887 885
f 986 1054 1004
f 9647 9646 887
f 9645 9646 9648
f 9645 9648 983
f 986 9646 9645
f 9648 9646 9647
f 9644 986 9645
f 911 885 865
f 887 911 9647
f 954 9648 9647
f 983 9648 954
f 9641 1042 9639
f 859 807 9643
f 9642 1042 9641
f 9639 892 9643
f 892 9639 973
f 9643 892 859
f 859 808 807
f 9640 1200 9642
f 2194 9642 1200
f 973 9639 1042
f 9642 9641 9640
f 813 3605 3607
f 774 792 784
f 784 792 798
f 792 774 786
f 798 861 838
f 915 838 861
f 9638 731 700
f 685 747 9638
f 700 685 9638
f 9636 794 9637
f 708 9636 9637
f 727 723 720
f 789 794 823
f 749 794 9636
f 717 720 721
f 708 9637 723
f 720 717 727
f 823 794 749
f 721 695 717
f 844 789 823
f 721 720 747
f 768 9632 699
f 9632 9633 5219
f 9633 5079 5050
f 699 9635 768
f 5050 9634 9633
f 5219 699 9632
f 847 768 9635
f 9633 5108 5079
f 847 9635 835
f 697 9635 699
f 9633 9634 5219
f 9631 651 725
f 9631 725 730
f 9630 3571 643
f 9629 741 679
f 691 750 668
f 668 659 691
f 666 691 659
f 615 666 659
f 659 571 615
f 620 601 626
f 601 620 617
f 601 617 9628
f 579 578 583
f 579 582 578
f 583 586 579
f 585 613 651
f 579 572 568
f 9623 9627 812
f 812 9627 9626
f 9617 606 9619
f 9625 9620 9624
f 9625 1077 9620
f 9623 9624 842
f 9623 729 9627
f 9618 9625 9622
f 678 9619 698
f 1077 9625 1059
f 716 682 9627
f 9624 812 9622
f 678 9627 682
f 9619 678 9617
f 716 9627 729
f 9623 811 729
f 9625 9624 9622
f 698 9619 9621
f 9623 812 9624
f 698 9626 9627
f 9621 9619 566
f 530 9621 566
f 678 698 9627
f 842 811 9623
f 539 549 565
f 562 565 549
f 549 539 534
f 500 484 501
f 500 489 484
f 510 500 501
f 497 472 525
f 444 451 443
f 416 415 9616
f 413 407 420
f 395 396 397
f 382 354 367
f 388 382 370
f 9615 4884 4853
f 388 9615 366
f 366 9615 4853
f 4884 4870 4853
f 388 366 382
f 354 346 367
f 371 367 331
f 317 9614 324
f 331 324 9614
f 285 265 305
f 328 317 351
f 288 305 265
f 298 305 288
f 317 305 298
f 324 305 317
f 9614 317 328
f 261 276 264
f 285 224 210
f 253 227 261
f 292 293 311
f 154 197 195
f 195 197 9613
f 197 293 292
f 292 9613 197
f 154 195 1935
f 1941 1947 9612
f 1947 106 9612
f 1881 1873 9682
f 1873 1881 1930
f 105 1881 124
f 1930 1881 105
f 9611 9610 1899
f 9610 9611 1828
f 1899 123 145
f 1899 145 9611
f 99 96 95
f 96 99 85
f 85 99 91
f 9609 9603 9607
f 9999 9609 9607
f 9605 9608 9609
f 9602 9608 9605
f 9609 9608 9603
f 9607 9603 9604
f 9606 9602 9605
f 9999 9607 9600
f 9584 9607 9587
f 9598 9606 9605
f 9603 9595 9604
f 9598 9605 9597
f 9586 9595 9603
f 9588 9601 9602
f 9600 9584 9592
f 9606 9599 9602
f 9604 9577 9587
f 9604 9587 9607
f 9608 9601 9586
f 9602 9599 9588
f 9592 9590 9600
f 9590 9597 9600
f 9601 9608 9602
f 9600 9607 9584
f 9585 9595 9586
f 9597 9999 9600
f 9585 9593 9595
f 9596 9586 9601
f 9591 9598 9597
f 9595 9593 9604
f 9585 9586 9589
f 9591 9597 9590
f 9584 9587 9552
f 9594 9598 9591
f 9583 9596 9588
f 9596 9601 9588
f 9591 9590 9571
f 9588 9579 9582
f 9552 9587 9577
f 9583 9588 9582
f 9584 9552 9575
f 9588 9599 9579
f 9590 9592 9575
f 9606 9598 9594
f 9599 9594 9579
f 9599 9606 9594
f 9590 9575 9578
f 9579 9594 9580
f 9581 9586 9596
f 9596 9583 9573
f 9577 9604 9593
f 9580 9594 9591
f 9576 9582 9579
f 9578 9571 9590
f 9589 9586 9581
f 9575 9592 9584
f 9583 9582 9569
f 9565 9593 9585
f 9570 9577 9562
f 9572 9585 9589
f 9585 9572 9565
f 9580 9576 9579
f 9569 9582 9563
f 9571 9578 9568
f 9560 9589 9581
f 9576 9563 9582
f 9559 9580 9591
f 9573 9583 9569
f 9573 9569 9566
f 9591 9571 9559
f 9574 9572 9589
f 9567 9581 9573
f 9581 9596 9573
f 9576 9555 9563
f 9559 9571 9568
f 9593 9565 9562
f 9572 9574 9564
f 9557 9577 9570
f 9567 9573 9566
f 9574 9589 9560
f 9576 9580 9555
f 9578 9575 9548
f 9561 9560 9567
f 9561 9567 9566
f 9574 9560 9556
f 9562 9565 9546
f 9561 9566 9569
f 9564 9574 9556
f 9553 9561 9569
f 9548 9575 9552
f 9572 9564 9539
f 9532 9565 9572
f 9565 9532 9546
f 9569 9563 9558
f 9554 9560 9551
f 9563 9555 9558
f 9540 9559 9533
f 9540 9580 9559
f 9556 9560 9541
f 9560 9581 9567
f 9552 9577 9557
f 9553 9551 9561
f 9559 9568 9538
f 9533 9559 9538
f 9549 9555 9580
f 9568 9578 9545
f 9549 9580 9540
f 9578 9550 9545
f 9593 9562 9577
f 9558 9555 9535
f 9556 9539 9564
f 9551 9553 9544
f 9547 9539 9556
f 9570 9562 9517
f 9532 9572 9539
f 9553 9558 9542
f 9568 9545 9538
f 9543 9553 9542
f 9552 9557 9536
f 9542 9558 9535
f 9570 9514 9557
f 9553 9569 9558
f 9535 9555 9549
f 9550 9548 9536
f 9532 9529 9546
f 9523 9547 9556
f 9552 9536 9548
f 9537 9549 9540
f 9557 9514 9536
f 9532 9539 9531
f 9543 9544 9553
f 9556 9541 9523
f 9570 9517 9514
f 9539 9530 9531
f 9537 9540 9533
f 9512 9541 9554
f 9521 9545 9550
f 9547 9530 9539
f 9512 9523 9541
f 9550 9536 9521
f 9525 9542 9535
f 9549 9537 9493
f 9530 9547 9523
f 9562 9534 9508
f 9562 9546 9534
f 9542 9524 9543
f 9535 9549 9493
f 9554 9544 9526
f 9527 9533 9528
f 9531 9510 9532
f 9520 9525 9535
f 9520 9535 9493
f 9526 9543 9524
f 9538 9545 9528
f 9542 9525 9524
f 9526 9544 9543
f 9507 9527 9528
f 9518 9545 9521
f 9512 9554 9526
f 9551 9544 9554
f 9561 9551 9560
f 9541 9560 9554
f 9505 9527 9507
f 9512 9526 9516
f 9528 9545 9518
f 9536 9502 9521
f 9519 9493 9537
f 9511 9520 9493
f 9536 9514 9501
f 9515 9525 9520
f 9550 9578 9548
f 9537 9533 9527
f 9531 9530 9522
f 9516 9526 9524
f 9480 9519 9537
f 9523 9499 9530
f 9502 9536 9501
f 9537 9505 9480
f 9517 9562 9508
f 9524 9525 9515
f 9532 9510 9529
f 9522 9530 9499
f 9511 9515 9520
f 9518 9521 9492
f 9521 9502 9492
f 9529 9510 9497
f 9524 9509 9516
f 9507 9528 9518
f 9489 9501 9514
f 9513 9516 9509
f 9504 9512 9516
f 9524 9515 9509
f 9534 9529 9467
f 9489 9514 9517
f 9499 9523 9512
f 9467 9529 9497
f 9489 9517 9508
f 9509 9515 9491
f 9500 9511 9493
f 9515 9511 9490
f 9496 9507 9487
f 9503 9516 9506
f 9507 9496 9505
f 9506 9516 9513
f 9502 9501 9474
f 9507 9518 9487
f 9503 9506 9475
f 9499 9488 9522
f 9506 9513 9509
f 9475 9509 9491
f 9475 9506 9509
f 9483 9512 9504
f 9498 9531 9522
f 9498 9522 9488
f 9508 9467 9495
f 9491 9515 9490
f 9490 9511 9500
f 9498 9510 9531
f 9494 9503 9475
f 9473 9496 9487
f 9504 9516 9503
f 9480 9505 9482
f 9482 9505 9464
f 9464 9505 9496
f 9497 9510 9498
f 9488 9499 9485
f 9486 9494 9475
f 9504 9494 9462
f 9483 9485 9499
f 9494 9504 9503
f 9483 9504 9462
f 9492 9502 9478
f 9500 9493 9519
f 9498 9488 9468
f 9487 9518 9471
f 9502 9474 9478
f 9470 9498 9468
f 9472 9486 9475
f 9446 9492 9478
f 9479 9500 9519
f 9489 9508 9495
f 9479 9490 9500
f 9518 9492 9446
f 9546 9529 9534
f 9487 9471 9473
f 9485 9468 9488
f 9484 9462 9494
f 9497 9498 9470
f 9489 9443 9501
f 9465 9490 9479
f 9469 9468 9485
f 9497 9470 9423
f 9485 9483 9481
f 9476 9494 9486
f 9518 9446 9471
f 9448 9519 9480
f 9483 9499 9512
f 9448 9480 9482
f 9469 9485 9481
f 9477 9475 9491
f 9465 9491 9490
f 9448 9479 9519
f 9474 9501 9443
f 9477 9472 9475
f 9452 9477 9465
f 9508 9534 9467
f 9467 9497 9430
f 9495 9467 9427
f 9489 9455 9443
f 9476 9472 9466
f 9433 9474 9443
f 9477 9491 9465
f 9472 9477 9463
f 9484 9476 9466
f 9462 9458 9483
f 9457 9446 9478
f 9459 9463 9477
f 9489 9495 9455
f 9461 9477 9452
f 9453 9464 9473
f 9484 9494 9476
f 9497 9423 9430
f 9457 9478 9474
f 9433 9457 9474
f 9481 9483 9458
f 9454 9484 9466
f 9451 9466 9472
f 9447 9482 9464
f 9468 9460 9470
f 9458 9462 9441
f 9441 9462 9454
f 9456 9461 9452
f 9473 9471 9424
f 9450 9465 9479
f 9450 9479 9428
f 9428 9479 9448
f 9424 9471 9446
f 9447 9464 9453
f 9469 9481 9435
f 9454 9462 9484
f 9470 9437 9423
f 9463 9451 9472
f 9460 9468 9469
f 9452 9465 9450
f 9433 9436 9457
f 9461 9456 9459
f 9429 9453 9473
f 9444 9454 9466
f 9459 9451 9463
f 9444 9441 9454
f 9470 9460 9437
f 9467 9430 9427
f 9473 9424 9429
f 9435 9481 9458
f 9448 9482 9447
f 9446 9457 9368
f 9430 9423 9410
f 9459 9449 9440
f 9452 9450 9456
f 9428 9448 9416
f 9434 9448 9447
f 9426 9445 9444
f 9426 9466 9451
f 9456 9442 9431
f 9404 9458 9438
f 9439 9444 9445
f 9496 9473 9464
f 9420 9460 9469
f 9442 9456 9450
f 9434 9416 9448
f 9458 9441 9438
f 9426 9451 9432
f 9441 9444 9439
f 9443 9455 9366
f 9495 9427 9455
f 9443 9406 9433
f 9431 9440 9449
f 9459 9456 9449
f 9393 9453 9429
f 9439 9438 9441
f 9406 9443 9366
f 9434 9447 9418
f 9439 9445 9426
f 9442 9450 9428
f 9442 9428 9425
f 9427 9430 9400
f 9431 9405 9440
f 9368 9457 9436
f 9421 9423 9437
f 9433 9406 9436
f 9431 9442 9425
f 9417 9432 9440
f 9437 9460 9414
f 9416 9407 9428
f 9419 9434 9408
f 9456 9431 9449
f 9408 9434 9418
f 9424 9368 9401
f 9416 9434 9419
f 9437 9414 9421
f 9410 9413 9430
f 9439 9426 9422
f 9460 9420 9414
f 9438 9439 9422
f 9371 9424 9401
f 9429 9375 9393
f 9394 9425 9412
f 9451 9459 9440
f 9440 9405 9403
f 9404 9438 9409
f 9424 9446 9368
f 9418 9447 9453
f 9418 9453 9393
f 9411 9419 9391
f 9375 9424 9371
f 9407 9412 9428
f 9411 9416 9419
f 9400 9430 9413
f 9340 9455 9427
f 9391 9419 9408
f 9402 9438 9422
f 9404 9420 9435
f 9408 9418 9383
f 9440 9432 9451
f 9412 9407 9392
f 9400 9415 9427
f 9399 9422 9398
f 9401 9368 9376
f 9505 9537 9527
f 9538 9528 9533
f 9421 9414 9390
f 9427 9415 9340
f 9405 9431 9425
f 9402 9422 9399
f 9403 9397 9417
f 9371 9401 9376
f 9404 9435 9458
f 9392 9407 9411
f 9390 9352 9423
f 9423 9352 9410
f 9398 9422 9432
f 9423 9421 9390
f 9381 9404 9409
f 9429 9424 9375
f 9374 9392 9411
f 9402 9395 9409
f 9398 9417 9397
f 9396 9404 9381
f 9392 9394 9412
f 9345 9408 9383
f 9403 9417 9440
f 9383 9418 9386
f 9366 9455 9340
f 9403 9405 9388
f 9394 9392 9384
f 9396 9420 9404
f 9389 9420 9396
f 9405 9394 9384
f 9382 9391 9408
f 9410 9352 9362
f 9410 9362 9413
f 9338 9386 9393
f 9393 9375 9338
f 9395 9381 9409
f 9387 9397 9403
f 9390 9414 9420
f 9389 9390 9420
f 9395 9402 9360
f 9435 9420 9469
f 9405 9425 9394
f 9384 9392 9377
f 9382 9408 9345
f 9374 9411 9391
f 9402 9409 9438
f 9377 9392 9374
f 9396 9379 9389
f 9385 9396 9381
f 9385 9379 9396
f 9405 9384 9370
f 9402 9399 9360
f 9378 9390 9389
f 9385 9381 9363
f 9370 9388 9405
f 9407 9416 9411
f 9389 9379 9378
f 9403 9388 9359
f 9384 9377 9370
f 9332 9406 9326
f 9406 9332 9436
f 9326 9406 9366
f 9360 9399 9398
f 9358 9398 9397
f 9381 9395 9380
f 9359 9388 9370
f 9397 9365 9358
f 9378 9379 9372
f 9345 9383 9346
f 9356 9374 9391
f 9350 9385 9357
f 9333 9415 9400
f 9308 9338 9375
f 9367 9370 9377
f 9357 9385 9363
f 9387 9365 9397
f 9352 9390 9373
f 9385 9350 9379
f 9356 9391 9382
f 9363 9381 9380
f 9368 9436 9332
f 9360 9398 9358
f 9459 9477 9461
f 9346 9383 9386
f 9400 9413 9333
f 9378 9373 9390
f 9380 9395 9369
f 9444 9466 9426
f 9422 9426 9432
f 9432 9417 9398
f 9340 9415 9333
f 9358 9364 9360
f 9387 9403 9359
f 9375 9371 9323
f 9369 9363 9380
f 9339 9377 9374
f 9339 9374 9356
f 9345 9346 9337
f 9345 9337 9303
f 9372 9379 9350
f 9358 9365 9387
f 9371 9376 9323
f 9370 9367 9361
f 9338 9346 9386
f 9378 9372 9373
f 9351 9363 9369
f 9343 9348 9387
f 9339 9367 9377
f 9359 9370 9342
f 9387 9359 9343
f 9358 9387 9348
f 9355 9372 9350
f 9357 9363 9351
f 9361 9367 9353
f 9357 9351 9349
f 9367 9339 9353
f 9349 9351 9341
f 9326 9366 9340
f 9331 9352 9373
f 9330 9368 9332
f 9344 9382 9345
f 9344 9356 9382
f 9373 9372 9354
f 9368 9330 9376
f 9386 9418 9393
f 9331 9336 9352
f 9354 9372 9335
f 9355 9350 9349
f 9342 9370 9361
f 9372 9355 9335
f 9349 9350 9357
f 9340 9333 9316
f 9321 9347 9360
f 9343 9359 9342
f 9369 9347 9351
f 9321 9360 9364
f 9334 9348 9343
f 9322 9335 9355
f 9334 9364 9348
f 9336 9362 9352
f 9339 9356 9320
f 9344 9329 9356
f 9369 9395 9360
f 9354 9331 9373
f 9289 9346 9338
f 9325 9354 9335
f 9341 9351 9347
f 9320 9356 9329
f 9322 9355 9349
f 9321 9364 9334
f 9308 9375 9323
f 9349 9341 9310
f 9341 9347 9313
f 9328 9353 9339
f 9319 9324 9333
f 9342 9361 9353
f 9337 9288 9303
f 9329 9303 9318
f 9476 9486 9472
f 9325 9335 9305
f 9337 9346 9289
f 9310 9341 9313
f 9311 9320 9329
f 9316 9333 9324
f 9312 9340 9316
f 9326 9340 9312
f 9362 9336 9306
f 9312 9332 9326
f 9338 9308 9267
f 9327 9328 9339
f 9300 9342 9353
f 9309 9342 9299
f 9300 9353 9328
f 9319 9362 9306
f 9332 9312 9330
f 9300 9328 9304
f 9298 9328 9327
f 9314 9327 9320
f 9314 9320 9311
f 9280 9325 9305
f 9308 9323 9291
f 9288 9337 9289
f 9354 9325 7318
f 9335 9322 9305
f 9322 9310 9315
f 9311 9329 9318
f 9309 9343 9342
f 9327 9339 9320
f 9318 9287 9311
f 9314 9311 9297
f 9305 9322 9315
f 9327 9314 9298
f 9298 9314 9294
f 9307 9334 9343
f 7318 9325 9280
f 9287 9297 9311
f 9301 9321 9290
f 9293 9305 9315
f 9302 9313 9301
f 9299 9300 9304
f 7318 9331 9354
f 9310 9313 9302
f 9307 9278 9334
f 9330 9312 9317
f 9318 9303 9287
f 9290 9321 9278
f 9280 9305 9293
f 9299 9307 9309
f 9284 9286 9304
f 9287 9303 9288
f 9302 9301 9295
f 9309 9307 9343
f 9279 9284 9298
f 9369 9360 9347
f 9284 9328 9298
f 9294 9314 9297
f 9285 9319 9306
f 9285 9324 9319
f 9270 9301 9290
f 9364 9358 9348
f 9280 9293 9281
f 9319 9333 9413
f 9362 9319 9413
f 9299 9342 9300
f 9328 9284 9304
f 9315 9310 9258
f 9270 9295 9301
f 9292 9299 9304
f 9289 9338 9267
f 9322 9349 9310
f 9278 9321 9334
f 9283 9294 9297
f 9291 9376 9317
f 9258 9310 9302
f 9308 9291 9228
f 9288 9289 9246
f 9297 9282 9283
f 9279 9298 9294
f 9290 9274 9270
f 9267 9308 9228
f 9274 9290 9272
f 9291 9323 9376
f 9344 9345 9303
f 9283 9279 9294
f 9278 9272 9290
f 9307 9299 9292
f 9281 9293 9315
f 9277 9292 9304
f 9289 9267 9255
f 9261 9282 9287
f 9281 9256 9280
f 9324 9285 9221
f 9304 9286 9277
f 9316 9324 9221
f 9269 9283 9282
f 9270 9274 9266
f 9271 9272 9278
f 9329 9344 9303
f 9261 9287 9263
f 9273 9279 9269
f 9315 9258 9281
f 9271 9278 9307
f 9279 9276 9286
f 9302 9295 9230
f 9261 9269 9282
f 9307 9292 9277
f 9264 9272 9271
f 9277 9286 9259
f 9259 9286 9276
f 9275 9306 7249
f 9295 9270 9266
f 9316 9221 9209
f 9254 9259 9276
f 9286 9284 9279
f 9274 9264 9266
f 9271 9307 9268
f 9256 9281 9242
f 9258 9302 9230
f 9273 9276 9279
f 9252 9273 9269
f 9261 9263 9260
f 9254 9273 9252
f 9281 9258 9242
f 9273 9254 9276
f 9263 9287 9288
f 9230 9295 9251
f 9237 9267 9228
f 9266 9264 9253
f 9291 9317 9228
f 9262 9271 9268
f 9268 9307 9277
f 9268 9277 9265
f 9249 9269 9261
f 9269 9279 9283
f 9251 9295 9266
f 9248 9259 9257
f 9253 9264 9271
f 9262 9268 9265
f 9259 9254 9257
f 9257 9254 9243
f 9288 9246 9263
f 9260 9249 9261
f 9230 9251 9232
f 9237 9255 9267
f 9330 9317 9376
f 9246 9289 9255
f 9252 9243 9254
f 9241 9257 9243
f 9251 9271 9262
f 9262 9265 9238
f 9252 9269 9249
f 9274 9272 9264
f 9259 9248 9250
f 9234 9285 9275
f 9234 9221 9285
f 9251 9253 9271
f 9277 9259 9265
f 9257 9241 9248
f 9247 9243 9252
f 9258 9233 9242
f 9266 9253 9251
f 9250 9248 9245
f 9265 9259 9238
f 9247 9252 9227
f 9244 9245 9241
f 9260 9263 9220
f 9312 9209 9218
f 9249 9227 9252
f 9228 9317 9193
f 9231 9251 9262
f 9259 9229 9238
f 9229 9259 9250
f 9235 9241 9243
f 9251 9231 9215
f 9229 9250 9245
f 9243 9240 9235
f 9219 9233 9258
f 9251 9215 9232
f 9236 9245 9244
f 9241 9235 9244
f 9249 9260 9225
f 9230 9232 9226
f 7193 9242 9233
f 9245 9223 9229
f 9263 9246 9220
f 9236 9223 9245
f 9230 9226 9239
f 9238 9229 9210
f 9246 9255 9237
f 9219 9258 9230
f 9231 9262 9238
f 9222 9244 9235
f 9227 9249 9225
f 9297 9287 9282
f 9224 9247 9227
f 9213 9226 9232
f 9225 9260 9220
f 9238 9210 9231
f 9247 9224 9240
f 9233 9219 9206
f 9317 9312 9218
f 9193 9317 9218
f 9236 9244 9222
f 9223 9214 9216
f 9212 9246 9237
f 9212 9237 9200
f 9219 9230 9239
f 9229 9223 9216
f 9198 9227 9225
f 9221 9234 9174
f 9232 9215 9213
f 9223 9222 9214
f 9222 9235 9211
f 9224 9227 9198
f 9211 9240 9224
f 9209 9221 9174
f 9216 9210 9229
f 9245 9248 9241
f 9215 9231 9210
f 9214 9222 9207
f 9237 9228 9200
f 7193 9233 9206
f 9195 9224 9198
f 9217 9226 9213
f 9207 9222 9211
f 9224 9205 9211
f 9235 9240 9211
f 9203 9214 9207
f 9197 7193 9206
f 9216 9214 9203
f 9240 9243 9247
f 9205 9224 9195
f 9199 9213 9215
f 9215 9210 9199
f 9239 9226 9217
f 9178 9220 9212
f 9198 9225 9220
f 9239 9179 9219
f 9196 9213 9199
f 9208 9239 9217
f 9185 9207 9211
f 9203 9207 9204
f 9220 9246 9212
f 9200 9228 9193
f 9207 9185 9204
f 9179 9239 9208
f 9198 9220 9178
f 9211 9205 9192
f 9185 9211 9192
f 9192 9205 9195
f 9219 9179 9194
f 9201 9216 9203
f 9208 9217 9190
f 9201 9203 9204
f 9222 9223 9236
f 9209 9174 9183
f 9188 9199 9186
f 9212 9200 9178
f 9204 9185 9180
f 9188 9190 9196
f 9188 9196 9199
f 9199 9210 9186
f 9186 9210 9216
f 9234 9181 9174
f 9196 9217 9213
f 9218 9209 9183
f 9204 9187 9189
f 9201 9204 9189
f 9172 9186 9216
f 9204 9180 9187
f 9167 9198 9177
f 9187 9180 9184
f 9195 9198 9167
f 9216 9201 9172
f 9184 9201 9189
f 9181 9202 7143
f 9191 9190 9188
f 9191 9208 9190
f 9192 9195 9167
f 9189 9187 9184
f 9185 9192 9176
f 9179 9191 9188
f 9182 9184 9180
f 9180 9185 9176
f 9201 9184 9172
f 9179 9208 9191
f 9177 9198 9178
f 9219 9194 9156
f 9182 9172 9184
f 9182 9180 9176
f 9173 9179 9188
f 9171 9182 9176
f 9186 9172 9165
f 9167 9176 9192
f 9188 9186 9169
f 9197 9206 9156
f 9183 9174 9181
f 9161 9194 9179
f 9194 9161 9151
f 9166 9177 9158
f 9153 9171 9176
f 9176 9175 9162
f 9175 9176 9167
f 9168 9171 9153
f 9132 9176 9130
f 9130 9176 9162
f 9169 9186 9165
f 9168 9170 9171
f 9197 9156 7158
f 9169 9173 9188
f 9162 9167 9155
f 9159 9179 9173
f 9164 9170 9168
f 9153 9176 9132
f 9161 9179 9159
f 9152 9159 9173
f 9167 9166 9147
f 9155 9167 9147
f 9144 9156 9194
f 9194 9151 9144
f 9166 9158 9147
f 9154 9164 9168
f 9152 9173 9169
f 9157 9165 9164
f 9162 9175 9167
f 9217 9196 9190
f 9172 9164 9165
f 9157 9164 9154
f 9157 9169 9165
f 9120 9200 9125
f 9159 9152 9148
f 9157 9154 9160
f 9157 9160 9145
f 9161 9148 9151
f 9200 9193 9125
f 9168 9142 9154
f 9142 9168 9153
f 9120 9158 9200
f 9142 9160 9154
f 9193 9218 9131
f 9183 9163 9149
f 9130 9162 9118
f 9144 9151 9137
f 9146 9148 9152
f 9145 9143 9135
f 9132 9139 9153
f 9156 9144 9129
f 9142 9153 9139
f 9121 9169 9157
f 9172 9182 9170
f 9164 9172 9170
f 9145 9160 9143
f 9193 9131 9117
f 9146 9140 9148
f 9121 9157 9133
f 9134 9143 9142
f 9140 9151 9148
f 9137 9151 9140
f 9157 9145 9133
f 9152 9121 9146
f 9143 9160 9142
f 9134 9142 9139
f 9152 9169 9121
f 9120 9147 9158
f 9135 9143 9134
f 9167 9177 9166
f 7659 9125 9193
f 9135 9133 9145
f 9146 9127 9136
f 9135 9134 9126
f 7659 9193 9117
f 9158 9178 9200
f 9122 9147 9120
f 9177 9178 9158
f 9146 9121 9127
f 9128 9135 9126
f 9126 9134 9123
f 9133 9135 9128
f 9125 9107 9120
f 9116 9132 9130
f 9155 9147 9122
f 9118 9115 9130
f 9139 9132 9116
f 9134 9139 9123
f 9116 9130 9115
f 9141 9129 9119
f 9136 9124 9129
f 9113 9124 9127
f 9144 9136 9129
f 9137 9140 9136
f 9110 9133 9128
f 9121 9133 9101
f 9111 9113 9127
f 9131 9149 7631
f 9120 9107 9109
f 9118 9155 9103
f 7669 9149 9138
f 9144 9137 9136
f 9115 9118 9100
f 9112 9129 9124
f 9118 9162 9155
f 9098 9110 9126
f 9114 9139 9116
f 9155 9122 9103
f 9106 9127 9101
f 9120 9109 9122
f 9183 9149 9131
f 9101 9133 9110
f 9096 9114 9116
f 9107 9125 7659
f 9107 7659 7639
f 9110 9128 9126
f 9127 9099 9111
f 9123 9098 9126
f 9108 9123 9114
f 9119 9112 9102
f 7670 9116 9115
f 9112 9113 9111
f 7670 9096 9116
f 7631 9149 7669
f 9127 9106 9099
f 9112 9124 9113
f 9096 9108 9114
f 9118 9103 9105
f 7666 9119 7657
f 9131 7631 9117
f 9100 9118 9105
f 9127 9124 9136
f 7667 9099 9106
f 9119 9102 7657
f 9102 9111 9099
f 7670 9115 9100
f 7658 9101 7660
f 7648 9107 7639
f 9098 9123 9108
f 9102 9099 7657
f 7664 9096 7670
f 9122 7661 9103
f 7663 9104 4194
f 9102 9112 9111
f 7671 9108 9096
f 9105 9103 7661
f 9110 9098 9097
f 7658 7667 9106
f 7670 9100 7664
f 9100 9105 7664
f 7701 7674 9017
f 9068 7678 7687
f 9017 9079 7701
f 9095 9955 7684
f 9050 9085 9043
f 9083 9094 9057
f 9082 7690 9076
f 7675 9952 9080
f 9087 9083 9070
f 9071 9072 7688
f 9057 7678 9068
f 9032 9088 7691
f 9084 9090 9064
f 9092 9087 9887
f 9069 9086 9073
f 7672 9055 7694
f 9038 7694 9055
f 9030 7676 9042
f 9065 7680 9075
f 7674 9086 9069
f 9005 9088 9032
f 9067 9095 9072
f 9067 9955 9095
f 9091 9059 9051
f 9064 9058 9084
f 9076 9091 9037
f 9074 7676 9030
f 9056 7703 7692
f 9017 7674 9069
f 9056 9031 7703
f 7699 9003 9042
f 9045 9071 9038
f 9085 9050 9063
f 9070 9083 9057
f 9049 9070 9057
f 9069 9073 9031
f 9091 9051 9037
f 9036 9071 9045
f 9063 9023 9078
f 9064 9090 9033
f 9062 7689 9048
f 9048 9074 9030
f 9033 9090 9025
f 9887 9087 9061
f 9063 9050 9029
f 9036 9072 9071
f 9055 9081 9011
f 9047 9076 9022
f 9087 9070 9061
f 9056 7692 4159
f 9034 9029 9050
f 9011 9081 9005
f 9077 9093 9053
f 7677 9066 9052
f 9046 9060 9054
f 9041 9032 9078
f 9040 9070 9049
f 9057 9068 9039
f 9023 9063 9029
f 9070 9040 9061
f 9038 9055 9011
f 9022 9076 8997
f 9066 9046 9027
f 9068 7677 9052
f 9053 9082 9047
f 9050 9043 9021
f 9081 9088 9005
f 9003 9079 9026
f 9062 9048 9030
f 9047 9082 9076
f 9039 9068 9052
f 9046 9080 9060
f 9034 9050 9021
f 9051 9059 9002
f 9049 9039 9018
f 9044 9066 9027
f 9065 9035 9024
f 9054 9036 9046
f 9043 9077 9021
f 9013 9061 9040
f 9003 7699 9079
f 6929 9058 9064
f 8999 9065 9024
f 9036 9009 9046
f 8999 9002 9059
f 6929 9064 9028
f 9066 9044 9052
f 9024 9035 9004
f 9059 9065 8999
f 9019 9051 9002
f 8997 9037 9019
f 8990 9033 8995
f 9049 9006 9040
f 9020 9044 9027
f 9036 9054 9067
f 8985 9062 8979
f 9005 9032 8968
f 9042 9003 9030
f 9021 9077 9053
f 8979 9030 9003
f 9006 9049 9018
f 9012 9046 9009
f 8985 8986 9062
f 9062 9030 8979
f 9045 9014 9009
f 9039 9052 9018
f 6953 9058 6929
f 9009 9036 9045
f 9011 9010 9014
f 9038 9011 9014
f 9008 9023 9029
f 9053 9093 9082
f 9000 9022 8997
f 9046 9012 9027
f 8995 9025 8994
f 9041 9023 8970
f 9015 9044 9020
f 9041 9078 9023
f 9015 9018 9044
f 9020 9027 8998
f 9007 9028 8990
f 9018 8988 8973
f 8995 8994 8953
f 8945 9031 9056
f 8998 9027 9012
f 8981 9056 4159
f 9005 8968 9001
f 8970 9023 9008
f 9009 9014 8996
f 8999 9024 8992
f 8991 9009 8996
f 9029 9016 8989
f 8964 9028 9007
f 9010 9011 9005
f 9010 9005 9001
f 6929 9028 8960
f 9029 9034 9016
f 9016 9021 9053
f 8964 8960 9028
f 8988 9018 9015
f 8998 9012 8987
f 8989 9008 9029
f 9013 9040 9006
f 8982 9004 8986
f 8984 8979 9003
f 8974 9009 8991
f 9047 9022 9000
f 8993 9020 8998
f 8984 9003 9026
f 8978 9024 9004
f 8992 9024 8978
f 8969 8984 9026
f 8980 9015 8993
f 8965 9019 9002
f 8965 8997 9019
f 8936 9013 9006
f 8957 9056 8981
f 9014 8983 8996
f 8997 8965 9000
f 8988 9015 8967
f 9998 9017 9069
f 8968 9032 9041
f 9006 8973 8936
f 8987 9009 8974
f 9002 8951 8965
f 9013 8932 8994
f 8977 8998 8987
f 8951 9002 8999
f 8951 8999 8992
f 9053 9047 8940
f 8991 8996 8976
f 8940 9047 9000
f 8966 8993 8998
f 8972 8985 8979
f 8972 8979 8984
f 8976 8996 8983
f 8967 9015 8980
f 8966 8980 8993
f 8966 8998 8975
f 8975 8998 8977
f 9026 8944 8969
f 8941 8989 9016
f 8994 8932 8937
f 8983 9010 9001
f 9044 9018 9052
f 9997 8983 9001
f 8983 9014 9010
f 8941 9016 9053
f 9028 9033 8990
f 8978 8982 8925
f 8961 8991 8976
f 8990 8963 9007
f 8969 8944 8947
f 8976 8983 8971
f 8961 8974 8991
f 8972 8986 8985
f 8965 8951 8956
f 8959 9053 8940
f 8922 8977 8987
f 8943 8984 8969
f 8939 8987 8974
f 8961 8976 8938
f 8932 9013 8936
f 8972 8984 8943
f 8955 8990 8995
f 9069 8935 9998
f 9015 9020 8993
f 8916 9041 8942
f 8942 9041 8970
f 8987 9012 9009
f 8953 8994 8937
f 9998 8935 8962
f 8986 8972 8982
f 8973 8946 8936
f 8957 8945 9056
f 8969 8947 8934
f 8916 8968 9041
f 8956 9000 8965
f 8973 8988 8958
f 8973 8958 8946
f 9069 8945 8935
f 8923 8974 8961
f 8945 9069 9031
f 8922 8975 8977
f 8949 8972 8943
f 8934 8943 8969
f 9008 8989 8941
f 8919 6929 8960
f 8951 8914 8956
f 8970 9008 8948
f 8967 8980 8966
f 8954 8967 8966
f 8950 8939 8974
f 8950 8974 8923
f 8948 9008 8941
f 8990 8955 8963
f 9997 9001 8968
f 8900 8992 8978
f 8951 8992 8915
f 8938 8923 8961
f 8954 8958 8967
f 8954 8966 8975
f 8948 8942 8970
f 8945 8896 8935
f 8931 9997 8968
f 8938 8976 8971
f 8927 8995 8953
f 9004 8982 8978
f 8922 8987 8917
f 8952 8972 8949
f 8915 8992 8900
f 8933 8912 8941
f 8874 8955 8888
f 8954 8975 8887
f 8937 8927 8953
f 8958 8988 8967
f 8865 8982 8952
f 8891 8934 8947
f 8914 8951 8915
f 8938 8971 8913
f 8929 8963 8918
f 8949 8943 8928
f 9016 9034 9021
f 8941 9053 8959
f 8959 8940 8898
f 8925 8982 8865
f 8917 8987 8939
f 8919 8964 8929
f 9000 8956 8903
f 8933 8941 8959
f 8919 8960 8964
f 8865 8952 8908
f 8924 9997 8931
f 8918 8963 8955
f 8892 8946 8958
f 8978 8925 8900
f 8952 8949 8908
f 8888 8955 8995
f 8888 8995 8927
f 8931 8916 8930
f 8890 8928 8943
f 8926 8923 8938
f 8910 8913 8924
f 8932 8936 8904
f 8927 8937 8911
f 8975 8922 8917
f 8890 8934 8891
f 8898 8940 9000
f 9006 9018 8973
f 8891 8947 8858
f 8949 8928 8921
f 8943 8934 8890
f 8916 8942 8899
f 8874 8918 8955
f 8887 8892 8954
f 6824 6825 8919
f 8982 8972 8952
f 6802 6824 8919
f 8919 8929 6802
f 8859 8915 8900
f 8921 8928 8907
f 8938 8913 8926
f 8883 8950 8923
f 8931 8968 8916
f 8913 8910 8880
f 8899 8930 8916
f 8899 8942 8920
f 8886 8959 8898
f 8895 8931 8930
f 8883 8923 8876
f 8920 8942 8948
f 8920 8948 8906
f 8929 8918 6802
f 8913 8880 8926
f 8910 8931 8895
f 8950 8894 8939
f 8906 8948 8912
f 8897 8925 8865
f 8909 8892 8887
f 8956 8914 8903
f 8894 8950 8883
f 8912 8948 8941
f 8840 8914 8915
f 8902 8920 8906
f 9000 8903 8898
f 8927 8911 8885
f 8888 8927 8885
f 8928 8890 8889
f 8907 8928 8889
f 8876 8923 8926
f 8902 8906 8882
f 8869 8895 8930
f 8902 8899 8920
f 8905 8946 8873
f 8839 8909 8887
f 8917 8939 8894
f 8852 8930 8899
f 8874 8888 8856
f 8946 8892 8873
f 8878 8879 8907
f 8878 8907 8889
f 8904 8885 8911
f 8903 8914 8840
f 8856 8888 8850
f 8935 8896 8866
f 8962 8935 8871
f 8822 8926 8880
f 8867 8933 8959
f 8864 8889 8890
f 8871 8935 8866
f 8947 8901 8884
f 8893 8896 8844
f 8859 8897 8849
f 8900 8897 8859
f 8858 8947 8884
f 8890 8891 8858
f 8886 8824 8959
f 8881 8918 8874
f 8904 8905 8870
f 8905 8936 8946
f 8839 8887 8835
f 8900 8925 8897
f 8889 8864 8878
f 8898 8903 8886
f 8911 8937 8904
f 8896 8957 4112
f 4112 8854 8896
f 8917 8872 8975
f 8852 8899 8847
f 8868 8879 8878
f 8873 8909 8823
f 8869 8930 8852
f 8867 8959 8824
f 6764 6802 8918
f 8884 8901 8871
f 8847 8899 8902
f 8909 8873 8892
f 8880 8910 8841
f 6764 8918 8881
f 8886 8903 8837
f 8854 8844 8896
f 8910 8875 8841
f 8874 8833 8860
f 8822 8880 8841
f 8877 8878 8864
f 8862 8878 8877
f 8975 8872 8887
f 8872 8917 8894
f 8944 8901 8947
f 8864 8890 8858
f 8868 8878 8862
f 8867 8853 8882
f 8800 8874 8860
f 8846 8903 8840
f 8835 8887 8872
f 8896 8945 8957
f 8881 8874 8800
f 8867 8882 8912
f 8861 8877 8864
f 8845 8902 8882
f 8885 8781 8888
f 8926 8822 8876
f 8818 8862 8838
f 8838 8877 8861
f 8884 8871 8825
f 8837 8903 8846
f 8824 8886 8837
f 8862 8855 8868
f 8845 8882 8851
f 8882 8853 8851
f 8882 8906 8912
f 8843 8841 8875
f 8849 8897 8865
f 8812 8849 8865
f 8848 8894 8883
f 8781 8850 8888
f 8904 8870 8836
f 8901 8962 8871
f 8834 8869 8852
f 8847 8902 8845
f 8857 8879 8868
f 8885 8904 8836
f 8873 8870 8905
f 8896 8893 8866
f 8858 8884 8825
f 8858 8825 8861
f 8875 8910 8895
f 8849 8832 8859
f 8820 8853 8867
f 8842 8848 8883
f 8831 8857 8868
f 8846 8811 8837
f 8784 6764 8881
f 8866 8893 8796
f 8843 8875 8817
f 8865 8863 8812
f 8830 8852 8847
f 8817 8895 8869
f 8867 8824 8820
f 8883 8876 8842
f 8784 8881 8800
f 8781 8885 8836
f 8844 8854 4077
f 8834 8852 8830
f 8937 8932 8904
f 8870 8873 8801
f 9045 9038 9014
f 8819 8800 8860
f 8860 8833 8813
f 8856 8850 8809
f 8836 8870 8801
f 8825 8871 8765
f 8830 8847 8845
f 8801 8873 8828
f 8873 8823 8828
f 8828 8823 8808
f 8834 8830 8827
f 8855 8818 8803
f 8814 8829 8853
f 8745 8823 8909
f 8815 8830 8845
f 8868 8855 8831
f 8821 8845 8851
f 8869 8834 8827
f 8809 8850 8781
f 8811 8840 8757
f 8819 8860 8813
f 8909 8839 8745
f 8838 8816 8805
f 8844 8796 8893
f 8820 8824 8774
f 8871 8866 8765
f 8788 8827 8830
f 8806 8819 8813
f 8769 8894 8776
f 8894 8848 8776
f 8826 8822 8841
f 8822 8786 8876
f 8818 8805 8767
f 8803 8818 8793
f 8862 8818 8855
f 8804 8869 8827
f 8826 8786 8822
f 8794 8842 8876
f 8838 8805 8818
f 8829 8821 8851
f 8795 8832 8812
f 8769 8835 8872
f 8861 8825 8783
f 8808 8823 8745
f 8958 8954 8892
f 9996 8812 8863
f 8827 8788 8789
f 8783 8816 8861
f 8876 8786 8794
f 8811 8824 8837
f 8765 8866 8796
f 8875 8895 8817
f 8802 8831 8855
f 8810 8843 8817
f 8805 8816 8798
f 8831 8802 8782
f 9033 9025 8995
f 8849 8812 8832
f 8815 8845 8821
f 8821 9989 8815
f 8807 9989 8821
f 8851 8853 8829
f 8780 8806 8813
f 8827 8789 8804
f 8815 8788 8830
f 9981 8821 8829
f 8790 8826 8841
f 8787 8784 8800
f 8769 8872 8894
f 8744 8848 8842
f 8744 8842 8794
f 8807 8821 9981
f 8753 8809 8781
f 8783 8798 8816
f 8788 8815 9989
f 8814 8785 8829
f 8785 8814 8773
f 8773 8814 8820
f 8781 8836 8770
f 8826 8779 8786
f 8825 8765 8763
f 8855 8803 8802
f 8764 8769 8776
f 9981 8829 8792
f 8770 8836 8801
f 8792 8829 8785
f 8828 8808 9993
f 9994 8828 9993
f 8806 8797 8766
f 8904 8936 8905
f 8783 8825 8763
f 9974 8791 8750
f 8779 8826 8790
f 8788 9976 8789
f 8809 8813 8833
f 8844 8799 8749
f 8796 8844 8749
f 8804 8810 8869
f 8793 8818 8767
f 8783 8763 8772
f 8780 8813 8809
f 8777 8812 9996
f 8787 8819 8806
f 8787 8806 8741
f 8835 8745 8839
f 9976 8788 9982
f 8772 8798 8783
f 8757 8832 8795
f 8824 8811 8755
f 8741 8806 8766
f 8775 8778 8804
f 8775 8789 9976
f 8724 8812 8777
f 8802 8771 8782
f 8773 8792 8785
f 8800 8819 8787
f 8809 8753 8762
f 8808 8745 8676
f 8778 8810 8804
f 8744 8758 8848
f 8761 8750 8791
f 8779 8790 8738
f 8795 8812 8724
f 8757 8719 8811
f 8732 8755 8811
f 8762 8780 8809
f 8752 8761 8810
f 8797 8806 8780
f 8766 8797 8754
f 8796 8749 8734
f 8776 8848 8758
f 8755 8774 8824
f 8752 8810 8778
f 8737 8805 8798
f 8764 8776 8758
f 8737 8798 8772
f 8732 8811 8719
f 8765 8796 8734
f 8710 8769 8764
f 8803 8756 8802
f 8751 8773 8774
f 9985 8750 8761
f 8778 8775 9976
f 8712 8786 8779
f 8735 8768 9990
f 8794 8786 8714
f 8740 8797 8743
f 8786 8712 8714
f 8756 8803 8793
f 8736 8764 8758
f 8717 8758 8744
f 8741 8766 8754
f 8808 8746 9993
f 8771 8802 8756
f 8762 8753 8715
f 8745 8835 8769
f 8710 8759 8769
f 8752 8778 8747
f 9976 8747 8778
f 8759 8722 8769
f 8696 8805 8737
f 8737 8772 8748
f 8789 8775 8804
f 8757 8795 8726
f 8753 8770 8715
f 8769 8722 8745
f 8719 8757 8726
f 8694 8737 8748
f 8726 8795 8724
f 8793 8695 8756
f 8742 8768 8735
f 8751 8774 8755
f 9985 8725 8750
f 8700 8710 8764
f 8699 8732 8719
f 8799 8734 8749
f 8768 9986 8760
f 9986 8768 8742
f 8853 8820 8814
f 8773 8820 8774
f 8754 8730 8741
f 9974 8750 8725
f 8805 8696 8767
f 8767 8695 8793
f 8690 8676 8745
f 8759 8710 8729
f 8706 8742 8735
f 8700 8764 8736
f 8720 8744 8714
f 8681 8771 8756
f 8718 8762 8715
f 8729 8710 8733
f 8731 8754 8740
f 8720 8717 8744
f 8744 8794 8714
f 8756 8695 8708
f 8685 8739 8728
f 8685 8728 8675
f 8698 8745 8722
f 8672 8737 8694
f 8649 8714 8712
f 8688 8720 8714
f 8730 8754 8716
f 8731 8740 8718
f 8715 8770 8739
f 8674 8682 8722
f 8721 8737 8672
f 8664 8724 8777
f 8704 8731 8718
f 8718 8743 8762
f 8704 8718 8715
f 8725 9985 8697
f 8708 8681 8756
f 8706 8735 8709
f 8716 8754 8731
f 8697 9985 8711
f 8673 8759 8729
f 8722 8759 8674
f 8695 8767 8667
f 8727 8694 8748
f 8680 8719 8726
f 8711 9988 8702
f 8696 8737 8721
f 8705 8736 8717
f 8726 8664 8671
f 8732 8699 8713
f 8703 8697 8711
f 8767 8686 8667
f 8726 8724 8664
f 8718 8740 8743
f 8696 8686 8767
f 9973 8712 8779
f 8707 8777 8681
f 8709 8692 8706
f 8709 9979 8691
f 8670 8704 8715
f 8705 8717 8720
f 8690 8745 8698
f 8703 8711 8656
f 8665 8676 8690
f 8726 8671 8680
f 8680 8699 8719
f 8692 8709 8693
f 8779 8738 9973
f 8679 8725 8697
f 8674 8759 8673
f 8729 8733 8701
f 8666 8710 8700
f 8670 8715 8685
f 8643 8729 8701
f 8705 8666 8700
f 8643 8673 8729
f 8695 8667 8708
f 8687 8699 8680
f 8699 8687 8713
f 8781 8770 8753
f 8659 8698 8682
f 8711 8702 8656
f 8701 8733 8666
f 8694 9789 8672
f 8777 8707 8664
f 8858 8861 8864
f 8710 8666 8733
f 8692 8693 8691
f 8715 8739 8685
f 8654 8702 9983
f 8696 8721 8622
f 9992 8666 8705
f 8649 8688 8714
f 8731 8704 8655
f 8690 8698 8683
f 8683 8698 8678
f 8621 8697 8703
f 8641 8649 8712
f 9993 8746 8684
f 8622 8686 8696
f 9973 8641 8712
f 8708 8667 8668
f 8746 8676 8684
f 8663 8682 8674
f 8677 8701 8666
f 8912 8933 8867
f 8655 8704 8670
f 8683 8669 8629
f 8678 8698 8659
f 8643 8662 8673
f 8694 8727 9789
f 8681 8708 8668
f 8668 8707 8681
f 8680 8671 9984
f 8658 8685 8675
f 8690 8683 8629
f 8656 8650 8703
f 8660 8707 8668
f 9993 8684 8648
f 8746 8808 8676
f 8697 8621 8628
f 8657 8686 8622
f 8642 8670 8685
f 8687 8680 9984
f 8682 8698 8722
f 8679 8697 8628
f 8660 8667 9978
f 8642 8685 8658
f 8647 8657 8622
f 8643 8677 8652
f 8661 8727 8689
f 9789 8727 8661
f 8707 8653 8664
f 8659 8663 8639
f 8654 9983 9987
f 8654 9987 8631
f 9992 8705 8720
f 6580 8731 8655
f 8667 8660 8668
f 9984 8664 8653
f 8629 8665 8690
f 8674 8662 8663
f 8652 8666 9992
f 8653 8707 8660
f 8626 8655 8670
f 8626 8670 8642
f 8664 9984 8671
f 8648 8658 9993
f 8669 8683 8678
f 8678 8659 8633
f 8674 8673 8662
f 8663 8662 8651
f 8644 8679 8628
f 8661 8689 4062
f 8672 8627 8721
f 8811 8846 8840
f 8684 8676 8665
f 8634 8648 8684
f 8658 8648 8642
f 8645 8669 8678
f 8663 8659 8682
f 8639 8663 8618
f 8652 8624 8643
f 8651 8618 8663
f 8638 9977 8657
f 8656 8702 8646
f 8672 9789 8627
f 8772 8763 8765
f 8727 8772 8765
f 8734 8727 8765
f 8727 8734 8689
f 8606 8650 8656
f 8669 8645 8629
f 8678 8633 8645
f 8627 8622 8721
f 8700 8736 8705
f 8652 8677 8666
f 8621 8703 8650
f 8636 8720 8688
f 8651 8643 8632
f 8717 8736 8758
f 8634 8665 8623
f 8639 8618 8633
f 8647 8622 8603
f 8625 9991 8636
f 8624 8652 9991
f 8635 8618 8651
f 8662 8643 8651
f 8688 8649 8637
f 8623 8629 9975
f 8645 8633 8620
f 8644 8616 8679
f 8651 8632 8635
f 8606 8656 8646
f 8655 8615 6580
f 8684 8665 8634
f 8688 8637 8636
f 8638 8657 8647
f 8637 8649 8641
f 8630 8626 8642
f 8634 8623 8617
f 8702 9988 9983
f 8645 8620 9975
f 8638 8631 9977
f 8624 9991 8625
f 8640 8636 8637
f 8631 8646 8654
f 8625 8636 8640
f 8643 8701 8677
f 8612 8640 8637
f 8632 8643 8624
f 8618 8620 8633
f 8619 8620 8618
f 4029 4025 8627
f 8622 8627 4025
f 8647 8603 8600
f 8642 8648 8630
f 8618 8635 8611
f 8593 8644 8628
f 6473 6580 8615
f 8615 8655 8626
f 8616 8604 8613
f 8628 8621 8596
f 9975 8620 9972
f 8596 8621 8650
f 8610 8606 8646
f 8634 8617 8608
f 8617 8607 8608
f 8607 8617 8614
f 8620 9968 9972
f 8604 8616 8593
f 8602 8600 8603
f 8638 8646 8631
f 8638 8647 8600
f 8585 8650 8606
f 8648 8634 8608
f 9967 8618 8611
f 8620 8619 9968
f 8639 8633 8659
f 8599 8596 8650
f 9975 8614 8623
f 8593 8628 8596
f 8622 4025 8603
f 8601 8615 8626
f 8648 8608 8630
f 8614 9975 9969
f 8608 8607 9965
f 9967 8619 8618
f 9970 9971 8605
f 8609 8640 8612
f 8599 8650 8585
f 8626 8630 8595
f 8607 8614 9966
f 8603 4025 4021
f 8609 8612 8613
f 8665 8629 8623
f 8605 9971 8609
f 8616 8644 8593
f 8614 9969 9966
f 8630 8608 8595
f 8595 8608 9965
f 8607 9966 9965
f 9971 8640 8609
f 8610 8646 8638
f 8598 9966 9969
f 8638 8600 8583
f 8586 6473 8615
f 8601 8626 8595
f 9969 9975 9972
f 8605 9969 9972
f 8614 8617 8623
f 8598 9969 8605
f 8600 8602 8583
f 8605 8609 8597
f 8646 8702 8654
f 8592 8593 8596
f 8594 8604 8593
f 8583 8582 8638
f 8591 8615 8601
f 8592 8596 8580
f 8598 8605 8597
f 8590 8601 8595
f 8597 8604 8594
f 8586 8615 8591
f 8595 8598 8590
f 8590 8591 8601
f 8606 8610 8582
f 8580 8596 8578
f 8583 8602 8589
f 8593 8592 8594
f 8588 8597 8594
f 8598 8597 8587
f 8590 8575 8591
f 8597 8609 8604
f 8740 8754 8797
f 8592 8581 8588
f 8575 8590 8598
f 8582 8583 8571
f 8599 8585 8577
f 8579 8606 8582
f 8577 8585 8579
f 8581 8592 8580
f 8570 8583 8589
f 4012 8570 8589
f 8571 8583 8567
f 8575 8598 8587
f 8567 8583 8570
f 8596 8599 8578
f 8588 8594 8592
f 8586 8591 8566
f 8572 8587 8588
f 8578 8599 8573
f 8585 8606 8579
f 8566 8591 8575
f 8576 8575 8587
f 8576 8587 8572
f 8579 8582 8571
f 8599 8577 8573
f 8587 8597 8588
f 8557 8576 8572
f 8565 8581 8580
f 8562 8572 8581
f 8568 8579 8571
f 8564 8580 8578
f 8580 8564 8565
f 8569 8573 8577
f 8574 8586 8566
f 8562 8581 8565
f 8563 8578 8573
f 8566 8575 8552
f 8552 8575 8576
f 8549 8579 8558
f 4012 8561 8560
f 8570 4012 8560
f 8557 8572 8562
f 8567 8570 8560
f 8556 8569 8577
f 8588 8581 8572
f 8563 8573 8569
f 8563 8564 8578
f 8574 8566 8552
f 8550 8552 8576
f 8546 8563 8569
f 6370 8574 8559
f 8550 8576 8557
f 8557 8562 8555
f 8574 8552 8559
f 8555 8562 8565
f 8547 8557 8555
f 8553 8555 8565
f 8565 8551 8553
f 8577 8579 8549
f 8556 8577 8549
f 8529 8559 8552
f 8546 8569 8556
f 8547 8550 8557
f 8564 8551 8565
f 8558 8568 8554
f 8529 8524 8559
f 8529 8552 8523
f 8558 8579 8568
f 8538 8560 8532
f 8545 8549 8558
f 8560 8561 4005
f 8548 8564 8563
f 8552 8550 8523
f 8537 8560 8538
f 8548 8563 8546
f 8537 8554 8560
f 8555 8553 8542
f 8551 8548 8539
f 8553 8551 8542
f 8542 8544 8555
f 8540 8546 8556
f 8541 8558 8537
f 4005 8532 8560
f 8535 8542 8551
f 8555 8544 8547
f 8535 8551 8539
f 8548 8546 8543
f 8558 8541 8531
f 8517 8523 8550
f 8540 8556 8530
f 8531 8545 8558
f 8517 8550 8547
f 8545 8530 8556
f 8545 8556 8549
f 8529 8523 8526
f 8532 4005 3999
f 8531 8541 8533
f 8528 8547 8544
f 8533 8541 8537
f 8533 8537 8527
f 8539 8548 8543
f 8539 8522 8535
f 8525 8532 3999
f 8525 8538 8532
f 8536 8545 8531
f 8535 8522 8506
f 8530 8534 8540
f 8524 8529 8519
f 8528 8544 8542
f 8542 8535 8506
f 8539 8543 8520
f 8519 8529 8526
f 8536 8530 8545
f 8518 8531 8533
f 8526 8523 8517
f 8558 8554 8537
f 8520 8543 8534
f 8533 8527 8514
f 8534 8530 8521
f 8568 8571 8554
f 8513 8522 8520
f 8521 8530 8536
f 8527 8525 8501
f 8528 8542 8506
f 8522 8539 8520
f 8514 8518 8533
f 8516 8520 8534
f 8534 8543 8540
f 8506 8517 8528
f 8516 8534 8521
f 8515 8513 8520
f 8520 8516 8515
f 8517 8547 8528
f 8513 8506 8522
f 8501 8525 3999
f 8511 8518 8514
f 8506 8513 8503
f 8508 8527 8501
f 8508 8514 8527
f 8519 8526 8502
f 8501 3999 8507
f 8502 8526 8517
f 8495 8517 8506
f 8511 8514 8508
f 8515 8516 8504
f 8502 8517 8510
f 8527 8537 8538
f 8509 8490 8521
f 8493 8511 8508
f 8503 8515 8499
f 8509 8512 8497
f 8509 8536 8512
f 8516 8521 8490
f 8504 8516 8490
f 8495 8506 8485
f 8485 8506 8503
f 8488 8503 8499
f 8512 8531 8518
f 8531 8512 8536
f 8505 8519 8502
f 8497 8512 8518
f 8525 8527 8538
f 8503 8513 8515
f 8505 8502 8498
f 8493 8508 8500
f 8504 8490 8476
f 8498 8496 8505
f 8517 8495 8492
f 8498 8502 8510
f 8489 8485 8503
f 8500 8508 8501
f 8551 8564 8548
f 8491 8496 8498
f 8510 8517 8492
f 8485 8486 8495
f 8500 8501 8481
f 8486 8492 8495
f 8491 8498 8478
f 3990 8481 8501
f 8488 8499 8479
f 8499 8515 8504
f 8492 8498 8510
f 8543 8546 8540
f 8497 8494 8484
f 8478 8492 8482
f 8480 8493 8466
f 8478 8498 8492
f 8487 8478 8482
f 8489 8488 8483
f 8478 8487 8467
f 8483 8488 8479
f 8470 8487 8482
f 8483 8485 8489
f 9705 6229 8491
f 8482 8492 8486
f 8493 8500 8466
f 8486 8485 8473
f 8475 8470 8482
f 8482 8486 8475
f 8472 8481 3990
f 8472 8466 8481
f 8480 8466 8453
f 8459 8484 8494
f 8475 8486 8473
f 8473 8483 8471
f 8465 8494 8480
f 8469 8479 8476
f 8474 8478 8467
f 8453 8465 8480
f 8476 8477 8460
f 8483 8473 8485
f 8494 8465 8459
f 8466 8500 8481
f 8446 8470 8475
f 8476 8460 8469
f 8483 8479 8469
f 8464 8477 8484
f 8494 8518 8480
f 8473 8471 8475
f 8466 8456 8453
f 8503 8488 8489
f 8499 8504 8476
f 8476 8490 8477
f 8487 8470 8467
f 8475 8471 8468
f 8464 8484 8459
f 8446 8475 8468
f 8471 8483 8469
f 8468 8471 8469
f 8499 8476 8479
f 8491 8478 9705
f 8454 8470 8446
f 8497 8484 8477
f 8477 8464 8457
f 9705 8478 8474
f 8463 8468 8469
f 8454 8467 8470
f 8460 8477 8457
f 8469 8460 8458
f 8472 3981 3979
f 8469 8458 8463
f 8463 8458 8461
f 8450 8465 8453
f 8459 8465 8450
f 8461 8468 8463
f 8474 8467 8462
f 8460 8452 8458
f 8457 8452 8460
f 8464 8459 8455
f 8467 8454 8462
f 8456 8466 8472
f 8457 8464 8455
f 8461 8445 8468
f 3978 8456 8472
f 8459 8450 8455
f 8458 8452 8445
f 8450 8453 8451
f 8450 8448 8455
f 8446 8468 8445
f 8451 8456 3978
f 8447 8455 8448
f 8497 8518 8494
f 8450 8451 8448
f 8449 8454 8446
f 8447 8448 8444
f 8461 8458 8445
f 3979 3978 8472
f 8456 8451 8453
f 8448 3978 8442
f 8451 3978 8448
f 8518 8511 8493
f 8480 8518 8493
f 8448 8442 8444
f 8449 8446 8445
f 8477 8490 8497
f 8452 8457 8455
f 9693 8452 8447
f 8445 8452 9693
f 8452 8455 8447
f 8447 8443 9693
f 8490 8509 8497
f 8443 8447 8444
f 8509 8521 8536
f 8443 8444 8441
f 8444 8442 9687
f 8444 9687 8441
f 6191 8427 7364
f 7352 8433 8415
f 8401 8435 8440
f 8426 7368 8431
f 8440 7353 8401
f 8414 8394 8439
f 8415 8397 7352
f 8405 4328 8394
f 8408 8433 8438
f 8417 7366 8424
f 8423 8436 8434
f 7362 7357 8384
f 4328 8405 6187
f 8416 8431 7362
f 8408 7356 8400
f 8393 8433 8408
f 8400 7356 8427
f 8427 6191 8422
f 8407 8437 8418
f 8416 7362 8384
f 8424 8392 8417
f 8411 7355 8421
f 7357 8428 8384
f 8428 8409 8384
f 8430 8376 7353
f 8376 8401 7353
f 8437 8410 8418
f 8417 8396 7366
f 8375 8430 8419
f 8422 6191 6188
f 8415 8433 8393
f 8429 8407 8404
f 8426 8431 8402
f 8376 8430 8375
f 7355 8397 8421
f 8435 8401 8414
f 8418 8410 8369
f 8402 8431 8416
f 8386 8394 8414
f 8426 8392 8424
f 8357 8388 8411
f 8406 8413 8409
f 8398 8429 8404
f 8400 8427 8422
f 8388 8375 8419
f 8393 8408 8400
f 8411 8421 8357
f 8390 8397 8415
f 8415 8393 8390
f 8364 8402 8416
f 8396 7359 7366
f 8404 8407 8418
f 8364 8416 8391
f 8414 8401 8385
f 8386 8414 8385
f 8405 8394 8383
f 8421 8397 8372
f 8365 8410 8396
f 8412 8423 8381
f 8422 6188 8380
f 8372 8397 8390
f 8379 8423 8434
f 8379 8434 8395
f 8401 8376 8358
f 8365 8369 8410
f 8368 8400 8422
f 8381 8387 8412
f 8396 8417 8382
f 8385 8401 8358
f 8421 8372 8357
f 8362 8412 8387
f 8351 8413 8389
f 8382 8417 8392
f 8364 8378 8402
f 8383 8374 6146
f 8370 8403 8398
f 8409 8413 8351
f 8422 8380 8368
f 8367 8423 8379
f 8384 8409 8350
f 8392 8426 8373
f 8389 8432 8377
f 8343 8374 8383
f 8386 8385 8348
f 8371 8382 8392
f 8357 8372 8366
f 8416 8384 8391
f 8393 8400 8363
f 8396 8410 7359
f 8381 8423 8367
f 8387 8381 8354
f 8372 8390 8363
f 8389 8420 8432
f 8373 8402 8378
f 8373 8426 8402
f 8370 8341 8403
f 8341 8395 8403
f 8363 8400 8368
f 8360 8375 8388
f 8353 8375 8360
f 8391 8384 8340
f 8386 8348 8355
f 8358 8376 8375
f 8394 8386 8355
f 8380 8361 8368
f 8337 8358 8375
f 8390 8393 8363
f 8335 8418 8369
f 8349 8372 8363
f 8366 8372 8349
f 8388 8419 8411
f 8360 8388 8357
f 8409 8351 8350
f 8319 8394 8355
f 8346 8404 8418
f 8335 8346 8418
f 8359 8378 8364
f 8379 8395 8341
f 8324 8364 8391
f 8332 8374 8343
f 8319 8383 8394
f 8369 8365 8335
f 8396 8356 8365
f 8371 8373 8334
f 8359 8364 8324
f 8339 8368 8331
f 8335 8365 8342
f 8326 8351 8389
f 8356 8396 8382
f 8331 8368 8361
f 8366 8349 8344
f 8357 8366 8344
f 8362 8354 8329
f 8398 8404 8301
f 8361 8345 8331
f 8301 8404 8346
f 8348 8385 8358
f 8343 8383 8319
f 8311 8370 8398
f 8363 8368 8347
f 6126 8352 8303
f 8360 8317 8353
f 8323 8351 8326
f 8349 8363 8347
f 8371 8334 8330
f 8318 8360 8357
f 8345 8361 6126
f 8381 8338 8354
f 8347 8368 8339
f 8384 8350 8340
f 8337 8375 8353
f 8367 8379 8315
f 8381 8367 8336
f 8328 8350 8351
f 8323 8328 8351
f 8217 8391 8340
f 8382 8371 8330
f 8312 8345 6126
f 8312 6126 8303
f 8217 8324 8391
f 8309 8290 8343
f 8329 8354 8338
f 8341 8315 8379
f 8338 8381 8336
f 8378 8334 8373
f 8371 8392 8373
f 8295 8370 8311
f 8292 8317 8318
f 8382 8304 8356
f 8295 8341 8370
f 8333 8353 8317
f 8336 8367 8310
f 8307 8348 8358
f 8358 8337 8307
f 8310 8367 8315
f 8344 8314 8318
f 8350 8328 8320
f 8340 8350 8320
f 8323 8326 8308
f 8326 8389 8377
f 8313 8329 8299
f 8395 8434 4333
f 8319 8355 8348
f 8342 8365 8356
f 8360 8318 8317
f 8329 8338 8299
f 8331 8316 8339
f 8314 8344 8349
f 8293 8343 8322
f 8297 8312 8303
f 8325 8308 8326
f 8325 8326 8377
f 8341 8295 8315
f 8287 8349 8347
f 8319 8348 8307
f 6073 8332 8290
f 8347 8339 8316
f 8356 8294 8342
f 8287 8291 8349
f 8304 8330 8306
f 8333 8337 8353
f 8284 8337 8259
f 8280 8359 8324
f 8284 8307 8337
f 8291 8314 8349
f 8343 8319 8322
f 8356 8304 8294
f 8322 8319 8288
f 8330 8334 8306
f 8345 8298 8331
f 8316 8287 8347
f 8305 8335 8342
f 8295 8311 8263
f 8288 8319 8307
f 8352 8321 8300
f 8300 8282 8352
f 8296 8303 8352
f 8337 8333 8259
f 8256 8312 8297
f 8377 8327 8235
f 8323 8264 8328
f 8280 8324 8217
f 8357 8344 8318
f 8298 8345 8289
f 8259 8333 8258
f 8345 8312 8289
f 8346 8335 8305
f 8296 8297 8303
f 8298 8316 8331
f 8318 8314 8268
f 8258 8333 8317
f 8296 8352 8282
f 8275 8309 8293
f 8256 8289 8312
f 8290 8309 8276
f 8398 8301 8311
f 8264 8320 8328
f 8263 8311 8301
f 8276 8309 8275
f 8302 8299 8338
f 8301 8305 8283
f 8304 8306 8254
f 8300 8321 6072
f 8288 8307 8286
f 8251 8293 8322
f 8292 8266 8258
f 8261 8359 8280
f 8294 8304 8254
f 8301 8346 8305
f 8251 8322 8288
f 8266 8292 8268
f 8306 8334 8274
f 8334 8378 8261
f 8257 8313 8233
f 8276 8278 8290
f 8298 8273 8316
f 8309 8343 8293
f 8340 8320 8229
f 8217 8340 8229
f 8271 8281 8278
f 8273 8298 8289
f 8206 8305 8342
f 8285 8281 8277
f 8188 8323 8308
f 8273 8289 8269
f 8325 8235 8272
f 8276 8275 8250
f 8314 8291 8247
f 8218 8338 8336
f 8268 8314 8247
f 8273 8287 8316
f 8310 8315 8181
f 8262 8275 8293
f 8304 8382 8330
f 8276 9964 8278
f 8281 8270 8277
f 8279 8281 8271
f 8262 8293 8251
f 9964 8276 8250
f 8320 8264 8209
f 8251 8288 8286
f 8287 8273 8248
f 8218 8336 8310
f 8271 8278 8267
f 8306 8274 8254
f 8265 8206 8342
f 8248 8291 8287
f 8283 8263 8301
f 8259 8258 8244
f 8264 8188 8243
f 8294 8265 8342
f 8269 8256 8238
f 8286 8307 8225
f 8246 6072 8249
f 8267 8278 9964
f 8214 8244 8258
f 8246 8300 6072
f 8237 8233 8302
f 8195 8296 8282
f 8233 8313 8299
f 8277 8260 8285
f 8279 8271 8255
f 8233 8299 8302
f 8195 8297 8296
f 9964 8250 8245
f 8266 8268 8239
f 8266 8210 8258
f 8315 8219 8181
f 8307 8284 8225
f 8253 8279 8255
f 8239 8268 8247
f 8275 8262 8250
f 8274 8334 8223
f 8269 8289 8256
f 8272 8308 8325
f 8234 8247 8291
f 8255 8252 8241
f 8214 8258 8210
f 8219 8315 8295
f 8343 8290 8332
f 8284 8259 8225
f 8270 8281 8279
f 8241 8253 8255
f 8236 8248 8273
f 8264 8323 8188
f 8200 8246 8249
f 8228 8283 8305
f 8228 8305 8206
f 8277 8270 8227
f 8270 8279 8207
f 8245 8250 8262
f 8209 8229 8320
f 8207 8279 8253
f 8248 8234 8291
f 8334 8261 8223
f 8260 8277 8226
f 8168 8240 8257
f 8188 8308 8272
f 8359 8261 8378
f 8234 8248 8236
f 8237 8302 8218
f 8236 8273 8269
f 8207 8253 8213
f 8209 8264 8243
f 8231 8263 8283
f 8245 8241 8252
f 8262 8251 8215
f 8168 8224 8240
f 8253 8241 8212
f 8230 8297 8195
f 8265 8294 8196
f 8240 8224 8249
f 8168 8257 8192
f 8233 8237 8232
f 8242 8219 8295
f 8229 8209 8216
f 8286 8225 8208
f 8280 8178 8261
f 8338 8218 8302
f 8270 8207 8227
f 8185 8195 8282
f 8178 8223 8261
f 8251 8286 8208
f 8205 8239 8247
f 8259 8244 8225
f 8325 8377 8235
f 8218 8310 8154
f 8217 8229 8184
f 8282 8300 8246
f 8272 8235 8221
f 8199 8210 8266
f 8194 8200 8249
f 8238 8256 8297
f 8230 8238 8297
f 8243 8186 8209
f 8231 8242 8263
f 8215 8198 8262
f 8186 8243 8188
f 8241 8245 8198
f 8185 8282 8246
f 8220 8225 8244
f 8212 8241 8198
f 8266 8239 8199
f 8194 8249 8224
f 8142 8200 8194
f 8233 8232 8191
f 8230 8195 8185
f 8212 8198 8211
f 8229 8216 8124
f 8277 8222 8226
f 8204 6013 8226
f 8207 8213 8177
f 8208 8225 8174
f 8294 8254 8201
f 8237 8218 8145
f 8201 8254 8274
f 8193 8222 8227
f 8206 8265 8165
f 8189 8244 8214
f 8165 8265 8196
f 8213 8212 8197
f 8212 8211 8202
f 8172 8235 3927
f 8218 8154 8145
f 8175 8280 8217
f 8175 8178 8280
f 8192 8257 8233
f 8191 8192 8233
f 8220 8174 8225
f 8209 8186 8140
f 8209 8140 8216
f 8277 8227 8222
f 8213 8253 8212
f 8232 8237 8203
f 8245 8262 8198
f 8210 8189 8214
f 8274 8223 8178
f 8197 8212 8202
f 8143 8201 8274
f 8231 8283 8153
f 8153 8283 8228
f 8184 8229 8124
f 8179 8215 8208
f 8143 8274 8178
f 8176 8246 8200
f 8234 8236 8190
f 8183 8205 8247
f 8198 8215 8179
f 8239 8205 8199
f 8228 8206 8165
f 8163 8181 8219
f 8220 8244 8189
f 8191 8232 8203
f 8272 8221 8162
f 8202 8211 8171
f 8310 8181 8154
f 8170 8228 8165
f 8211 8198 8179
f 8174 8179 8208
f 8196 8294 8201
f 8177 8213 8161
f 8146 8238 8230
f 8203 8237 8155
f 8183 8234 8190
f 8204 8226 9960
f 8172 8162 8221
f 8189 8174 8220
f 8194 8224 8168
f 8161 8213 8197
f 8182 8272 8162
f 8131 8140 8186
f 8238 8160 8236
f 8236 8269 8238
f 8125 8190 8236
f 8228 8170 8153
f 8210 8187 8138
f 8133 8188 8272
f 8272 8182 8133
f 8219 8180 8163
f 8217 8184 8175
f 8234 8183 8247
f 8146 8160 8238
f 8123 8242 8231
f 8242 8123 8180
f 8204 9960 5988
f 8191 8203 8130
f 8258 8317 8292
f 8197 8202 8171
f 8125 8106 8190
f 8199 8205 8129
f 8159 8211 8179
f 8186 8188 8133
f 8180 8219 8242
f 8157 8178 8175
f 8129 8205 8183
f 8167 8181 8163
f 8082 8196 8201
f 8139 8161 8197
f 8150 8194 8077
f 8203 8155 8130
f 8138 8189 8210
f 8166 8140 8131
f 8159 8179 8174
f 8194 8168 8077
f 8142 8126 8200
f 8185 8146 8230
f 8199 8129 8156
f 8171 8211 8159
f 8126 8176 8200
f 8177 8161 8158
f 8148 8168 8192
f 8130 8192 8191
f 8136 8197 8151
f 8126 8173 8176
f 8131 8186 8103
f 8208 8215 8251
f 8169 8183 8106
f 8082 8165 8196
f 8164 8174 8189
f 8176 8185 8246
f 8318 8268 8292
f 8158 8161 8127
f 8210 8199 8187
f 8124 8216 8079
f 8115 8177 8158
f 8097 8162 8172
f 8125 8236 8160
f 8187 8156 8149
f 8216 8117 8079
f 8147 8155 8145
f 8152 8151 8171
f 8163 8083 8167
f 8171 8159 8152
f 8138 8187 8149
f 8137 8165 8082
f 8095 8192 8130
f 8139 8197 8136
f 8134 8185 8176
f 8122 8193 8115
f 8043 8168 8148
f 8183 8190 8106
f 8159 8174 8164
f 8128 8156 8129
f 8138 8164 8189
f 8108 8175 8184
f 8216 8140 8117
f 8127 8161 8139
f 8148 8192 8095
f 8151 8197 8171
f 8160 8146 8112
f 8154 8167 8145
f 8146 8185 8134
f 8186 8133 8103
f 3917 8097 8172
f 8149 8156 8128
f 8152 8159 8141
f 8108 8184 8144
f 8137 8170 8165
f 8141 8159 8164
f 8115 8193 8177
f 8231 8153 8058
f 8147 8145 8111
f 8144 8184 8124
f 8141 8164 8138
f 8082 8201 8107
f 8125 8160 8112
f 8111 8145 8167
f 8143 8178 8157
f 8107 8201 8143
f 8110 8127 8139
f 8136 8151 8120
f 8182 8162 8135
f 8140 8166 8117
f 8118 8151 8152
f 8058 8170 8078
f 8120 8151 8118
f 8077 8168 8043
f 8119 8129 8169
f 8058 8153 8170
f 8141 8138 8149
f 8116 8152 8141
f 8132 5988 9960
f 8100 8112 8146
f 8128 8141 8149
f 8113 8095 8130
f 8155 8147 8113
f 8155 8113 8130
f 8128 8119 8141
f 8065 8123 8231
f 8120 8110 8136
f 8078 8170 8137
f 8070 8166 8131
f 8070 8131 8103
f 8065 8231 8058
f 8242 8295 8263
f 8128 8129 8119
f 8182 8103 8133
f 8070 8091 8166
f 8055 8173 8126
f 8112 8081 8125
f 8109 8110 8120
f 8085 8144 8124
f 8101 8112 8100
f 8094 8106 8125
f 9919 5900 8114
f 8139 8136 8110
f 8148 8095 8092
f 8117 8166 8091
f 8169 8129 8183
f 8088 8147 8111
f 8152 8116 8118
f 8116 8119 8104
f 5906 8102 9909
f 8121 5906 9909
f 8087 8081 8112
f 8094 8125 8081
f 8029 8082 8107
f 8115 9963 8122
f 8092 8043 8148
f 8086 8120 8104
f 8127 8110 8061
f 8142 8150 8084
f 8062 8106 8094
f 8142 8084 8069
f 8088 8095 8113
f 8063 8111 8167
f 8068 9962 8090
f 8099 8084 8150
f 9963 8115 9959
f 8181 8167 8154
f 8155 8237 8145
f 8101 8087 8112
f 8056 8108 8144
f 8105 8127 8061
f 8142 8069 8126
f 8074 8134 8176
f 9909 8102 9913
f 8109 8061 8110
f 8162 8097 8135
f 9907 5870 8098
f 8062 8104 8119
f 8069 8089 8126
f 8055 8126 8089
f 8109 8120 8096
f 8062 8094 8044
f 8146 8134 8066
f 8144 8085 8056
f 8017 8074 8173
f 8180 8123 8035
f 8169 8106 8062
f 8062 8119 8169
f 8163 8180 8035
f 8066 8134 8074
f 8107 8143 8157
f 9908 5870 9907
f 8109 8096 8080
f 8113 8147 8088
f 8095 8088 8036
f 8046 8137 8082
f 9907 8071 9908
f 8108 8157 8175
f 8078 8137 8022
f 8068 8090 8024
f 8059 8080 8086
f 8021 8157 8108
f 5869 8093 9919
f 8075 8092 8095
f 8135 8097 8073
f 8096 8120 8086
f 8026 8100 8146
f 8049 8083 8163
f 5869 9919 5842
f 9963 9959 8039
f 8050 8101 8100
f 8085 8124 8079
f 8007 8123 8065
f 8083 8063 8167
f 8024 8090 9961
f 8072 8182 8135
f 8017 8173 8055
f 8007 8035 8123
f 8040 8094 8081
f 8107 8157 8021
f 8116 8104 8118
f 8026 8146 8066
f 8070 8103 8009
f 8088 8063 8057
f 8105 8061 8038
f 8061 8109 8060
f 8060 8109 8080
f 8079 8117 8091
f 9913 8076 9917
f 8087 8101 8050
f 8072 8135 8002
f 8002 8135 8073
f 8064 8074 8017
f 8022 8137 8046
f 8032 8021 8108
f 9913 8102 8076
f 7950 8089 8069
f 8085 8079 8016
f 8108 8056 8032
f 8099 8077 8053
f 8077 8043 8053
f 8049 8063 8083
f 8080 8096 8086
f 8062 8086 8104
f 8071 9912 9908
f 5838 8054 8076
f 8075 8095 8036
f 8040 8081 8087
f 8058 8078 7981
f 8075 8067 8092
f 8001 8091 8070
f 8030 7950 8069
f 8035 8018 8163
f 8049 8163 8018
f 8059 8086 8062
f 8008 8088 8057
f 7985 8046 8082
f 8074 8176 8173
f 8066 8074 8064
f 8016 8079 8041
f 8056 7984 8032
f 8059 8045 8060
f 8104 8120 8118
f 8025 8007 8065
f 8111 8063 8088
f 9915 9910 8019
f 8038 8061 8060
f 8105 8158 8127
f 8044 8094 8040
f 8050 8100 8023
f 9917 8076 9916
f 9961 9963 8027
f 8150 8142 8194
f 8026 8023 8100
f 7985 8082 8029
f 8029 8107 8021
f 8051 8087 8047
f 8099 8048 8084
f 9916 8076 8054
f 8069 8084 8052
f 8065 8058 8025
f 8028 5870 8037
f 8015 8072 8002
f 8041 8079 8091
f 8047 8087 8050
f 8039 8027 9963
f 7985 8022 8046
f 8059 8060 8080
f 8042 8068 8034
f 8039 9959 9958
f 8004 8034 8024
f 8001 8070 8009
f 8058 7981 8025
f 8014 8050 8023
f 7997 8057 8063
f 8053 8043 7979
f 8041 8020 8016
f 7992 8029 8021
f 3903 3887 8073
f 7946 8063 8049
f 8059 8044 8045
f 8092 8067 8043
f 8033 8051 8013
f 8002 8073 3887
f 7997 8063 7946
f 8033 8087 8051
f 8031 8034 8004
f 8103 8072 8015
f 7987 8026 8066
f 9910 9914 8019
f 8069 8052 8030
f 8040 8033 7998
f 7987 8066 8010
f 8040 8087 8033
f 8036 8088 8008
f 8066 8064 8010
f 8068 8024 8034
f 7992 7919 8029
f 8008 8057 8000
f 8015 8002 7974
f 8091 8001 8020
f 7984 8085 8016
f 8072 8103 8182
f 8039 9958 8012
f 7987 8023 8026
f 7949 8032 7984
f 8012 8045 8044
f 8227 8207 8177
f 8193 8227 8177
f 8044 8059 8062
f 8084 8048 8052
f 7984 8056 8085
f 8091 8020 8041
f 7996 8019 7978
f 7998 8044 8040
f 7957 8025 7981
f 8150 8077 8099
f 8075 8036 8008
f 8037 9908 7999
f 8028 8037 7999
f 8003 8024 8027
f 8027 8039 8012
f 8018 7995 8049
f 3887 3858 8006
f 8034 8031 8005
f 9961 8027 8024
f 7965 8053 7979
f 7961 8016 8020
f 8009 8103 7973
f 7998 8012 8044
f 8012 7988 8003
f 8013 7991 8033
f 8047 8014 7982
f 8011 8004 8024
f 8099 8053 7965
f 8010 8064 8017
f 8010 8017 7952
f 8055 8089 7994
f 8028 7999 7989
f 7988 8012 7998
f 8000 8057 7997
f 8014 8047 8050
f 7968 7985 8029
f 8027 8012 8003
f 7978 8047 7982
f 8007 8025 7957
f 7993 8017 8055
f 7986 8031 8004
f 8016 7947 7984
f 7979 8067 7983
f 7983 8067 8075
f 7991 7990 8033
f 8030 8052 7945
f 8016 7961 7947
f 7998 8033 7990
f 7969 8018 7971
f 7961 8020 7964
f 7993 8055 7994
f 8005 8031 5810
f 7945 8052 8048
f 7988 7998 7990
f 7995 8018 7969
f 8011 8003 7988
f 7950 7994 8089
f 8043 8067 7979
f 8035 7971 8018
f 7971 8035 8007
f 7958 7982 8023
f 8075 8008 7983
f 8008 7972 7983
f 7953 8015 7974
f 7992 8021 7970
f 7986 8011 9918
f 7958 8023 7987
f 8011 7988 9918
f 8099 7965 7948
f 8006 8002 3887
f 8020 8001 7964
f 7970 8021 7949
f 8014 8023 7982
f 7987 8010 7952
f 8048 8099 7948
f 8021 8032 7949
f 7926 7980 7975
f 8006 7974 8002
f 7946 8049 7995
f 7949 7984 7915
f 8001 8009 7917
f 7953 7973 8015
f 7931 8007 7957
f 7955 7979 7983
f 8001 7917 7964
f 7989 7999 7959
f 7996 7978 9957
f 7915 7984 7947
f 7999 9908 7962
f 7987 7952 7963
f 8030 7945 7950
f 7917 7973 7954
f 7931 7971 8007
f 8008 8000 7972
f 7966 7981 7985
f 7999 7962 7959
f 7939 8048 7948
f 7956 7953 7974
f 7974 8006 7956
f 7938 7960 7989
f 7957 7981 7966
f 7965 7979 7955
f 7977 7996 9957
f 8187 8199 8156
f 7962 7977 7943
f 7968 8029 7919
f 8078 8022 7981
f 7972 8000 7967
f 7927 8006 3833
f 7932 7978 7982
f 7910 7997 7946
f 7943 7977 7923
f 7956 8006 7927
f 7940 7983 7972
f 7925 7992 7970
f 7967 8000 7997
f 7897 7966 7985
f 7959 7962 7943
f 7933 7964 7917
f 7933 7916 7964
f 7963 7958 7987
f 7954 7973 7953
f 7919 7992 7925
f 7940 7955 7983
f 7931 7957 7966
f 7916 7961 7964
f 7951 7925 7970
f 7916 7933 7935
f 7921 7994 7950
f 7934 7946 7995
f 7967 7997 7910
f 7952 7993 7994
f 7944 7954 7953
f 7944 7953 7956
f 7920 7952 7994
f 7947 7961 7916
f 7937 7952 7920
f 7952 7937 7963
f 7971 7931 7907
f 7936 7970 7949
f 7970 7936 7951
f 7942 9905 7883
f 7900 7982 7958
f 7945 7921 7950
f 7922 7972 7967
f 7908 7989 7959
f 7928 7944 7956
f 7936 7949 7915
f 7934 7995 7912
f 7937 7958 7963
f 7922 7940 7972
f 7995 7969 7912
f 7928 7956 7927
f 7879 7921 7945
f 7884 7969 7971
f 7941 7897 7985
f 7939 7948 7929
f 7930 7943 7923
f 7918 7920 7994
f 7912 7969 7884
f 7994 7921 7918
f 7929 7948 7965
f 8048 7939 7945
f 7922 7967 7910
f 7891 7900 7958
f 7928 7927 3816
f 7908 7938 7989
f 7976 7926 7924
f 7942 7926 7975
f 9957 7978 7932
f 7910 7934 7894
f 7968 7903 7941
f 7926 7942 7909
f 7924 7926 7909
f 7927 3833 3816
f 7958 7937 7891
f 7881 7959 7930
f 7944 7928 7892
f 7914 5786 7938
f 7929 7965 7898
f 7881 7908 7959
f 7898 7965 7955
f 7879 7945 7939
f 7857 7982 7900
f 7911 7919 7925
f 7901 7931 7966
f 7947 7916 7915
f 7932 7982 7886
f 7886 7982 7857
f 7913 7879 7939
f 7883 5786 7914
f 7890 7917 7954
f 7890 7954 7893
f 7923 9957 7885
f 7908 7914 7938
f 7913 7939 7929
f 7951 7911 7925
f 7951 7904 7906
f 7890 7933 7917
f 7903 7968 7919
f 7936 7915 7904
f 7903 7919 7911
f 7882 7908 7881
f 7890 7935 7933
f 7904 7915 7902
f 7928 3816 7859
f 7873 7940 7922
f 7955 7940 7873
f 7901 7907 7931
f 7876 7907 7901
f 7888 9957 7932
f 7914 7908 7882
f 7892 7928 7859
f 7885 9957 7888
f 7889 7900 7891
f 7909 7942 7869
f 7861 7893 7944
f 7879 7896 7921
f 7966 7897 7877
f 7880 7894 7934
f 7877 7901 7966
f 7864 7915 7916
f 7884 7971 7907
f 7895 7910 7894
f 7922 7910 7895
f 7861 7944 7892
f 7943 7930 7959
f 7905 7881 7930
f 7887 7922 7895
f 7912 7884 7851
f 7934 7912 7880
f 7870 7878 7899
f 7924 7909 7869
f 7852 7955 7873
f 7902 7915 7872
f 7896 7879 7828
f 7880 7847 7894
f 7837 7891 7937
f 7894 7847 7895
f 9898 7874 9896
f 7930 7923 7885
f 7898 7913 7929
f 7889 7891 7837
f 7905 7930 7855
f 7885 7888 7868
f 7884 7876 7863
f 7900 7889 7857
f 7906 7904 7871
f 7893 7860 7890
f 7888 7932 7886
f 7837 7937 7896
f 7898 7955 7852
f 7863 7851 7884
f 7911 7951 7820
f 7944 7893 7954
f 7877 7897 7866
f 7916 7935 7848
f 7937 7918 7896
f 7903 7911 7853
f 7881 7845 7882
f 8017 7993 7952
f 7896 7918 7921
f 7887 7895 7858
f 7848 7864 7916
f 7904 7902 7871
f 7813 7901 7877
f 7866 7897 7941
f 7836 7878 7870
f 7848 7935 7890
f 7828 7879 7867
f 7875 7912 7851
f 7910 7946 7934
f 7874 7865 9896
f 7856 7883 7914
f 7855 7930 7885
f 7866 7941 7903
f 7876 7901 7813
f 7811 7951 7906
f 7832 7879 7913
f 7843 7873 7922
f 7850 7905 7855
f 3804 7859 3816
f 7813 7877 7866
f 7914 7882 7819
f 7872 7915 7864
f 7922 7887 7843
f 7862 5706 7846
f 7815 7888 7886
f 7865 7924 7834
f 7855 7885 7868
f 7832 7913 7898
f 7867 7879 7832
f 7820 7951 7811
f 7869 7827 7834
f 7973 7917 8009
f 8015 7973 8103
f 7896 7833 7837
f 7838 7893 7861
f 7890 7860 7848
f 7843 7852 7873
f 7880 7875 7849
f 7820 7853 7911
f 7902 7872 7818
f 7871 7902 7818
f 7844 7861 7892
f 7876 7884 7907
f 7825 7889 7837
f 7838 7861 7844
f 7849 7847 7880
f 7810 7875 7851
f 3804 7839 7859
f 7860 7893 7838
f 7904 7951 7936
f 7872 7807 7830
f 7862 7846 7796
f 7851 7854 7806
f 7806 7810 7851
f 7860 7838 7800
f 7807 7864 7848
f 7818 7872 7830
f 7914 7819 7829
f 7796 7846 7809
f 7791 7852 7843
f 7809 7846 7878
f 7852 7835 7898
f 7842 7876 7813
f 7889 7825 7857
f 7816 7862 7796
f 7850 7855 7822
f 7840 7857 7825
f 7906 7871 7811
f 7882 7845 7819
f 7804 7845 7850
f 7868 7888 7815
f 7854 7863 7814
f 7828 7833 7896
f 7920 7918 7937
f 7886 7857 7840
f 7832 7898 7835
f 7858 7847 7826
f 7870 7865 7834
f 7842 7863 7876
f 7834 7924 7869
f 7852 7791 7835
f 7809 7878 7836
f 7844 7784 7838
f 7821 7843 7887
f 7886 7840 7815
f 7801 7871 7818
f 7870 7834 7808
f 7822 7855 7868
f 7941 7985 7968
f 8022 7985 7981
f 7854 7814 7831
f 7845 7881 7850
f 7823 7844 7839
f 7806 7854 7831
f 7825 7837 7805
f 7823 7839 3804
f 7807 7848 7792
f 7821 7791 7843
f 7866 7853 7841
f 7826 7847 7849
f 7856 7914 7829
f 7887 7858 7821
f 7824 7837 7833
f 7811 7871 7801
f 7784 7844 7823
f 7817 7853 7820
f 7808 7834 7827
f 7813 7866 7797
f 7848 7860 7778
f 7771 7868 7815
f 7848 7778 7792
f 7832 7835 7777
f 7805 7837 7824
f 7819 7845 7804
f 7856 7829 7799
f 7860 7800 7778
f 7821 7858 7826
f 7783 7842 7813
f 7766 7804 7850
f 7822 7868 7771
f 7810 7849 7875
f 7766 7850 7822
f 7779 7828 7867
f 7800 7838 7787
f 7814 7842 7798
f 7811 7790 7820
f 7856 7799 9904
f 7814 7863 7842
f 7759 7810 7806
f 7838 7784 7787
f 7808 7827 7794
f 7802 7812 7826
f 7754 5664 7816
f 7754 7816 7795
f 7785 7789 7810
f 7817 7820 7756
f 7821 7826 7812
f 7798 7842 7783
f 7756 7820 7790
f 7867 7803 7779
f 7819 7799 7829
f 7759 7806 7788
f 7801 7818 7793
f 7841 7817 7781
f 7759 7785 7810
f 7790 7811 7801
f 7797 7841 7781
f 7783 7813 7797
f 7831 7814 7798
f 7824 7828 7758
f 7791 7821 7812
f 7753 7807 7792
f 7718 7807 7753
f 7762 7815 7840
f 7805 7824 7758
f 7828 7779 7758
f 7786 7822 7771
f 7718 7830 7807
f 7832 7777 7803
f 7776 7818 7830
f 7805 7722 7825
f 7780 5664 7754
f 7793 7818 7776
f 7722 7762 7825
f 7858 7895 7847
f 7912 7875 7880
f 7853 7866 7903
f 7763 7798 7783
f 7826 7849 7789
f 7802 7826 7789
f 7773 7751 7794
f 7815 7762 7771
f 7806 7831 7788
f 7765 7792 7778
f 7798 7763 7775
f 9953 7808 7794
f 7835 7791 7760
f 7859 7839 7892
f 7892 7839 7844
f 7831 7798 7774
f 7760 7791 7812
f 7783 7797 7782
f 7737 7817 7756
f 9904 7799 9903
f 7801 7793 7767
f 7807 7872 7864
f 7790 7801 7748
f 7812 7802 7768
f 7750 7796 7809
f 9953 7794 7751
f 7753 7792 7765
f 7777 7835 7760
f 7768 7802 7764
f 3758 7784 7823
f 7785 7764 7789
f 7799 7804 7761
f 7770 7784 3758
f 7782 7797 7781
f 7771 7769 7786
f 7733 7803 7777
f 7779 7803 7744
f 7795 7796 7738
f 7738 7796 7750
f 7787 7778 7800
f 7769 7757 7786
f 7774 7798 7775
f 7755 7788 7831
f 7766 7822 7786
f 7771 7762 7732
f 7781 7817 7737
f 7776 7830 7718
f 7755 7759 7788
f 7801 7767 7748
f 7804 7766 7761
f 7744 7803 7733
f 7755 7831 7774
f 9906 7751 7773
f 7767 7793 7776
f 7774 7775 7742
f 7758 7779 7744
f 7761 7772 7799
f 7787 7784 7770
f 9903 7799 7772
f 7804 7799 7819
f 7769 7771 7732
f 7763 7783 7782
f 7786 7761 7766
f 7732 7762 7722
f 7722 7805 7724
f 7729 7754 7795
f 7729 7795 7738
f 7744 7710 7758
f 7805 7758 7724
f 7724 7758 7710
f 7756 7790 7748
f 7780 7754 7746
f 7764 7785 7727
f 7749 7757 7769
f 7747 7764 7727
f 7706 7756 7748
f 7741 7776 7743
f 7752 5637 7746
f 7757 7749 7721
f 7840 7825 7762
f 7721 7761 7757
f 7824 7833 7828
f 7748 7767 7741
f 7726 7777 7760
f 7776 7718 7743
f 7737 7756 7745
f 7700 7755 7774
f 5637 7780 7746
f 9903 7772 7736
f 7765 7778 7679
f 7707 7751 9906
f 7786 7757 7761
f 7774 7742 7740
f 7727 7785 7739
f 7726 7733 7777
f 7735 7782 7781
f 7745 7756 7706
f 3717 3758 3748
f 7778 7787 7679
f 7802 7789 7764
f 7760 7812 7768
f 3695 7787 7770
f 7716 7785 7759
f 7718 7753 7725
f 7744 7733 7734
f 7696 7755 7700
f 7769 7732 7749
f 7768 7747 7691
f 7744 7734 7720
f 7716 7759 7755
f 7716 7755 7696
f 7770 3758 3717
f 7721 7749 7713
f 7682 7760 7768
f 7695 7731 7750
f 7711 7763 7735
f 7717 7737 7745
f 7748 7741 7693
f 9956 7729 7738
f 7682 7768 7691
f 7763 7782 7735
f 7710 7744 7720
f 7714 7752 7746
f 7715 7772 7761
f 7747 7768 7764
f 7725 7753 7765
f 7730 7741 7723
f 7735 7737 7717
f 7787 3695 7692
f 9954 7751 7707
f 7679 7787 7692
f 7735 7781 7737
f 7746 7754 7729
f 7713 7749 7732
f 7693 7741 7730
f 7774 7740 7705
f 7716 7739 7785
f 7772 7715 7736
f 7705 7740 7728
f 7719 7752 9094
f 7721 7715 7761
f 7711 7681 7728
f 7730 7699 7693
f 7728 7742 7711
f 7712 7735 7717
f 7723 9089 7730
f 7747 7727 9063
f 7675 7731 7695
f 7713 7732 7722
f 7708 7731 7675
f 7723 7741 7743
f 7797 7866 7841
f 7704 7727 7739
f 7726 7682 9088
f 7854 7851 7863
f 7672 7734 7733
f 7705 7728 7690
f 7715 7721 7673
f 7711 7735 7712
f 7714 7746 7709
f 7729 9956 7678
f 7714 7709 7678
f 7688 7722 7724
f 9063 7727 7704
f 7736 7715 7702
f 7699 7730 9089
f 7745 7706 9074
f 7726 7760 7682
f 7697 7721 7713
f 7700 7774 7705
f 7720 7734 7672
f 7694 7710 7720
f 7688 7713 7722
f 7733 9081 7672
f 9078 7747 9063
f 7678 7709 7729
f 7703 7725 7765
f 7721 7697 7673
f 9081 7726 9088
f 9089 7723 7701
f 7743 7718 7674
f 7704 7739 9085
f 9954 7707 7698
f 9043 9085 7716
f 9085 7739 7716
f 7724 7710 7694
f 9093 7700 7705
f 7697 7713 9095
f 9095 7713 7688
f 9074 7706 7676
f 5566 7719 9083
f 7681 7711 7680
f 7691 7747 9078
f 7740 7742 7728
f 7703 7765 7679
f 7711 7712 7680
f 7678 9956 7687
f 7707 7702 7698
f 7694 7720 7672
f 7676 7706 7693
f 7703 9073 7725
f 7684 7715 7673
f 9077 7696 7700
f 9082 7705 7690
f 7685 7715 7684
f 7686 5566 9083
f 7702 7715 7685
f 7701 7723 7674
f 7689 7717 7745
f 7699 9042 7693
f 7675 7695 9952
f 9075 7712 7717
f 9075 7717 7689
f 9071 7688 7724
f 9092 5552 7686
f 9952 7695 9954
f 7723 7743 7674
f 9043 7716 9077
f 9083 7719 9094
f 9082 9093 7705
f 7718 9086 7674
f 9956 7683 7687
f 9077 7700 9093
f 7712 9075 7680
f 7709 7746 7729
f 7728 7681 9091
f 7703 7679 7692
f 9048 7689 9074
f 9063 7704 9085
f 7698 7702 7685
f 7718 7725 9086
f 7724 7694 9071
f 9071 7694 9038
f 9091 7681 7680
f 7699 9089 9079
f 7689 7745 9074
f 7687 7683 7677
f 7688 9072 9095
f 9088 7682 7691
f 7693 9042 7676
f 9094 7714 9057
f 9092 7686 9087
f 9083 9087 7686
f 9095 7684 7673
f 9079 9089 7701
f 5552 9092 9887
f 9057 7714 7678
f 9094 7752 7714
f 9039 9049 9057
f 7692 3695 4177
f 7677 9068 7687
f 7703 9031 9073
f 9086 7725 9073
f 7741 7767 7776
f 9065 9059 7680
f 9075 9035 9065
f 7680 9059 9091
f 7672 9081 9055
f 9081 7733 7726
f 7728 9091 9076
f 9078 9032 7691
f 9095 7673 7697
f 9072 9036 9067
f 7817 7841 7853
f 7706 7748 7693
f 7690 7728 9076
f 9019 9037 9051
f 9076 9037 8997
f 9077 7716 7696
f 7849 7810 7789
f 7832 7803 7867
f 7639 7659 7615
f 7648 7668 9107
f 7661 9109 7668
f 7665 7671 7664
f 9097 9098 7671
f 7662 9097 7671
f 9119 9129 9112
f 7662 9110 9097
f 7650 7668 7648
f 9117 7631 7659
f 9099 7667 7640
f 9107 7668 9109
f 9218 9183 9131
f 7661 9122 9109
f 7649 7657 9099
f 9110 7662 7660
f 7654 7662 7665
f 9099 7640 7649
f 7652 7658 7660
f 7660 7662 7651
f 7656 7661 7668
f 7655 7663 4194
f 7656 7668 7650
f 7666 7657 7644
f 7657 7649 7653
f 7652 7660 7651
f 7642 7664 9105
f 4194 1156 7655
f 7643 7667 7658
f 7651 7662 7654
f 7669 7663 7655
f 7636 7656 7650
f 7658 7652 7643
f 7655 1156 7634
f 7652 7626 7643
f 7640 7667 7643
f 7615 7659 7631
f 7665 7664 7635
f 9105 7656 7638
f 7646 7652 7651
f 7638 7642 9105
f 7635 7664 7642
f 9170 9182 9171
f 7650 7647 7636
f 7656 9105 7661
f 7612 7655 7634
f 7627 7644 7641
f 7652 7646 7629
f 7633 7642 7638
f 7637 7644 7627
f 7641 7644 7653
f 7649 7640 7630
f 7651 7654 7646
f 7618 7640 7643
f 7648 7639 7589
f 7650 7648 7647
f 7635 7642 7633
f 7638 7656 7636
f 7645 7665 7635
f 7594 7648 7589
f 7654 7665 7645
f 7620 7638 7636
f 7628 7635 7633
f 7618 7630 7640
f 7643 7626 7618
f 7629 7625 7623
f 7654 7645 7646
f 7646 7645 7632
f 7632 7635 7628
f 7620 7636 7647
f 7620 7633 7638
f 5479 7637 7627
f 7626 7629 7623
f 9110 7660 9101
f 7594 7647 7648
f 7671 9096 7664
f 9101 7658 9106
f 7629 7646 7632
f 7645 7635 7632
f 9161 9159 9148
f 9136 9140 9146
f 9123 9139 9114
f 9108 7671 9098
f 7662 7671 7665
f 7620 7628 7633
f 7624 7630 7618
f 7621 7620 7647
f 7641 7653 7616
f 7604 7653 7649
f 7625 7632 7622
f 7625 7629 7632
f 7616 7627 7641
f 7616 7653 7604
f 7625 7622 7617
f 7621 7647 7608
f 7621 7619 7620
f 7611 7631 7669
f 7619 7622 7632
f 7619 7632 7628
f 7619 7628 7620
f 7608 7647 7594
f 7607 7626 7623
f 7614 7622 7619
f 7617 7599 7623
f 7610 7624 7618
f 7617 7623 7625
f 7613 7627 7616
f 7655 7612 7611
f 7655 7611 7669
f 7630 7624 7609
f 7603 7618 7626
f 7614 7619 7621
f 7608 7614 7621
f 7649 7630 7604
f 7613 5479 7627
f 7601 7617 7614
f 7604 7630 7609
f 7603 7626 7607
f 7601 7614 7608
f 7610 7618 7603
f 7594 7589 7588
f 7611 7612 7605
f 7607 7623 7599
f 7613 7616 7593
f 7598 7599 7617
f 7602 7624 7606
f 7601 7590 7617
f 7598 7617 7590
f 7616 7604 7600
f 7595 7609 7602
f 7576 7639 7615
f 7609 7624 7602
f 7624 7610 7606
f 7591 7610 7603
f 7606 7610 7591
f 7576 7589 7639
f 7582 7608 7594
f 7611 5374 7631
f 7609 7600 7604
f 5452 7613 7593
f 7597 7607 7599
f 7615 7631 5374
f 7596 7608 7582
f 7616 7600 7586
f 7596 7601 7608
f 7603 7607 7597
f 7590 7601 7596
f 7593 7616 7586
f 7602 7585 7595
f 7602 7606 7585
f 7599 7598 7597
f 7580 7600 7595
f 7603 7597 7592
f 7582 7594 7584
f 7572 5452 7593
f 7586 7600 7583
f 7580 7595 7587
f 7603 7592 7591
f 7597 7598 7577
f 7577 7590 7579
f 7592 7585 7591
f 7605 5374 7611
f 7585 7606 7591
f 7584 7594 7588
f 7578 7597 7577
f 7583 7600 7580
f 7579 7590 7596
f 7592 7578 7575
f 7577 7598 7590
f 7585 7574 7587
f 7585 7592 7568
f 7585 7568 7574
f 7595 7585 7587
f 7580 7587 7564
f 7584 7569 7582
f 7572 7593 7586
f 7580 7564 7583
f 7576 7553 7589
f 7578 7577 7573
f 7575 7578 7573
f 7584 7588 7570
f 7569 7596 7582
f 7570 7588 7553
f 7573 7579 7569
f 7579 7573 7577
f 7571 7586 7583
f 7566 7584 7570
f 7587 7574 7564
f 7565 7583 7564
f 7583 7565 7561
f 7571 7583 7561
f 7586 7547 7572
f 7563 7575 7573
f 7569 7584 7562
f 7569 7563 7573
f 7584 7566 7562
f 7568 7575 7567
f 7563 7567 7575
f 7596 7569 7579
f 7562 7563 7569
f 7556 7566 7570
f 7560 7565 7564
f 7574 7560 7564
f 7574 7567 7557
f 7572 7547 7555
f 7559 7572 7555
f 7558 7563 7562
f 7561 7565 7554
f 7560 7574 7557
f 7557 7567 7558
f 7565 7560 7554
f 7562 7552 7558
f 7556 7570 7545
f 7597 7578 7592
f 7568 7592 7575
f 5303 7576 5374
f 7545 7570 7553
f 7571 7561 7547
f 7561 7554 7551
f 7554 7560 7557
f 7535 7547 7561
f 7530 7576 5303
f 7550 7554 7557
f 7535 7561 7551
f 7553 7576 7542
f 7562 7566 7556
f 7567 7563 7558
f 7538 7559 7555
f 7556 7548 7562
f 7553 7588 7589
f 7557 7558 7549
f 7547 7535 7537
f 7554 7550 7551
f 7549 7558 7552
f 7543 7557 7549
f 7550 7557 7543
f 7555 7537 7538
f 7553 7542 7533
f 7536 7549 7552
f 7539 7548 7545
f 7555 7547 7537
f 7533 7545 7553
f 7536 7552 7548
f 7542 7576 7530
f 7536 7548 7539
f 7510 7546 7544
f 7548 7556 7545
f 7545 7533 7539
f 7600 7609 7595
f 7526 7546 7521
f 7544 7541 7510
f 7567 7574 7568
f 7511 7542 7530
f 7531 7550 7543
f 7527 7549 7536
f 7551 7550 7540
f 7510 7541 5271
f 7530 5303 5272
f 7527 7543 7549
f 7538 7508 5349
f 7538 7537 7529
f 7527 7531 7543
f 7508 7538 7529
f 7528 7536 7539
f 7532 7550 7531
f 7533 7528 7539
f 7535 7551 7540
f 7540 7550 7532
f 7528 7527 7536
f 7533 7542 7522
f 7552 7562 7548
f 7533 7522 7528
f 7531 7527 7532
f 7528 7525 7527
f 7510 5271 7499
f 7523 7532 7525
f 7528 7522 7517
f 7517 7525 7528
f 7513 7524 7507
f 7523 7525 7517
f 7520 7540 7523
f 7512 7542 7511
f 7520 7523 7517
f 7537 7518 7529
f 5272 7511 7530
f 7522 7542 7512
f 7520 7515 7518
f 7522 7512 7516
f 7505 7514 7521
f 7504 7529 7518
f 7508 7529 7504
f 7500 5318 5290
f 7496 7519 7513
f 7517 7515 7520
f 7516 7517 7522
f 7511 5272 7495
f 7515 7517 7516
f 7521 7546 7478
f 7478 7546 7510
f 7516 7512 7503
f 7525 7532 7527
f 5318 7500 5247
f 7519 7496 7509
f 7510 7499 7469
f 7510 7469 7479
f 7503 7506 7516
f 5233 7495 5272
f 7493 5238 7509
f 7506 7515 7516
f 7512 7511 7503
f 7500 7508 7501
f 7508 7504 7501
f 7501 7504 7506
f 7469 7499 7490
f 7507 7492 7513
f 5225 5238 7493
f 7506 7502 7501
f 7503 7511 7494
f 7497 5247 7500
f 7495 7494 7511
f 7472 7507 5305
f 7494 7502 7503
f 7496 7513 7492
f 7502 7497 7501
f 7492 7507 7472
f 7481 5297 5306
f 7502 7506 7503
f 5202 7494 7495
f 7475 7496 7492
f 5306 7505 7473
f 5305 5297 7472
f 7494 7484 7502
f 7502 7484 7497
f 7489 7509 7496
f 7473 7481 5306
f 7509 7489 7493
f 7470 5247 7497
f 7496 7475 7489
f 7448 7505 7521
f 7489 7482 7493
f 7470 7497 7462
f 5216 7488 7485
f 7484 7462 7497
f 7448 7521 7478
f 7482 7487 7493
f 7486 7488 7487
f 7485 7488 7486
f 7492 7472 7460
f 7485 7486 7482
f 7480 7485 7477
f 7485 7482 7474
f 7476 7505 7448
f 7482 7489 7466
f 7466 7483 7482
f 7472 7481 7467
f 7474 7482 7483
f 7473 7467 7481
f 7489 7475 7466
f 7505 7476 7473
f 7477 7485 7474
f 7459 7475 7460
f 7468 5247 7470
f 7448 7478 7479
f 7464 7477 7471
f 7460 7475 7492
f 7465 7477 7474
f 5173 7454 7490
f 7477 7465 7471
f 7463 7474 7483
f 7474 7463 7465
f 7483 7466 7463
f 7459 7466 7475
f 7473 7476 7453
f 7463 7466 7459
f 7460 7472 7446
f 7469 7461 7452
f 7479 7469 7452
f 7452 7448 7479
f 7457 7459 7460
f 7471 7458 7464
f 7446 7472 7467
f 7467 7473 7453
f 7471 7465 7458
f 7456 7459 7457
f 7456 7463 7459
f 7442 7460 7446
f 7472 5297 7481
f 5113 7464 7458
f 7465 7450 7458
f 7450 7465 7463
f 5074 5113 7458
f 7451 7456 7457
f 7457 7442 7451
f 7457 7460 7442
f 7447 7442 7446
f 7449 7450 7463
f 7461 7490 7437
f 7476 7448 7455
f 7443 5074 7458
f 7437 7490 7444
f 7476 7455 7453
f 7443 7458 7450
f 7451 7449 7456
f 7440 7452 7461
f 7441 7467 7453
f 7446 7467 7441
f 7455 7452 7432
f 7445 7444 7454
f 7455 7448 7452
f 7461 7437 7440
f 7432 7452 7440
f 7438 7443 7436
f 9844 9865 7439
f 7435 7450 7449
f 5074 7443 7438
f 7431 7453 7455
f 7427 7443 7450
f 7441 7447 7446
f 7441 7453 7431
f 7434 7436 7443
f 7434 7443 7427
f 7442 7435 7451
f 7427 7450 7435
f 7431 7455 7423
f 7433 7438 7436
f 7449 7451 7435
f 7425 7442 7447
f 7429 7444 7445
f 7437 7444 7429
f 9847 9844 7439
f 7422 7431 7426
f 7428 9848 7436
f 7422 7447 7441
f 7423 7455 7432
f 9851 7419 7430
f 7427 7435 7425
f 7417 7440 7437
f 7445 5061 7424
f 7436 7434 7420
f 7417 7437 7429
f 7415 7432 7440
f 7421 7423 7432
f 7421 7432 7415
f 7425 7420 7427
f 7407 7415 7440
f 7429 7445 7416
f 7416 7445 7424
f 7422 7441 7431
f 7407 7440 7417
f 7434 7427 7420
f 7449 7463 7456
f 7418 7422 7426
f 7417 7429 7399
f 7423 7413 7431
f 7435 7442 7425
f 7425 7447 7422
f 7426 7431 7413
f 7421 7415 7409
f 7411 7418 7426
f 7423 7421 7410
f 7429 7416 7399
f 7420 7418 7414
f 7418 7425 7422
f 7411 7426 7413
f 7409 7410 7421
f 7399 7416 4878
f 7414 7418 7411
f 7403 7417 7399
f 7469 7490 7461
f 7407 7417 7398
f 7415 7407 7396
f 7396 7409 7415
f 4941 9851 7392
f 7397 7413 7410
f 7409 7408 7410
f 9851 9852 7392
f 7408 7409 7396
f 7397 7410 7408
f 7414 7411 9850
f 7396 7407 7398
f 7400 7392 9852
f 7397 7405 7413
f 7401 7408 7396
f 7403 7399 7385
f 7392 7400 7395
f 7413 7405 7411
f 9850 7411 7405
f 7404 7400 9852
f 7401 7396 7394
f 7413 7423 7410
f 7404 9850 7402
f 7397 7408 7402
f 7402 7408 7401
f 7403 7390 7398
f 7479 7478 7510
f 9850 7405 7397
f 9850 7397 7402
f 7400 7404 7394
f 7417 7403 7398
f 7395 7400 7394
f 7396 7398 7394
f 7394 7404 7401
f 7393 7395 7394
f 7412 7392 7389
f 7391 7389 7392
f 7391 7392 7395
f 7398 7390 7394
f 7393 7391 7395
f 7390 7403 7387
f 7388 7389 7391
f 7403 7385 7387
f 7386 7393 7390
f 7386 7390 7387
f 4812 7388 7391
f 7384 7391 7386
f 7393 7386 7391
f 7384 7386 9828
f 7399 4878 7406
f 7399 7406 7385
f 9828 4812 7384
f 7384 4812 7391
f 7378 4505 7379
f 7380 4458 7378
f 7378 4458 4505
f 7361 7371 7382
f 7368 4427 7381
f 7373 7383 7380
f 7358 7374 7370
f 7373 7380 7378
f 7369 4413 7383
f 7370 4392 4370
f 7372 7378 7379
f 7369 7383 7373
f 7363 7377 7375
f 7378 7367 7373
f 7379 4371 7372
f 7378 7372 7367
f 7366 7371 7361
f 8439 4380 7363
f 7358 7370 4370
f 7365 4413 7369
f 7363 7375 8419
f 7373 7367 7356
f 7375 7374 8419
f 7381 4377 7362
f 7376 7371 7359
f 7366 7359 7371
f 7372 7364 7367
f 7354 7360 8437
f 8439 7363 8440
f 7358 4370 7352
f 7367 7364 7356
f 7360 7376 7359
f 8435 8439 8440
f 7362 4377 7357
f 7368 7381 8431
f 7363 8419 7353
f 8411 8419 7374
f 8438 7365 7369
f 8438 7369 7373
f 8438 7373 7356
f 7360 7359 8410
f 8431 7381 7362
f 8411 7374 7355
f 7355 7374 7358
f 8394 4328 8439
f 8424 7361 7368
f 7366 7361 8424
f 8440 7363 7353
f 7365 8438 8433
f 7357 6203 8428
f 8408 8438 7356
f 8439 8435 8414
f 7355 7358 7352
f 8407 8429 7354
f 8407 7354 8437
f 8412 6214 8425
f 8436 8423 8425
f 4333 8434 8436
f 7364 4314 6191
f 6203 8406 8428
f 7353 8419 8430
f 7356 7364 8427
f 4370 7365 8433
f 7352 4370 8433
f 7355 7352 8397
f 7374 7375 4431
f 8437 7360 8410
f 7348 7350 7346
f 7341 7350 7348
f 7345 7349 7344
f 7351 7344 7349
f 7347 7341 7348
f 7350 7343 7346
f 7350 7341 7340
f 3060 7345 7342
f 7351 7346 7343
f 7344 7342 7345
f 7350 7340 7343
f 7347 7348 7339
f 7338 7344 7351
f 7338 7343 7337
f 7334 7341 7347
f 7343 7338 7351
f 7337 7343 7340
f 3049 7342 7331
f 7340 7341 7334
f 7335 7347 7339
f 7344 7336 7327
f 7333 7338 7337
f 7338 7333 7344
f 7340 7334 7337
f 7342 7344 7327
f 7333 7336 7344
f 7335 7332 7347
f 7332 7334 7347
f 7330 3049 7331
f 7331 7342 7327
f 7330 7331 7328
f 7331 7327 7328
f 7332 7335 7322
f 7327 7336 7324
f 7329 7336 7333
f 7323 7330 7328
f 7329 7324 7336
f 7325 7322 7335
f 2974 7330 7323
f 7329 7333 7326
f 7333 7337 7334
f 7334 7332 7320
f 7320 7326 7334
f 7324 7311 7327
f 7327 7311 7328
f 7320 7332 7322
f 7320 7314 7326
f 7324 7329 7326
f 7328 7311 7310
f 7326 7319 7324
f 7314 7319 7326
f 2945 2952 7321
f 7310 7323 7328
f 7314 7313 7319
f 7326 7333 7334
f 2974 7323 7308
f 7315 7324 7319
f 7305 7320 7322
f 9331 7303 9336
f 7319 7317 7315
f 7322 7325 7304
f 2945 7321 2908
f 7316 7310 7311
f 7321 7312 2908
f 7311 7324 7315
f 7303 9331 7318
f 7315 7317 7309
f 7289 7313 7314
f 2974 7308 7312
f 7318 9280 9296
f 7313 7317 7319
f 7317 7313 7302
f 2908 7308 2871
f 7311 7306 7316
f 7293 7311 7315
f 7323 7310 7308
f 7313 7289 7300
f 7294 7310 7316
f 7314 7295 7289
f 7322 7304 7305
f 7308 2908 7312
f 7301 7308 7310
f 7315 7309 7307
f 7306 7311 7299
f 7315 7307 7293
f 7317 7285 7309
f 7314 7320 7295
f 7313 7300 7302
f 7311 7293 7299
f 7299 7297 7306
f 7317 7302 7285
f 2858 7304 7325
f 7298 7302 7300
f 7295 7320 7305
f 7308 7301 2871
f 7299 7293 7297
f 7309 7285 7292
f 7285 7302 7283
f 7294 7306 7287
f 9306 9336 7249
f 7294 7287 7291
f 7306 7297 7287
f 7286 7293 7296
f 7295 7281 7289
f 7294 7316 7306
f 7293 7307 7296
f 9256 9296 9280
f 7295 7305 7280
f 7281 7300 7289
f 7280 7305 7304
f 7318 9296 7267
f 7288 7294 7290
f 7290 7294 7291
f 7293 7278 7297
f 7290 7291 9951
f 7309 7296 7307
f 9336 7303 7249
f 7278 7293 7286
f 7280 7281 7295
f 7283 7292 7285
f 7279 7283 7298
f 7287 7297 7278
f 7283 7302 7298
f 7284 7291 7287
f 7298 7300 7281
f 7266 7290 7282
f 7269 2871 7301
f 7296 7292 7274
f 7274 7292 7283
f 9275 9285 9306
f 7271 7277 9951
f 7296 7309 7292
f 7263 7281 7276
f 7264 7283 7279
f 7279 7298 7281
f 7267 7303 7318
f 7267 9296 7251
f 7267 7275 7303
f 7281 7280 7276
f 7225 7303 7275
f 7269 7301 7288
f 7265 7296 7274
f 7304 2858 7258
f 7258 7280 7304
f 7251 9296 9256
f 7301 7310 7294
f 7239 7288 7290
f 7290 7266 7239
f 7225 7249 7303
f 7284 7278 7272
f 7282 7277 7266
f 7265 7274 7270
f 7279 7281 7244
f 7272 7278 7268
f 7268 7278 7286
f 7244 7281 7263
f 7301 7294 7288
f 7263 7276 7256
f 7258 2858 2805
f 2871 7269 7215
f 7241 7279 7244
f 7284 7272 9949
f 7284 7287 7278
f 7270 7274 7264
f 7273 2871 7215
f 7277 7240 7266
f 7277 7271 7250
f 7264 7279 7241
f 7256 7276 7258
f 7272 7268 9949
f 7258 7276 7280
f 7261 7247 9950
f 7271 9950 7247
f 7268 7286 7238
f 7262 9950 7227
f 7266 7240 7255
f 7266 7255 7259
f 7238 7265 7252
f 7257 7263 7256
f 9949 7268 7254
f 7286 7265 7238
f 7264 7241 7245
f 7240 7277 7250
f 7261 9950 7262
f 7244 7263 7257
f 7275 7267 7253
f 7228 7250 7271
f 7232 7228 7271
f 7259 7248 7260
f 7232 7271 7247
f 7252 7265 7270
f 7227 7242 7217
f 7256 2805 2762
f 9256 7193 7251
f 7243 7252 7270
f 7245 7241 7235
f 7193 9256 9242
f 7254 7268 7238
f 7239 7266 7260
f 7256 2762 7229
f 7255 7240 7233
f 7282 9951 7277
f 7265 7286 7296
f 7246 7270 7264
f 7246 7245 7231
f 7274 7283 7264
f 7258 2805 7256
f 7246 7264 7245
f 7245 7235 7231
f 7248 7233 7230
f 7240 7250 7228
f 7235 7241 7244
f 7235 7244 7257
f 7261 7232 7247
f 7223 7261 7262
f 7288 7239 7196
f 7237 7217 7242
f 7243 7270 7246
f 7248 7255 7233
f 7233 7240 7226
f 7229 2762 7213
f 7228 7226 7240
f 7238 7243 7214
f 2776 7273 7215
f 7234 7230 7221
f 7238 7214 7236
f 7253 7267 7251
f 7225 7275 7253
f 7230 7233 7226
f 7235 7257 7216
f 7224 7226 7228
f 7232 7261 7223
f 7223 7262 7202
f 7222 7227 7201
f 7219 7237 7236
f 7246 7200 7243
f 2745 7213 2762
f 7224 7228 7232
f 7213 7216 7229
f 7201 7217 7209
f 7208 7200 7246
f 7220 7232 7223
f 7204 7246 7231
f 7218 7204 7231
f 7253 7251 7205
f 7209 7217 7219
f 7208 7246 7204
f 7210 7221 7224
f 7221 7230 7224
f 7230 7226 7224
f 7224 7232 7220
f 7213 2745 2729
f 7203 7235 7190
f 7218 7235 7203
f 7269 7288 7197
f 7239 7260 7248
f 7239 7248 7234
f 7196 7239 7234
f 7196 7234 7210
f 7259 7260 7266
f 7224 7220 7210
f 7235 7216 7190
f 7230 7234 7248
f 7218 7231 7235
f 7190 7216 7213
f 7213 7212 7198
f 7210 7220 7169
f 7214 7207 7236
f 7219 7236 7207
f 7219 7207 7188
f 7173 7249 7170
f 7257 7229 7216
f 7202 7262 7199
f 7187 7205 7251
f 7206 7262 7227
f 7200 7214 7243
f 7199 7262 7206
f 7207 7214 7200
f 7249 7225 7170
f 7201 7209 7172
f 7197 7288 7196
f 7194 7169 7202
f 7219 7217 7237
f 7203 7168 7218
f 7196 7210 7169
f 7202 7199 7192
f 7188 7207 7178
f 7168 7204 7218
f 7213 7198 7190
f 7215 7191 7195
f 7206 7222 7189
f 7183 7200 7208
f 7212 7211 2706
f 7197 7196 7191
f 7201 7164 7222
f 7209 7219 7188
f 7253 7205 7186
f 7173 9275 7249
f 7215 7269 7197
f 7172 7209 7171
f 7196 7169 7175
f 7198 7212 2706
f 7187 7251 7193
f 7215 7197 7191
f 7199 7206 7189
f 7200 7183 7207
f 7182 7168 7203
f 7252 7243 7238
f 7182 7203 7190
f 7180 7198 2706
f 7187 7193 9197
f 7183 7208 7185
f 7185 7204 7179
f 7190 7198 7166
f 7209 7188 7171
f 7185 7208 7204
f 7186 7205 7187
f 7220 7202 7169
f 7204 7168 7144
f 7196 7175 7184
f 7191 7196 7184
f 7207 7183 7178
f 7290 9951 7282
f 7164 7201 7172
f 7199 7189 7160
f 7166 7182 7190
f 7148 7181 7191
f 7188 7178 7177
f 7174 7194 7192
f 7179 7204 7144
f 7176 7167 2646
f 7192 7199 7165
f 7160 7189 7164
f 7166 7198 7180
f 7180 2706 7167
f 7183 7185 7162
f 7165 7199 7160
f 7171 7188 7177
f 7159 7164 7172
f 7174 7192 7165
f 7156 7160 7164
f 7173 7170 9946
f 7157 7160 7156
f 7163 7178 7183
f 7153 7185 7179
f 7180 7167 7161
f 9234 9275 9202
f 7184 7175 7136
f 7159 7172 7149
f 7186 7187 7150
f 9946 9202 7173
f 7134 7153 7179
f 7167 7176 7161
f 7222 7164 7189
f 7148 7191 7184
f 7149 7172 7171
f 7147 7163 7183
f 7162 7185 7153
f 7176 7155 7161
f 7152 7184 7136
f 7165 7160 7122
f 7179 7144 7154
f 7147 7183 7162
f 7151 7139 7166
f 7166 7180 9948
f 9948 7180 7161
f 7160 7157 7122
f 7157 7156 7137
f 2558 7138 2592
f 7187 9197 7158
f 9275 7173 9202
f 9202 9946 7143
f 7135 7163 7147
f 7144 7168 7119
f 9234 9202 9181
f 7163 7140 7146
f 7139 7182 7166
f 7137 7156 7164
f 7164 7159 7137
f 7149 7171 7177
f 7146 7178 7163
f 7162 7153 7145
f 7145 7153 7134
f 7134 7179 7154
f 7131 9948 7161
f 7177 7178 7146
f 7140 7163 7135
f 7168 7182 7119
f 7161 7155 7131
f 7152 7136 7099
f 7151 7166 9948
f 9948 7131 7141
f 7102 7148 7152
f 7119 7182 7120
f 7136 7175 7169
f 7194 7174 7100
f 7128 7194 7100
f 7174 7165 7122
f 7157 7137 7130
f 7120 7182 7139
f 9163 7143 7151
f 7138 7155 7176
f 7142 7159 7149
f 7140 7135 7116
f 7149 7177 7132
f 9163 7151 7141
f 7133 7138 2517
f 7152 7099 7091
f 7134 7154 7117
f 7151 9948 7141
f 9181 7143 9163
f 7129 7135 7147
f 7144 7119 7110
f 2517 7138 2558
f 7137 7142 7130
f 7126 7133 2517
f 7140 7121 7146
f 7132 7108 7149
f 7132 7177 7146
f 9312 9316 9209
f 7140 7116 7121
f 7144 7110 7154
f 7150 7158 7125
f 7152 7148 7184
f 7117 7145 7134
f 7187 7158 7150
f 7155 7138 7133
f 7131 7155 7133
f 7124 7130 7114
f 7169 7194 7128
f 7127 7122 7157
f 7105 7129 7145
f 9163 7141 7088
f 7133 7126 7123
f 7136 7169 7128
f 7118 7127 7130
f 7129 7116 7135
f 7146 7121 7111
f 7132 7146 7111
f 7117 7154 7115
f 7123 7131 7133
f 7194 7202 7192
f 7088 7141 7131
f 7127 7157 7130
f 7108 7114 7142
f 7118 7130 7124
f 7098 7122 7127
f 7096 7145 7117
f 7174 7122 7098
f 7088 7131 7112
f 7124 7114 7109
f 7121 7116 7111
f 7149 7108 7142
f 7115 7154 7110
f 7112 7131 7123
f 7136 7128 7099
f 7098 7127 9940
f 7110 7119 7120
f 7096 7105 7145
f 7116 7129 7107
f 7123 7126 2487
f 9150 7125 7158
f 9940 7127 7118
f 7110 7120 7092
f 7092 7120 7113
f 7113 7125 7106
f 7111 7116 7090
f 7129 7105 7107
f 7150 7125 7113
f 7106 7125 9150
f 7112 7123 7104
f 7103 7124 7109
f 7104 7123 2487
f 7100 7086 7128
f 7084 7108 7132
f 7132 7111 7097
f 7118 7103 9940
f 7084 7132 7097
f 7117 7115 7089
f 7109 7114 7108
f 7084 7109 7108
f 7074 7152 7091
f 7152 7074 7076
f 7103 7118 7124
f 7097 7111 7090
f 7088 9149 9163
f 7081 7110 7092
f 7101 7092 7113
f 7103 7109 7095
f 7089 7096 7117
f 7137 7159 7142
f 7114 7130 7142
f 7115 7110 7081
f 7079 7128 7086
f 7100 7098 7086
f 7078 7105 7096
f 7090 7116 7107
f 9150 9156 9141
f 7099 7128 7079
f 7085 7086 7098
f 7085 7098 7087
f 7101 7113 7106
f 7088 7112 7080
f 7102 7152 7076
f 7087 9940 9941
f 7080 7112 7104
f 7109 9943 7095
f 7083 7078 7096
f 7115 7081 7089
f 9943 7109 7084
f 7097 7090 7093
f 9149 7088 9138
f 7070 7091 7099
f 7070 7099 7079
f 7094 7095 9943
f 2387 7104 2385
f 7086 7085 7082
f 7096 7089 7083
f 7100 7174 7098
f 7222 7206 7227
f 7078 7107 7105
f 9138 7088 7080
f 7090 7077 7093
f 7106 9141 7068
f 9141 7106 9150
f 9943 7084 9942
f 7107 7077 7090
f 7085 7072 7075
f 9945 9942 7084
f 7078 7077 7107
f 7068 7101 7106
f 7075 7082 7085
f 7068 7081 7101
f 7053 7076 7074
f 7073 7082 7075
f 7147 7162 7145
f 7147 7145 7129
f 7069 7078 7083
f 7065 7071 7089
f 7067 7079 7086
f 7062 7073 7075
f 7065 7081 7057
f 7070 7074 7091
f 7064 7082 7073
f 7083 7089 7069
f 7069 7089 7071
f 7064 7067 7082
f 7158 9156 9150
f 9944 9942 9945
f 7101 7081 7092
f 7086 7082 7067
f 7077 7078 7069
f 7057 7081 7068
f 7060 7073 7062
f 7062 7075 7066
f 7075 7072 7066
f 9313 9347 9321
f 9313 9321 9301
f 9206 9219 9156
f 7079 7054 7070
f 7054 7079 7067
f 7060 7062 7063
f 9141 9156 9129
f 7064 7073 7056
f 7074 7070 7034
f 7057 7061 7065
f 7060 7056 7073
f 7059 7070 7054
f 7074 7034 7053
f 7052 7061 7057
f 7065 7089 7081
f 7047 7057 7068
f 7047 7068 9141
f 7067 7064 7043
f 7045 9942 9944
f 7064 7056 7058
f 7030 9141 9119
f 7055 7060 7063
f 7055 7063 7050
f 9944 7052 7051
f 7043 7038 7054
f 7038 7059 7054
f 7036 7043 7064
f 7044 7056 7060
f 7045 9944 7051
f 7045 7051 7048
f 7052 7057 7047
f 7080 2319 9138
f 7058 7056 7032
f 7050 7063 7035
f 7064 7058 7036
f 7056 7044 5505
f 7063 7066 7037
f 7066 7049 7037
f 9138 2319 7041
f 7051 7046 7048
f 7669 9138 7041
f 5507 7037 7049
f 7051 7052 7046
f 7036 7058 5500
f 7047 9141 7030
f 7067 7043 7054
f 7034 7059 7038
f 7056 5505 7032
f 7044 7060 7055
f 7062 7066 7063
f 7046 7052 7047
f 7048 7039 7045
f 9104 2280 2260
f 7080 2387 2319
f 7037 7035 7063
f 7053 5501 2206
f 7036 5506 7043
f 7040 7058 7032
f 7030 9119 7666
f 7046 7047 5508
f 7034 7070 7059
f 7042 7044 7055
f 7039 7048 5504
f 7038 7043 5506
f 7055 5499 7031
f 5507 7049 7039
f 7053 7034 5501
f 5489 7040 7032
f 5500 7058 7040
f 7042 5505 7044
f 5499 7050 7035
f 5508 7048 7046
f 7663 7041 9104
f 7033 5489 7032
f 5507 7039 5504
f 7037 5507 5480
f 5508 7047 7030
f 5516 5530 5520
f 7027 7010 6966
f 7011 7024 6956
f 6988 5519 6942
f 7010 5525 6978
f 7025 7019 7006
f 6996 5532 6984
f 6999 7013 7008
f 5521 5537 6940
f 5585 5521 6978
f 5525 5585 6978
f 6980 5535 5515
f 7005 5554 6987
f 7026 5514 5518
f 6955 6986 7012
f 6984 7029 6991
f 7006 7019 6968
f 6977 5553 6950
f 6955 7012 6979
f 6944 7028 7015
f 7002 5559 7026
f 5521 6940 6978
f 5518 5581 6980
f 6968 7019 7003
f 5511 6990 7020
f 6989 5513 5531
f 6927 7024 5528
f 7011 6956 7000
f 7014 6985 7004
f 6965 7022 6999
f 7001 5533 5527
f 7017 7025 7006
f 7017 6976 5538
f 7011 7000 6983
f 6992 7023 6960
f 7011 6983 6979
f 6993 6997 7021
f 6993 7021 7022
f 5511 9084 9058
f 5531 6973 6989
f 7008 7020 6990
f 6991 5513 6952
f 7018 7021 6997
f 7026 5518 6961
f 6998 5515 6970
f 6952 5513 6989
f 7017 7006 6976
f 6993 7022 6965
f 6963 7027 6966
f 6981 7018 6997
f 7014 6962 6985
f 7014 7009 6962
f 6986 6950 5553
f 6978 6966 7010
f 7016 5530 6939
f 5528 6981 6924
f 6990 5511 9058
f 7027 6963 6995
f 6998 6980 5515
f 5543 6996 6970
f 6947 7004 6985
f 6961 5518 6980
f 7003 6974 6968
f 7001 6974 7003
f 5538 6976 6972
f 6948 6986 6955
f 7008 6965 6999
f 7002 7026 6961
f 6956 7024 6927
f 6984 6991 6952
f 6990 6969 7008
f 5528 6926 6927
f 6982 6939 5530
f 6992 6960 6920
f 7001 5527 6964
f 7007 6995 6963
f 6957 6994 6967
f 6979 6983 6955
f 6963 6966 6869
f 7015 6988 6945
f 6940 5559 7002
f 6975 6898 6982
f 6971 6989 6973
f 6944 7015 6945
f 2182 2185 6947
f 6949 6996 6984
f 6903 6950 6986
f 6965 7008 6969
f 6961 6980 6958
f 6924 6981 6931
f 6975 7007 6919
f 6996 6949 6970
f 6918 6942 6877
f 6920 6960 6944
f 6946 6994 6957
f 6987 6977 6950
f 6971 6973 6946
f 6987 6935 6967
f 6939 6982 6913
f 6949 6984 6952
f 6974 7001 6964
f 6976 7006 6954
f 6903 6986 6948
f 6978 6940 6930
f 6928 6980 6998
f 6951 6877 6942
f 6945 6988 6942
f 6957 6967 6935
f 6948 6955 6867
f 6969 6990 6941
f 6982 6898 6913
f 6959 2182 6947
f 6958 6940 7002
f 6949 6952 6936
f 6934 7016 6939
f 7028 6944 6960
f 7007 6963 6919
f 6958 6980 6928
f 6992 6920 6937
f 6914 6965 6969
f 6954 6912 6976
f 6963 6869 6889
f 6898 6975 6919
f 6912 6954 6968
f 6947 6985 6882
f 6914 6993 6965
f 6873 6945 6942
f 6954 7006 6968
f 6936 6952 6989
f 6964 5527 6933
f 6928 6998 6970
f 6933 6992 6937
f 6971 6936 6989
f 5527 6992 6933
f 6914 6931 6993
f 9740 6959 6925
f 6883 6935 6987
f 6951 6934 6877
f 6983 7000 6867
f 6869 6978 6930
f 6869 6966 6978
f 6939 6913 6934
f 6949 6928 6970
f 6936 6971 6946
f 6914 6969 6906
f 6930 6940 6938
f 6963 6889 6919
f 6959 9740 2182
f 6969 6941 6906
f 6883 6987 6950
f 6926 6924 6866
f 6946 6923 6936
f 6957 6915 6946
f 6935 6915 6957
f 6972 6912 6911
f 7000 6956 6876
f 6962 6943 6932
f 6912 6972 6976
f 6956 6927 6876
f 6882 6962 6771
f 6941 6990 6953
f 6949 6936 6923
f 6923 6946 6921
f 6915 6921 6946
f 6871 6920 6944
f 6968 6974 6910
f 6944 6945 6871
f 6906 6941 6917
f 6893 6974 6964
f 6930 6794 6869
f 6883 6950 6903
f 6972 6911 6853
f 6947 6882 6895
f 6990 9058 6953
f 6910 6974 6893
f 6985 6962 6882
f 6959 6947 6895
f 6929 6904 6953
f 6917 6953 6904
f 6915 6935 6883
f 6972 6853 6878
f 6938 6958 6907
f 6927 6926 6876
f 6930 6938 6916
f 6907 6958 6928
f 6960 7023 7028
f 6924 6931 6866
f 6891 6945 6873
f 6924 6926 5528
f 6866 6931 6909
f 6919 6889 6868
f 6876 6926 6866
f 6918 6877 6829
f 6914 6909 6931
f 6953 6917 6941
f 6888 6919 6868
f 6871 6945 6891
f 6888 6898 6919
f 6925 6959 6895
f 6910 6911 6912
f 6949 6907 6928
f 6885 6916 6938
f 6869 6830 6889
f 6890 6949 6923
f 6854 6937 6920
f 6932 6972 6878
f 6799 6932 6863
f 6865 6904 6929
f 6964 6897 6893
f 6933 6872 6964
f 7000 6887 6867
f 6867 6955 6983
f 6887 7000 6876
f 6886 6914 6906
f 6902 6908 6900
f 6892 6920 6871
f 6912 6968 6910
f 6933 6937 6872
f 6826 6915 6883
f 6879 6903 6948
f 6899 6917 6904
f 6863 6932 6878
f 6908 6856 6900
f 6876 6896 6887
f 6948 6867 6879
f 6925 6895 2156
f 6895 6882 6833
f 6890 6858 6862
f 6934 6861 6877
f 6880 6902 6900
f 6856 6908 6894
f 6898 6888 6827
f 6891 6873 6835
f 6929 8919 6865
f 6901 6908 6902
f 6838 6900 6856
f 6890 6923 6858
f 6913 6898 6827
f 6872 6937 6854
f 6850 6876 6866
f 6874 6900 6838
f 6855 6894 6884
f 6869 6794 6788
f 6902 6844 6901
f 6880 6900 6874
f 6886 6899 6831
f 6921 6915 6858
f 6920 6892 6854
f 6922 6905 6857
f 6911 6832 6853
f 6771 6932 6799
f 6885 6907 6851
f 6907 6890 6851
f 6891 6835 6817
f 6896 6876 6800
f 6899 6906 6917
f 6865 6899 6904
f 6861 6913 6836
f 6829 6835 6873
f 6872 6897 6964
f 6861 6934 6913
f 6843 6857 6905
f 6870 6922 6857
f 6829 6873 6918
f 6864 6844 6902
f 6864 6902 6880
f 6839 6886 6831
f 6865 8919 6825
f 6877 6861 6829
f 6876 6850 6800
f 6830 6869 6788
f 6851 6890 6862
f 6883 6903 6879
f 6850 6866 6848
f 6852 9939 6844
f 6856 6894 6841
f 6841 6894 6855
f 6871 6891 6779
f 6834 6844 6864
f 6882 6771 6833
f 6866 6909 6848
f 6864 6880 6847
f 6860 6880 6874
f 6838 6856 6846
f 6865 6842 6899
f 6862 6858 6837
f 6910 6893 6897
f 6848 6909 6886
f 6857 6804 6870
f 6842 6849 9938
f 6849 6855 9938
f 6779 6891 6817
f 6910 6832 6911
f 6879 6867 6821
f 6849 6842 6865
f 6841 6846 6856
f 6881 6922 6870
f 6851 6862 6845
f 6897 6872 6812
f 6841 6855 6822
f 6794 6916 6753
f 6826 6883 6787
f 6831 6899 6842
f 6849 6822 6855
f 6852 6844 6823
f 6857 6843 6875
f 6805 6916 6885
f 6845 6862 6837
f 6916 6805 6753
f 6742 6851 6845
f 6847 6880 6860
f 6819 6834 6847
f 6842 6840 6831
f 6844 6820 6828
f 6867 6887 6821
f 6860 6819 6847
f 6838 6818 6874
f 6849 6811 6822
f 6794 6687 6788
f 6868 6889 6830
f 6837 6858 6809
f 6847 6834 6864
f 6859 6870 6810
f 6859 6881 6870
f 6845 6837 6757
f 6860 6874 6818
f 6861 6836 6829
f 6839 6848 6886
f 6831 6840 6806
f 6745 6885 6851
f 6800 6769 6896
f 6816 6819 6860
f 6849 6825 6811
f 6820 6844 6834
f 6816 6860 6815
f 6833 6771 6777
f 6875 6833 6777
f 9936 6841 6813
f 6805 6885 6692
f 6803 6830 6788
f 6858 6923 6921
f 6814 6896 6769
f 6909 6914 6886
f 6852 6823 6808
f 6807 6840 6808
f 6818 6838 6768
f 6885 6938 6907
f 6879 6821 6787
f 6853 6832 6878
f 6792 6818 6768
f 6768 6838 6846
f 6797 6846 6841
f 6845 6757 6763
f 6888 6868 6780
f 6791 6797 6841
f 6812 6872 6854
f 6858 6915 6826
f 6800 6850 6839
f 6787 6883 6879
f 6821 6887 6814
f 6820 6834 6801
f 6801 6834 6819
f 9939 6901 6844
f 6815 6860 6818
f 6745 6851 6742
f 6692 6885 6745
f 6828 6820 6772
f 6806 6840 6807
f 6813 6841 6822
f 6776 6845 6743
f 6871 6779 6892
f 6797 6768 6846
f 6849 6865 6825
f 6795 6825 6824
f 6857 6875 6782
f 6796 9936 6813
f 6798 6793 6806
f 6813 6822 6781
f 6868 6830 6803
f 6836 6827 6723
f 6854 6892 6779
f 6809 6858 6826
f 6887 6896 6814
f 6863 6878 6708
f 6863 6708 6799
f 6818 6792 6815
f 6791 6841 9936
f 6827 6836 6913
f 6835 6829 6836
f 6793 6839 6806
f 6790 6825 6795
f 6854 6779 6744
f 6742 6845 6776
f 6810 6870 6784
f 6820 6789 6772
f 6798 6806 6807
f 9938 6855 6884
f 6835 6836 6760
f 6789 6820 6801
f 6804 6857 6782
f 6775 6816 6783
f 6784 6870 6804
f 6723 6827 6888
f 6832 6910 6774
f 6878 6832 6708
f 6786 6839 6793
f 6772 6789 6755
f 6796 6740 9936
f 6897 6812 6774
f 6799 6765 6771
f 6800 6786 6769
f 6839 6850 6848
f 6775 6801 6819
f 6775 6819 6816
f 6781 6773 6813
f 6825 6790 6781
f 6825 6781 6811
f 6692 6745 6758
f 6823 6828 6772
f 6793 6798 6807
f 6801 6766 6767
f 6801 6775 6766
f 6782 6777 6759
f 6773 6796 6813
f 6795 6802 6764
f 6756 6826 6787
f 6746 6766 6775
f 6868 6803 6780
f 6760 6836 6723
f 6754 6775 6783
f 6768 9935 6792
f 6779 6817 6770
f 6786 6800 6839
f 6788 6687 6703
f 6807 6808 6747
f 6821 6814 6751
f 6804 6782 6749
f 6790 6762 6781
f 6795 6824 6802
f 6804 6749 6784
f 6777 6771 6759
f 6768 6797 6729
f 6785 6791 6740
f 6773 6740 6796
f 6773 6781 6762
f 6832 6774 6719
f 6805 6724 6753
f 6687 6794 6741
f 6814 6769 6748
f 6799 6708 6765
f 6789 6801 6778
f 6746 6775 6754
f 6873 6942 6918
f 6770 6817 6835
f 9935 6768 6754
f 6768 6729 6754
f 6822 6811 6781
f 6808 6823 6747
f 6832 6719 6708
f 6814 6748 6751
f 6751 6787 6821
f 6747 6772 6755
f 6793 6807 6738
f 6789 6735 6755
f 6729 6797 6785
f 6752 6809 6826
f 6756 6752 6826
f 6747 6823 6772
f 6759 6771 6714
f 6782 6875 6777
f 6762 6790 6761
f 6795 6764 8784
f 6770 6835 9933
f 6771 6765 6714
f 6835 6760 9933
f 2113 9731 6750
f 6782 6759 6749
f 6724 6805 6692
f 6786 6725 6769
f 9731 6717 6750
f 6729 6785 6737
f 6737 6785 6740
f 6785 6797 6791
f 6712 6784 6728
f 9929 6763 6757
f 6744 6779 6770
f 2113 9734 9731
f 6711 6735 6778
f 6784 6718 6728
f 6745 6742 6683
f 6730 6752 6756
f 6732 6756 6787
f 6761 6795 6721
f 6750 6717 6736
f 6714 6765 6679
f 6759 6714 6734
f 6733 6773 6762
f 6786 6738 6725
f 6807 6747 6731
f 6738 6807 6731
f 6743 6763 6710
f 6751 6732 6787
f 6700 6753 6724
f 6741 6753 6700
f 6741 6794 6753
f 6748 6769 6725
f 6731 6755 6726
f 6721 6795 8784
f 6722 6756 6732
f 6907 6949 6890
f 6731 6747 6755
f 6730 6756 6722
f 6716 6720 6715
f 6833 6875 6895
f 6707 6737 6740
f 6763 6691 6710
f 6717 6720 6716
f 2124 9734 2113
f 6749 6759 6734
f 6778 6767 6696
f 6718 6784 6749
f 6803 6703 6671
f 6734 6697 6749
f 6803 6788 6703
f 6812 6744 6727
f 6726 6738 6731
f 6735 6726 6755
f 6749 6697 6718
f 6740 6773 6733
f 6702 6761 6689
f 6721 6689 6761
f 6888 6780 6667
f 6739 6812 6727
f 6774 6910 6897
f 6762 6761 6702
f 6770 6727 6744
f 6812 6739 6774
f 6739 6719 6774
f 6725 6738 6726
f 6886 6906 6899
f 6786 6793 6738
f 6702 6733 6762
f 6694 6730 6722
f 6722 6732 6705
f 2114 2113 6750
f 9932 6746 6713
f 6693 6741 6700
f 6723 6888 6667
f 6763 9929 6691
f 9933 6760 6649
f 6712 6728 6698
f 6683 6704 6758
f 6745 6683 6758
f 6649 6760 6723
f 6750 6736 2114
f 6746 9932 6696
f 6770 9933 9934
f 6691 9929 6614
f 6719 6739 6709
f 6680 6722 6705
f 6719 6709 6708
f 6733 6707 6740
f 6687 6741 6657
f 6780 6803 6671
f 6649 6723 6667
f 9934 6727 6770
f 6715 6720 6688
f 6713 6729 9931
f 9931 6729 6737
f 8784 8787 6650
f 6706 6730 6694
f 6664 6688 6717
f 6754 6713 6746
f 6741 6686 6657
f 6694 6722 6682
f 6751 6748 6699
f 9732 9734 2124
f 6659 6711 6778
f 6743 6710 6656
f 6693 6686 6741
f 6812 6854 6744
f 6702 6701 6733
f 6614 9929 6706
f 6748 6725 6699
f 6728 6718 6698
f 6737 6707 6701
f 6701 6707 6733
f 6765 6708 6681
f 6705 6751 6699
f 6672 6715 6688
f 6667 6780 6671
f 6682 6722 6680
f 6650 6689 6721
f 6699 6725 6684
f 6659 6684 6711
f 6718 6697 6676
f 6732 6751 6705
f 6736 6660 2092
f 6714 6661 6734
f 6715 6672 6653
f 6679 6765 6681
f 6714 6679 6661
f 6684 6690 6699
f 6698 6718 6676
f 6729 6713 6754
f 6776 6592 6742
f 6739 6695 6677
f 6690 6642 6699
f 6677 6709 6739
f 6664 6647 6688
f 6706 6694 6682
f 6736 6716 6660
f 6673 6778 6696
f 6635 6691 6614
f 6646 6724 6692
f 6670 6648 6685
f 9931 9930 6713
f 6675 6689 6650
f 6656 6710 6691
f 6653 6716 6715
f 6602 6776 6743
f 6709 6677 6662
f 6634 6680 6705
f 6778 6735 6789
f 6659 6778 6673
f 6674 6701 6658
f 6701 6702 6658
f 6758 6704 6692
f 6743 6656 6668
f 6649 6662 6677
f 6678 6685 6690
f 6664 9735 6603
f 6705 6699 6642
f 6660 6716 6653
f 6684 6659 6652
f 6658 6689 6675
f 6592 6776 6602
f 6685 6678 6670
f 6685 6648 6639
f 6767 6778 6801
f 9931 6737 6701
f 6700 6724 6625
f 6666 6688 6647
f 6709 6662 6681
f 6672 6688 6666
f 6828 6823 6844
f 6654 6700 6579
f 6682 6680 6665
f 2092 2104 6736
f 2104 2114 6736
f 6690 6684 6652
f 6693 6700 6654
f 6614 6706 6669
f 6673 6696 6655
f 6624 6671 6703
f 6647 6664 6629
f 6700 6625 6579
f 6702 6689 6658
f 6845 6763 6743
f 6646 6692 6551
f 6686 6693 6575
f 6631 6667 6671
f 6666 6645 6630
f 6643 6665 6680
f 6603 6629 6664
f 6633 6663 6678
f 6645 6666 6647
f 6603 9735 6661
f 6767 6746 6696
f 6651 9930 6674
f 6651 6674 6644
f 6795 6761 6790
f 6650 6721 8784
f 6650 8787 8741
f 6650 8741 8730
f 6693 6654 6619
f 6618 6669 6627
f 6651 6632 6655
f 6644 6674 6658
f 6662 6649 6640
f 6681 6640 6679
f 6670 6663 6628
f 6648 6670 6626
f 6668 6602 6743
f 6691 6635 6656
f 6642 6690 6685
f 6634 6705 6642
f 6690 6633 6678
f 6624 6703 6657
f 6627 6682 6665
f 6661 6679 6637
f 6638 6648 6626
f 6657 6686 6613
f 6666 6630 6623
f 6643 6680 6634
f 6675 6650 8716
f 6662 6640 6681
f 6623 6672 6666
f 6672 6623 6653
f 6603 6661 6637
f 6652 6633 6690
f 6652 6659 6616
f 6692 6704 6551
f 6649 6677 6695
f 6609 6656 6635
f 6640 6649 6631
f 6679 6596 6637
f 6642 6685 6639
f 6660 6653 6623
f 6644 6632 6651
f 6644 6658 6608
f 6619 6654 6548
f 6658 6675 6608
f 6642 6639 6610
f 6663 6633 6628
f 6640 6596 6679
f 6634 6642 6610
f 6620 6638 6626
f 6670 6628 6641
f 6660 6623 2092
f 6626 6670 6641
f 6616 6633 6652
f 6632 6673 6655
f 6608 6675 8731
f 6624 6657 6613
f 6647 6629 6612
f 6616 6673 6632
f 6675 8716 8731
f 6639 6648 6638
f 6650 8730 8716
f 6631 6671 6624
f 6616 6617 6633
f 6659 6673 6616
f 6654 6579 6548
f 6613 6686 6607
f 6621 6647 6612
f 6584 6630 6645
f 6634 6610 6643
f 6615 6656 6636
f 6609 6636 6656
f 6640 6631 6599
f 6645 6621 6584
f 6637 6596 6578
f 6618 6627 6604
f 6626 6641 6594
f 6641 6628 6594
f 6617 6628 6633
f 6600 6635 6614
f 6624 6613 6597
f 6687 6657 6703
f 6592 6683 6742
f 6639 6638 6610
f 6623 6630 6585
f 6632 6644 6570
f 6644 6608 6576
f 6625 6724 6646
f 6606 6621 6612
f 6629 6603 6605
f 6622 6665 6643
f 6616 6632 6570
f 6615 6668 6656
f 6640 6599 6596
f 6627 6665 6604
f 6582 6628 6617
f 6605 6603 6583
f 6620 6610 6638
f 6643 6610 6622
f 6594 6628 6582
f 6594 6558 6626
f 6598 6602 6668
f 6611 6630 6584
f 6603 6637 6590
f 6623 6585 6587
f 6704 6683 6546
f 6625 6646 6557
f 6609 6601 6636
f 6600 6593 6635
f 6610 6620 6622
f 6603 6590 6583
f 6637 6578 6590
f 6608 8731 6580
f 6621 6606 6584
f 6644 6576 6570
f 6581 6604 6622
f 6617 6616 6582
f 6580 6576 6608
f 6599 6631 6624
f 6618 6604 6595
f 6585 6630 6611
f 6599 6624 6597
f 6604 6581 6595
f 6558 6620 6626
f 6598 6668 6615
f 6631 6649 6667
f 6600 6574 6593
f 6584 6606 6563
f 6604 6665 6622
f 6578 6596 6591
f 6589 6606 6612
f 6678 6663 6670
f 6595 6581 6574
f 6587 6585 6588
f 6594 6582 6558
f 6601 6609 6593
f 6607 6573 6613
f 6581 6572 6574
f 6562 6646 6551
f 6569 6591 6599
f 9927 6613 6573
f 6622 6620 6581
f 6588 6585 6571
f 6767 6766 6746
f 6570 6539 6616
f 6609 6635 6593
f 6591 6596 6599
f 6559 6564 6605
f 6595 6574 6600
f 6583 6559 6605
f 6620 6558 6581
f 6571 6585 6611
f 6551 6704 6546
f 6579 6565 6548
f 6582 6545 6558
f 6576 6580 6553
f 6550 6592 6602
f 6575 6619 6560
f 6601 6593 6574
f 6557 6646 6568
f 6576 6553 6538
f 6586 6636 9928
f 6560 6619 6548
f 6581 6558 6572
f 6554 6577 6571
f 6570 6576 6538
f 6568 6646 6562
f 6586 9928 6533
f 6574 6572 6552
f 6584 6563 6611
f 6563 6606 6589
f 6577 6587 6571
f 6572 6561 6552
f 6566 6589 6555
f 6579 6508 6565
f 6533 9928 6561
f 2070 6554 6549
f 6546 6683 6550
f 9928 6636 6601
f 6541 6561 6572
f 6561 9928 6552
f 6556 6607 6575
f 6569 6573 6556
f 6589 6564 6567
f 6578 6569 6590
f 6556 6573 6607
f 6558 6532 6547
f 6564 6559 6567
f 6590 6559 6583
f 6578 6591 6569
f 6590 6569 6540
f 6532 6558 6545
f 6579 6557 6508
f 6534 6571 6611
f 6615 6636 6586
f 6645 6647 6621
f 6545 6582 6539
f 6550 6683 6592
f 6612 6629 6605
f 6615 6542 6598
f 6572 6558 6547
f 6541 6572 6547
f 6540 6569 6556
f 6563 6589 6566
f 6611 6518 6534
f 6549 6554 6534
f 6518 6611 6563
f 6619 6575 6693
f 6556 6560 6521
f 6551 6546 6535
f 6543 6556 6521
f 6550 6602 6598
f 6589 6567 6555
f 6518 6563 6566
f 6571 6587 6588
f 6582 6616 6539
f 6590 6506 6559
f 6567 6559 6530
f 6540 6556 6543
f 6570 6502 6539
f 6686 6575 6607
f 6537 6560 6548
f 6555 6567 6544
f 6555 6544 6523
f 6542 6615 6586
f 6473 6553 6580
f 6561 6531 6533
f 6541 6531 6561
f 6566 6555 6523
f 6551 6535 6562
f 6525 6568 6562
f 6546 6550 6536
f 6557 6568 6525
f 6521 6560 6537
f 6540 6506 6590
f 6544 6567 6530
f 6534 6554 6571
f 6529 6534 6518
f 6560 6556 6575
f 6502 6570 6538
f 6579 6625 6557
f 6540 6543 6506
f 6530 6559 6526
f 6510 6545 6539
f 6527 6598 6542
f 6499 6525 6562
f 6517 6586 6533
f 6537 6548 6514
f 6559 6506 6526
f 6566 6523 6518
f 6557 6525 6508
f 6533 6531 6517
f 6514 6565 6508
f 6513 6531 6541
f 6530 6526 6515
f 6549 6534 2053
f 6541 6547 6513
f 6506 6503 6526
f 6589 6612 6564
f 6564 6612 6605
f 6526 6503 6524
f 6530 6520 6544
f 6535 6546 6528
f 6547 6470 6513
f 6537 6514 6497
f 6476 6470 6547
f 6510 6532 6545
f 6515 6524 6511
f 6530 6515 6520
f 6498 6550 6598
f 6525 6522 6508
f 6542 6586 6517
f 6520 6515 6511
f 6535 6519 6499
f 6546 6500 6528
f 6509 6525 6499
f 6525 6509 6522
f 6523 6544 6495
f 6516 2053 6534
f 6536 6550 6481
f 6546 6536 6500
f 6535 6528 6519
f 6511 6524 6493
f 6510 6539 6502
f 6527 6498 6598
f 6519 6512 6499
f 6505 6518 6523
f 6529 6518 6505
f 6521 6497 6493
f 6506 6521 6493
f 6474 6476 6532
f 6508 6457 6514
f 6497 6514 6457
f 6511 6493 6489
f 6528 6500 6486
f 6497 6521 6537
f 6508 6522 6501
f 6544 6520 6495
f 6510 6474 6532
f 6529 6505 6464
f 6473 8584 6553
f 6536 6481 6494
f 6493 6503 6506
f 6500 6491 6486
f 6507 6542 6517
f 6470 6478 6513
f 6508 6501 6457
f 6511 6496 6520
f 6538 6483 6502
f 2046 6516 6529
f 6483 6538 6553
f 6498 6527 6452
f 6522 6509 6480
f 6479 6542 6507
f 6531 6513 6507
f 6427 6492 6498
f 6500 6536 6490
f 6507 6517 6531
f 6498 6492 6481
f 6490 6491 6500
f 6452 6427 6498
f 6523 6477 6505
f 6463 6519 6504
f 6479 6452 6527
f 6501 6522 6469
f 6543 6521 6506
f 6524 6515 6526
f 6503 6493 6524
f 6496 6511 6489
f 8584 6483 6553
f 6504 6528 6482
f 6488 6536 6494
f 6489 6493 6475
f 6496 6495 6520
f 6492 6472 6481
f 6453 6536 6488
f 6457 6501 6446
f 6562 6535 6499
f 6523 6495 6477
f 6469 6522 6480
f 6471 6479 6507
f 6513 6471 6507
f 6495 6496 6477
f 6512 6519 6468
f 6509 6499 6484
f 6493 6497 6475
f 6496 6489 6477
f 6474 6510 6444
f 6510 6502 6487
f 6463 6504 6447
f 6471 6513 6478
f 6512 6485 6455
f 6469 6480 6465
f 6477 6489 6475
f 6476 6547 6532
f 6485 6512 6468
f 6475 6448 6477
f 6529 6464 2046
f 6492 6427 6462
f 6446 6501 6469
f 6470 6458 6478
f 6437 6502 6483
f 6472 6492 6462
f 6490 6436 6491
f 6482 6528 6486
f 6461 6494 6481
f 6509 6484 6480
f 6435 6497 6457
f 6476 6474 6433
f 6490 6536 6453
f 6504 6482 6447
f 6449 6487 6502
f 6436 6490 6428
f 6481 6550 6498
f 6445 6470 6476
f 6473 8586 8584
f 6472 6462 6466
f 6472 6451 6481
f 6527 6542 6479
f 6482 6486 6430
f 6519 6463 6468
f 6480 6484 6465
f 6446 6469 6467
f 6497 6435 6475
f 6462 6427 6440
f 6461 6481 6451
f 6455 6485 6434
f 6467 6465 6454
f 6458 6470 6445
f 6462 6440 6466
f 6459 6452 6471
f 8584 6437 6483
f 6466 6451 6472
f 6460 6461 6488
f 6463 6439 6468
f 6467 6469 6465
f 6464 6505 6405
f 6451 6443 6461
f 6447 6482 6430
f 6455 6484 6499
f 6455 6499 6512
f 6466 6456 9925
f 6444 6487 6449
f 6502 6437 6449
f 6466 6440 6456
f 6486 6431 6430
f 6486 6491 6431
f 6466 9925 6451
f 6443 6428 6453
f 6455 6434 6484
f 6450 6427 6452
f 6420 6459 6471
f 6478 6458 6414
f 6505 6477 6405
f 6459 6450 6452
f 6428 6490 6453
f 6430 6431 6424
f 6420 6471 6478
f 6405 6477 6448
f 6454 6434 6429
f 6446 6467 6388
f 6435 6457 6446
f 6448 6475 6435
f 6447 6430 6423
f 6485 6468 6442
f 6485 6442 6434
f 6411 6437 8584
f 6418 6411 8584
f 6456 6440 6441
f 9925 6432 6443
f 6463 6447 6422
f 6438 6442 6439
f 6434 6442 6438
f 6433 6406 6476
f 6420 6450 6459
f 6435 6421 6448
f 6449 6409 6444
f 6447 6423 6422
f 6429 6467 6454
f 6433 6474 6444
f 6441 6440 6427
f 6487 6444 6510
f 6452 6479 6471
f 6445 6414 6458
f 6445 6476 6406
f 6390 6420 6478
f 6528 6504 6519
f 6432 9925 9923
f 6426 6439 6422
f 6439 6463 6422
f 6449 6437 6425
f 6418 8584 8586
f 6431 6413 6424
f 6412 6430 6424
f 6438 6439 6426
f 6429 6438 6426
f 6434 6454 6484
f 6421 6405 6448
f 6436 6428 6410
f 6429 6434 6438
f 6414 6390 6478
f 6443 6451 9925
f 6422 6423 6415
f 6436 6410 6416
f 6431 6416 6413
f 6427 6450 6408
f 6433 6444 6394
f 6426 6422 6415
f 6429 6388 6467
f 6444 6409 6394
f 6407 6425 6437
f 6401 6420 6390
f 6416 6410 6417
f 6439 6442 6468
f 6401 6419 6420
f 6416 6417 6413
f 6408 6450 6393
f 6450 6419 6393
f 6430 6412 6423
f 6403 6424 6413
f 6407 6402 6425
f 6415 6412 6403
f 6424 6403 6412
f 6415 6423 6412
f 6409 6449 6425
f 6409 6402 6399
f 6358 6414 6445
f 6388 6435 6446
f 6404 6417 6410
f 9924 9926 6400
f 6394 6398 6433
f 9926 6408 6393
f 6388 6429 6392
f 6402 6409 6425
f 9926 6393 6400
f 6429 6415 6392
f 6415 6429 6426
f 6406 6433 6398
f 8586 8574 6418
f 6403 6413 6395
f 6415 6403 6395
f 6419 6401 6376
f 6397 6402 6407
f 6414 6358 6390
f 6445 6406 6358
f 6400 6393 6387
f 6395 6413 6404
f 6405 6421 2023
f 6396 6407 6437
f 6394 6409 6377
f 6397 6384 6402
f 6370 6437 6411
f 6385 6435 6388
f 6396 6397 6407
f 6399 6402 6384
f 6397 6391 6384
f 6395 6400 6387
f 6395 6378 6415
f 6491 6436 6416
f 6431 6491 6416
f 6384 6409 6399
f 6393 6419 6379
f 6401 6390 6383
f 6385 6388 6368
f 6405 2023 2022
f 6413 6417 6404
f 6384 6377 6409
f 6370 6411 6418
f 6357 6387 6393
f 6406 6382 6358
f 6406 6398 6382
f 6398 6394 6386
f 6395 6387 6378
f 6394 6377 6374
f 6389 6391 6397
f 6390 6358 6383
f 6370 6396 6437
f 6419 6376 6379
f 6391 6381 6384
f 6380 6396 6370
f 6375 6398 6386
f 6421 6435 6385
f 6378 6392 6415
f 6389 6381 6391
f 6378 6387 6366
f 6372 6379 6376
f 6365 6382 6398
f 6374 6386 6394
f 6365 6398 6375
f 6388 6392 6368
f 6389 6397 6396
f 6373 6389 6396
f 6380 6373 6396
f 6372 6376 6350
f 6393 6379 6357
f 6361 6386 6374
f 6381 6377 6384
f 6421 6367 2023
f 6377 6362 6374
f 6373 6380 6352
f 6360 6381 6389
f 6376 6401 6369
f 6386 6361 6375
f 6364 6361 6374
f 6421 6385 6367
f 6357 6379 6351
f 6389 6373 6343
f 6350 6376 6369
f 6385 6356 6367
f 6392 6378 6353
f 6353 6378 6366
f 6368 6392 6349
f 6380 6370 8559
f 6363 6383 6358
f 6369 6401 6383
f 6374 6362 6364
f 6366 6387 6333
f 6377 6381 6360
f 6389 6343 6360
f 6331 6380 8559
f 8574 6370 6418
f 6392 6353 6349
f 6354 6362 6377
f 6354 6377 6360
f 6357 6333 6387
f 6356 6385 6371
f 6360 6343 6348
f 6345 6365 6375
f 6382 6365 6359
f 6373 6352 6340
f 6385 6368 6371
f 6366 6333 6353
f 6364 6375 6361
f 6341 6364 6362
f 6354 6337 6362
f 6382 6346 6358
f 6346 6382 6359
f 6337 6341 6362
f 6363 6358 6346
f 6372 6351 6379
f 6363 6328 6383
f 6345 6375 6364
f 6372 6350 6347
f 6328 6369 6383
f 6324 6356 6371
f 6355 6368 6349
f 6360 6332 6354
f 6331 6340 6352
f 6365 6345 6359
f 6339 6355 6349
f 6332 6360 6348
f 6319 6343 6373
f 6319 6373 6340
f 6351 6372 6347
f 6368 6355 6371
f 6319 6348 6343
f 6328 6327 6369
f 6349 6353 6339
f 6317 6331 8559
f 6341 6345 6364
f 6359 6345 6338
f 6344 6350 6323
f 6450 6420 6419
f 6346 6326 6363
f 6353 6334 6339
f 6330 6371 6355
f 6337 6314 6341
f 6342 6351 6325
f 6344 6347 6350
f 6350 6369 6327
f 6345 6341 6338
f 6341 6314 6338
f 6319 6313 6348
f 8559 8524 6317
f 6333 6357 6342
f 6328 6363 6326
f 6322 6333 6342
f 6357 6351 6342
f 6339 6310 6355
f 6338 6329 6346
f 6323 6350 6327
f 6355 6310 6336
f 6325 6351 6347
f 6324 6371 6335
f 6355 6336 6330
f 6321 6337 6354
f 6320 6332 6313
f 6332 6348 6313
f 6346 6359 6338
f 6334 6333 6322
f 6353 6333 6334
f 6325 6344 6323
f 6308 6329 6338
f 6318 6331 6317
f 2012 6324 6335
f 6342 6325 6322
f 6328 6326 6315
f 6321 6354 6332
f 6325 6323 6311
f 6316 6337 6321
f 6298 6319 6340
f 6338 6307 6308
f 6314 6307 6338
f 6325 6304 6322
f 6329 6308 6295
f 2012 6335 6293
f 6329 6326 6346
f 6305 6310 6339
f 6288 6317 8524
f 6334 6305 6339
f 6326 6309 6315
f 6314 6294 6307
f 6306 6313 6319
f 6298 6340 6318
f 6302 6311 6327
f 6326 6329 6309
f 6314 6337 6316
f 6335 6330 6293
f 6321 6332 6312
f 6340 6331 6318
f 6304 6325 6311
f 6302 6327 6315
f 6319 6298 6306
f 6336 6310 6300
f 6306 6320 6313
f 6334 6322 6303
f 6309 6329 6295
f 6330 6336 6300
f 6322 6304 6276
f 6297 6320 6306
f 6298 6318 6296
f 6304 6311 6276
f 6293 6330 6301
f 6299 6295 6308
f 6294 6314 6316
f 6291 6294 6316
f 6287 6315 6309
f 6335 6371 6330
f 6290 6321 6312
f 6288 6318 6317
f 6289 6306 6298
f 6285 6310 6305
f 6293 6301 6274
f 2012 6293 2000
f 6290 6316 6321
f 6289 6298 6292
f 6352 6380 6331
f 6307 6294 6286
f 6300 6310 6285
f 6292 6298 6296
f 6302 6315 6258
f 6289 6297 6306
f 6330 6300 6301
f 6308 6307 6299
f 6295 6299 6278
f 6299 6307 6286
f 6291 6316 6290
f 6302 6269 6276
f 2000 6293 6274
f 6282 6289 6292
f 6303 6249 6305
f 6288 8524 8519
f 6302 6258 6269
f 6280 6295 6278
f 6295 6280 6309
f 6291 6279 6294
f 6272 6286 6279
f 6301 6284 6271
f 6305 6249 6285
f 6305 6334 6303
f 6297 6289 6283
f 6281 6288 8519
f 6287 6258 6315
f 6285 6284 6300
f 6296 6318 6288
f 6287 6309 6280
f 6278 6299 6272
f 6274 6301 6271
f 6277 6290 6312
f 6275 6291 6290
f 6283 6277 6297
f 6281 6296 6288
f 6264 6283 6289
f 6303 6257 6249
f 6272 6299 6286
f 6303 6276 6257
f 6294 6279 6286
f 6277 6312 6297
f 6279 6291 6275
f 6273 6296 6263
f 6275 6290 6277
f 6271 6284 6255
f 6277 6283 6270
f 6258 6287 6262
f 6270 6283 6264
f 6281 8519 8505
f 6271 6245 6274
f 6261 6282 6273
f 6278 6272 6268
f 6260 6275 6277
f 6260 6277 6270
f 6267 6260 6270
f 6320 6297 6312
f 6332 6320 6312
f 6259 6276 6269
f 6254 6275 6256
f 6258 6262 6250
f 6268 6266 6280
f 6289 6282 6264
f 6264 6282 6261
f 6254 6265 6279
f 6251 6274 6245
f 6265 6272 6279
f 6252 6273 6263
f 6257 6276 6259
f 6254 6239 6265
f 6267 6264 6261
f 6249 6243 6285
f 6280 6278 6268
f 6268 6272 6265
f 6267 6261 6247
f 6280 6266 6262
f 6268 6265 6234
f 6268 6234 6266
f 6271 6255 6245
f 6279 6275 6254
f 6252 6261 6273
f 6234 6265 6241
f 6296 6282 6292
f 6263 6281 8496
f 6231 6267 6238
f 8496 6281 8505
f 6261 6252 6247
f 6260 6267 6253
f 6273 6282 6296
f 6237 6257 6259
f 6250 6269 6258
f 6223 6262 6266
f 6241 6248 6234
f 8496 6252 6263
f 6223 6250 6262
f 6223 6266 6234
f 6267 6231 6253
f 6267 6247 6238
f 6240 6255 6284
f 6239 6254 6256
f 6233 6256 6260
f 6256 6275 6260
f 6244 6252 6229
f 8496 6229 6252
f 6240 6284 6285
f 8491 6229 8496
f 6246 6250 6224
f 6224 6250 6223
f 6247 6252 6244
f 6251 6245 6230
f 6238 6247 6244
f 6259 6246 6237
f 6225 6246 6224
f 6246 6225 6237
f 6262 6287 6280
f 6249 6257 6243
f 6251 6230 1992
f 6243 6257 6228
f 6245 6255 6230
f 6241 6239 9692
f 6257 6237 6228
f 6237 6225 6242
f 6234 6248 9686
f 6255 6240 6226
f 6259 6269 6246
f 6237 6242 6236
f 6240 6243 6232
f 9692 6239 6256
f 6240 6232 6226
f 6228 6237 6236
f 6233 6260 6253
f 6224 6223 6219
f 6243 6228 6232
f 9692 9686 6241
f 6228 6236 6227
f 6327 6311 6323
f 9686 6248 6241
f 6226 6222 6230
f 6242 6225 9685
f 6233 9692 6256
f 6300 6284 6301
f 6347 6344 6325
f 6322 6276 6303
f 6270 6264 6267
f 6231 6238 6253
f 6240 6285 6243
f 6241 6265 6239
f 6223 6234 9686
f 6232 6227 6218
f 6222 6226 6232
f 6218 6222 6232
f 6223 9686 6219
f 6220 6230 6222
f 6227 6236 6217
f 6225 6224 6219
f 6221 6242 9685
f 6246 6269 6250
f 6235 6238 6244
f 6238 6235 9705
f 9685 6225 6219
f 6222 6218 6220
f 6218 1965 6220
f 6235 6229 9705
f 6232 6228 6227
f 6263 6296 6281
f 6235 6244 6229
f 6221 9685 9698
f 6218 6227 6216
f 6327 6328 6315
f 6218 6216 1965
f 6236 6242 6221
f 6236 6221 9698
f 6236 9698 6217
f 6227 6217 9702
f 6276 6311 6302
f 6216 6227 9702
f 6191 4314 6190
f 6212 6213 6151
f 4345 6115 6189
f 6193 4307 6205
f 4311 6210 6201
f 6115 4345 6165
f 6200 4334 6163
f 4362 8420 4310
f 6209 4324 6182
f 4367 4313 8403
f 6199 6202 6179
f 6196 4356 6158
f 8406 6203 8413
f 6163 4334 6167
f 4333 4367 8403
f 4334 4350 6167
f 4324 6208 6182
f 9804 4306 6195
f 6176 6130 4309
f 6174 4350 4309
f 8398 6194 8429
f 4304 6209 6178
f 6201 6210 9798
f 8403 4313 8398
f 6172 4319 4304
f 6213 6091 6151
f 8398 4313 6194
f 4309 6130 6174
f 6184 6206 6193
f 6193 6205 6186
f 4312 6212 6071
f 8399 6215 8412
f 6212 6151 6071
f 6146 6205 6187
f 4321 6196 6155
f 6185 9797 6179
f 6183 6201 9794
f 6213 4353 6091
f 6208 6170 6098
f 6186 6205 6146
f 6165 4321 6155
f 6083 4323 6162
f 8389 8413 4310
f 6178 6172 4304
f 6202 6175 6161
f 6198 6091 4353
f 6145 6197 6140
f 6140 6197 6189
f 6083 6176 4323
f 6211 6204 6181
f 8409 8428 8406
f 6169 4319 6172
f 6180 6206 6157
f 6191 6153 6188
f 6192 4322 6128
f 6184 6193 6186
f 6206 6180 6181
f 6091 6198 6099
f 6146 6187 8405
f 6166 6183 9794
f 4308 4306 6171
f 9804 6171 4306
f 6090 6176 6083
f 6184 6157 6206
f 8399 6190 6215
f 4323 4308 6162
f 6202 6181 6175
f 6168 9804 6183
f 9797 6199 6179
f 6177 6144 4318
f 6204 6206 6181
f 6177 6149 6154
f 6181 6180 6175
f 6128 4322 4312
f 6164 6186 6159
f 6082 6209 6182
f 6178 6209 6082
f 6139 4356 6169
f 6150 6159 6186
f 6188 6153 6104
f 6133 6173 6200
f 6176 6090 6130
f 6152 6190 8399
f 6144 6132 4343
f 6135 6183 6166
f 6131 6152 8399
f 6163 6167 6121
f 6137 6149 6141
f 6162 4308 6171
f 6142 6157 6184
f 6175 6180 6147
f 8399 8412 8362
f 6099 6198 6156
f 6133 6200 6163
f 6157 6136 6180
f 8405 8383 6146
f 6156 6198 6145
f 6170 6132 6102
f 6147 6180 6136
f 6125 6150 6146
f 6139 6158 4356
f 6115 6165 6155
f 6184 6164 6142
f 9794 9795 6166
f 6116 6189 6115
f 6077 6173 6133
f 6083 6162 6171
f 6185 6161 6108
f 6186 6146 6150
f 6189 6087 6140
f 6119 6172 6178
f 6174 6109 6160
f 6135 6168 6183
f 6119 6178 6082
f 6117 6152 6131
f 6174 6130 6109
f 6170 6102 6089
f 6136 6157 6142
f 6177 6143 6123
f 6143 6177 6154
f 6164 6184 6186
f 6115 6112 6116
f 6173 6110 6141
f 6173 6077 6110
f 8362 6131 8399
f 6189 6116 6087
f 6175 6147 6108
f 6153 6152 6138
f 6147 6136 6127
f 6159 6150 6134
f 6074 6144 6097
f 6108 6118 6185
f 6171 6168 6135
f 6150 6125 6134
f 1747 6148 6113
f 6166 9795 6086
f 6125 6146 8374
f 6163 6121 6122
f 6141 6110 6137
f 6106 6136 6142
f 6104 6153 6138
f 6155 6158 6139
f 6082 6182 6079
f 6129 6163 6122
f 6089 6098 6170
f 6123 6097 6144
f 6133 6163 6129
f 8423 8412 8425
f 6177 6123 6144
f 6096 6135 6166
f 6058 6130 6090
f 6108 6092 6118
f 6130 6058 6109
f 6136 6106 6127
f 6151 6091 6093
f 6102 6132 6074
f 6096 6171 6135
f 6117 6131 6080
f 6113 6148 6128
f 6109 9922 6160
f 6105 6142 6159
f 6106 6142 6105
f 6100 6125 8374
f 6151 6093 6060
f 6103 6169 6069
f 6159 6134 6107
f 6125 6111 6134
f 6071 6151 6060
f 6103 6139 6169
f 6161 6175 6108
f 6069 6169 6172
f 6182 6098 6039
f 6108 6127 6092
f 6069 6172 6119
f 6125 6100 6111
f 6088 6116 6112
f 6127 6106 6095
f 6094 6118 6092
f 6096 6166 6086
f 6080 6131 8362
f 6115 6155 6112
f 6101 6133 6129
f 8361 6104 6126
f 8361 8380 6104
f 8352 6126 6104
f 6156 6145 6085
f 6122 6121 6078
f 6107 6105 6159
f 6048 6139 6103
f 6154 6137 6041
f 4312 6071 6128
f 6145 6140 6070
f 6059 6109 6058
f 6091 6099 6012
f 6100 8374 8332
f 8321 8352 6104
f 6140 6087 6070
f 8321 6104 6138
f 6081 6122 6078
f 6133 6101 6077
f 6128 6071 6113
f 6137 6154 6149
f 6092 6127 6095
f 6099 6156 6085
f 6119 6082 6033
f 9793 6094 6092
f 6123 6143 6044
f 6129 6122 6081
f 6103 6069 5957
f 6111 6100 6073
f 6080 8362 8313
f 6091 6012 6093
f 6085 6145 6070
f 6044 6143 6154
f 6108 6147 6127
f 6114 6124 9799
f 6076 6105 6107
f 6067 6171 6096
f 6129 6081 6101
f 6095 6105 6068
f 6072 6138 6117
f 6117 6080 8240
f 6033 6046 6119
f 6098 6089 6006
f 6105 6076 6068
f 6087 6116 6088
f 6069 6119 6046
f 6067 6096 6056
f 6058 6090 6057
f 6076 6111 6073
f 6112 6155 6075
f 6154 6041 6044
f 6114 9799 6064
f 6090 6083 6057
f 6107 6111 6076
f 6079 6033 6082
f 6114 6064 6052
f 6093 6012 6038
f 6039 6098 6006
f 6070 6084 6085
f 8321 6138 6072
f 8387 8354 8362
f 8362 8329 8313
f 6066 6041 6137
f 6072 6117 8240
f 6155 6139 6075
f 6058 6057 6035
f 6067 6083 6171
f 6064 9799 6065
f 6093 6038 6060
f 6075 6139 6048
f 6079 6182 6039
f 6097 6123 6010
f 6007 6102 6074
f 6077 6043 6016
f 6096 6086 6056
f 6064 6065 6042
f 6088 6112 6063
f 6077 6101 6043
f 6072 8240 8249
f 6079 6001 6033
f 6047 6137 6110
f 6076 6073 6053
f 6031 6087 6088
f 6101 6081 6043
f 9922 6109 6024
f 9793 6068 6054
f 6073 8290 6062
f 6085 5992 6099
f 6016 6110 6077
f 6080 8313 8257
f 6070 6087 6031
f 6099 5992 6012
f 6016 6047 6110
f 6073 6061 6053
f 8240 6080 8257
f 6061 6073 6062
f 6049 6071 6060
f 6071 6049 6113
f 6088 6063 6017
f 6001 6079 6039
f 6137 6047 6066
f 6107 6134 6111
f 6042 6065 6055
f 6014 6074 6097
f 6109 6059 6024
f 6054 6068 6053
f 6059 6058 6035
f 9921 6081 6078
f 6068 9793 6092
f 6095 6068 6092
f 6053 6068 6076
f 6062 8290 8278
f 6010 6123 6003
f 6190 6152 6191
f 6153 6191 6152
f 6152 6117 6138
f 6045 6041 6066
f 8278 6051 6062
f 6025 6081 9921
f 6055 6021 6042
f 6061 6062 6051
f 6113 1617 1706
f 6040 6056 6052
f 6021 6055 9796
f 6073 6100 8332
f 6081 6025 6043
f 6021 6032 6042
f 1617 6113 6034
f 6002 6070 6031
f 6061 6051 6053
f 6089 6102 6036
f 6014 6007 6074
f 6040 6052 6019
f 6070 6002 6020
f 6041 6045 6009
f 6053 6051 6050
f 6030 6033 6001
f 5971 6001 6039
f 5999 6067 6056
f 6103 5957 5987
f 6063 6112 6075
f 6024 6059 6035
f 9922 6024 6022
f 6005 6067 5999
f 6102 6007 6036
f 6052 6064 6019
f 6044 6041 5967
f 6057 6067 6005
f 5967 6041 6009
f 6003 6044 5967
f 5999 6056 6040
f 6066 6047 5994
f 6083 6067 6057
f 6031 6088 6008
f 6008 6088 6017
f 6039 6006 5971
f 6066 5994 6045
f 6019 6064 6042
f 6007 6014 6011
f 6004 6005 5999
f 6013 6037 8260
f 6084 6070 6020
f 6063 6075 6018
f 6006 6089 6036
f 6009 6045 5995
f 6035 6057 6015
f 6034 6113 6049
f 6029 5987 5957
f 5948 6016 6043
f 6037 5998 6021
f 5982 6027 6010
f 5991 6037 6013
f 6000 6040 6019
f 6045 5994 5995
f 6026 6042 6032
f 6019 6042 6026
f 6086 6052 6056
f 6019 6026 6000
f 6038 6012 5909
f 6048 6103 5987
f 6013 8260 8226
f 6020 6085 6084
f 6003 6123 6044
f 6037 5991 5998
f 6034 6049 5968
f 6063 5986 6017
f 6024 6035 5964
f 6001 5927 6030
f 6023 6043 6025
f 6000 6026 5997
f 5975 6012 5992
f 6048 5987 6018
f 6031 6008 5912
f 6028 6027 5982
f 6047 6016 5942
f 6016 5948 5942
f 5992 6085 5954
f 5981 5999 6000
f 6000 5999 6040
f 5962 6060 6038
f 6060 5962 5968
f 5962 6038 5868
f 6005 6004 5989
f 6075 6048 6018
f 6008 6017 5984
f 6010 6003 5982
f 6025 9921 5974
f 5954 6085 5960
f 5953 6031 5912
f 5948 6043 5993
f 5993 6023 6025
f 6015 5964 6035
f 6005 5989 6015
f 5965 6028 5951
f 5967 6009 5985
f 6047 5942 5994
f 9891 6030 5927
f 5960 6085 6020
f 6063 6018 5986
f 6036 6007 6011
f 6017 5973 5984
f 5983 6004 5999
f 5923 5971 6006
f 5996 9894 5972
f 6025 5974 5980
f 6032 5998 5976
f 6024 5964 5966
f 6025 5980 5993
f 5927 6001 5971
f 9894 5990 5972
f 5979 6032 5976
f 5991 6013 5988
f 5956 5982 6003
f 6168 6171 9804
f 5963 5999 5981
f 6026 6032 5997
f 5982 5961 6028
f 5923 6006 6036
f 5942 5948 5904
f 6022 6024 5966
f 6013 8204 5988
f 5952 5989 6004
f 5997 5979 5981
f 5992 5954 5975
f 5963 5977 5999
f 5972 5990 5943
f 5968 6049 6060
f 5925 5960 6020
f 6011 6014 5965
f 5939 5974 6022
f 5979 5976 5970
f 5956 6003 5967
f 5950 5956 5967
f 5979 5997 6032
f 5952 6004 5983
f 5981 5979 5978
f 5959 5996 5972
f 5998 5991 9920
f 6012 5975 5909
f 5969 6015 5989
f 5963 5981 5978
f 5970 5978 5979
f 5925 6002 5953
f 5945 6034 5937
f 5841 6036 6011
f 5938 5998 9920
f 5973 5986 5882
f 5951 6028 5914
f 5972 5943 5944
f 5977 5952 5983
f 5976 5998 5938
f 5937 6034 5968
f 5950 5985 5958
f 6022 5966 5939
f 5977 5955 5952
f 6029 5957 5928
f 6097 6010 6027
f 5974 5919 5980
f 5940 5995 5994
f 5977 5963 5955
f 5986 6018 5929
f 5976 5938 5970
f 5949 5952 5947
f 5969 5989 5952
f 5911 5984 5973
f 5977 5983 5999
f 5961 5982 5924
f 5944 5959 5972
f 5963 5978 5955
f 5986 5929 5882
f 5940 5994 5942
f 5980 5919 5918
f 6002 6031 5953
f 6028 5961 5914
f 5931 5951 5914
f 6038 5909 5868
f 5950 5940 5922
f 5950 5958 5940
f 5948 5993 5890
f 6000 5997 5981
f 6018 5987 5913
f 5914 5961 5932
f 5964 6015 5969
f 5934 5970 5938
f 5897 5954 5960
f 5924 5956 5950
f 5978 5946 5955
f 5978 5970 5934
f 5953 5912 5941
f 5913 5987 6029
f 9891 5927 5892
f 5924 5982 5956
f 5904 5948 5890
f 5978 5934 5946
f 5947 5915 5949
f 5962 5868 5884
f 5968 5962 5884
f 5945 5861 5899
f 5920 5952 5949
f 5917 5965 5951
f 5936 5980 5918
f 5968 5908 5937
f 5975 5954 5897
f 5929 6018 5913
f 5932 5961 5924
f 5921 6029 5928
f 5924 5950 5888
f 5906 5933 5949
f 5900 9920 8114
f 5928 5957 5996
f 5964 5969 5901
f 5998 6032 6021
f 5920 5949 5933
f 5949 5915 5906
f 5934 5938 5930
f 5930 5938 5900
f 5915 5947 5926
f 5935 5946 5934
f 5910 5930 5900
f 6014 6028 5965
f 5950 5922 5877
f 5934 5930 5916
f 5973 5882 5859
f 5911 5973 5859
f 5944 5943 9892
f 5939 5966 5865
f 5902 5966 5964
f 5902 5964 5901
f 5935 5934 5907
f 5965 5917 5898
f 5927 5971 5887
f 5898 6011 5965
f 5888 5950 5877
f 5940 5942 5894
f 5934 5916 5910
f 5841 5923 6036
f 5912 6008 5984
f 5916 5930 5910
f 5907 5915 5926
f 5895 5925 5953
f 5921 5913 6029
f 5879 5841 6011
f 5907 5934 5910
f 9901 5959 5944
f 5933 5906 8121
f 5960 5925 5895
f 5921 5928 5866
f 5971 5923 5887
f 5886 9901 5944
f 8098 5920 5933
f 5886 5944 9892
f 5919 5905 5918
f 5892 5927 5887
f 5895 5953 5941
f 5903 5939 5865
f 5915 5907 5896
f 5909 5975 5837
f 5975 5897 5837
f 5909 5837 5868
f 5906 5915 8102
f 5883 5932 5867
f 5969 5920 5901
f 5874 5917 5951
f 5914 5932 5883
f 8102 5915 5893
f 5874 5951 5931
f 5942 5904 5894
f 8093 5907 5910
f 5910 5900 8093
f 5914 5883 5931
f 5901 5920 5870
f 5924 5885 5932
f 5889 5904 5890
f 5900 9919 8093
f 5899 5861 5891
f 5877 5922 5894
f 5893 5915 5896
f 5905 5880 5918
f 5884 5908 5968
f 5839 5984 5911
f 5866 5928 5848
f 5918 5880 5878
f 5865 5966 5902
f 5870 5920 8098
f 5900 5938 9920
f 5896 5907 8093
f 5912 5984 5839
f 5917 5863 5898
f 5878 5936 5918
f 5889 5894 5904
f 5896 8093 5869
f 5879 5898 5858
f 8076 8102 5871
f 5895 5897 5960
f 5831 5937 5908
f 5879 6011 5898
f 9892 5855 5886
f 5967 5985 5950
f 5833 5885 5888
f 5893 5876 5871
f 5893 5896 5860
f 5908 5884 5862
f 5921 5866 5825
f 5825 5913 5921
f 5892 5887 5847
f 6027 6028 6097
f 5888 5885 5924
f 8076 5871 5838
f 5823 5911 5859
f 5902 5901 5852
f 5893 5871 8102
f 5807 5941 5875
f 5833 5888 5877
f 5896 5869 5860
f 6015 6057 6005
f 5929 5913 5830
f 5894 5824 5864
f 5882 5929 5830
f 5824 5889 5890
f 5941 5912 5875
f 5824 5894 5889
f 5882 5830 5854
f 5877 5894 5864
f 5844 5890 5873
f 5903 5865 5872
f 5881 5892 5850
f 5840 5931 5883
f 5859 5882 5854
f 5875 5912 5839
f 5917 5874 5863
f 5883 5867 5840
f 5868 5837 5799
f 5856 5867 5885
f 5822 5884 5868
f 5880 5905 7980
f 5831 5908 5821
f 5885 5833 5819
f 5837 5897 5801
f 5839 5911 5823
f 5878 5880 7980
f 5825 5866 5792
f 5865 5902 5872
f 5833 5877 5864
f 5832 5878 7980
f 5838 5871 5843
f 5861 5835 5891
f 5887 5923 5845
f 5840 5867 5856
f 5861 5937 5835
f 5860 5869 5842
f 5886 5855 5808
f 5871 5876 5843
f 5808 5853 5886
f 9889 5881 5850
f 5824 5890 5844
f 5828 5864 5824
f 5858 5857 5814
f 5807 5895 5941
f 5876 5893 5860
f 5863 5874 5806
f 5801 5897 5895
f 5830 5913 5825
f 5855 9892 9893
f 5901 5870 8028
f 5835 5827 5891
f 5879 5858 5814
f 5846 5848 5836
f 5834 5856 5885
f 5834 5885 5819
f 5836 5851 9900
f 5826 5860 5842
f 5833 5864 5828
f 5850 5892 5847
f 5841 5879 5816
f 5835 5937 5804
f 5857 5863 5814
f 5826 5843 5876
f 5813 5826 5842
f 5891 5789 1438
f 5898 5863 5857
f 5806 5874 5840
f 5852 5901 7960
f 5845 5794 5887
f 5879 5814 5816
f 5803 5875 5839
f 5891 5827 5789
f 5845 5841 5816
f 5872 5902 5852
f 5847 5829 5850
f 5826 5876 5860
f 5822 5862 5884
f 9893 5766 5855
f 8054 5838 5820
f 5807 5801 5895
f 5855 5766 5808
f 5846 5836 5805
f 5811 5824 5844
f 5903 5872 5812
f 5799 5822 5868
f 5898 5857 5858
f 5866 5848 5792
f 9889 5850 5818
f 8005 8042 8034
f 5798 5807 5875
f 5792 5848 5846
f 5856 5788 5840
f 5813 5809 5826
f 5788 5856 5834
f 5843 5826 5809
f 5845 5816 5795
f 5816 5814 5815
f 5828 5824 5811
f 8054 5820 9911
f 5863 5806 5797
f 5783 5834 5819
f 5833 5828 5811
f 7960 5901 8028
f 9889 5818 5817
f 5806 5840 5788
f 5831 5821 5757
f 5839 5823 5772
f 5839 5772 5803
f 5843 5809 5820
f 8005 5813 8042
f 9902 7975 7980
f 5819 5833 5811
f 5908 5862 5821
f 5800 5831 5757
f 5779 1438 5789
f 5798 5875 5803
f 5863 5797 5814
f 5831 5804 5937
f 5756 5830 5825
f 9911 5820 5810
f 5820 5838 5843
f 8005 5809 5813
f 5859 5849 5823
f 9893 5778 5766
f 8024 8003 8011
f 8004 8011 7986
f 5814 5797 5790
f 5821 5862 5822
f 5779 5789 5738
f 5783 5819 5811
f 5810 5820 5809
f 5823 5849 5772
f 5810 5809 8005
f 5837 5768 5799
f 5814 5790 5776
f 5872 5852 5786
f 5827 5835 5750
f 5859 5759 5849
f 5788 5834 5787
f 5787 5834 5783
f 5821 5822 5780
f 5829 5794 5791
f 5815 5814 5776
f 5806 5788 5796
f 5812 5872 5786
f 5832 7980 7926
f 5801 5807 5770
f 5817 5818 9884
f 5818 5850 5829
f 5753 5815 5776
f 5783 5793 5787
f 9905 5812 5786
f 5832 7926 7976
f 5757 5821 5780
f 5804 5831 5800
f 5794 5845 5795
f 5837 5801 5768
f 5754 5827 5750
f 5790 5797 5784
f 5799 5768 5743
f 5818 5774 9884
f 5818 5829 5774
f 5795 5791 5794
f 5797 5806 5796
f 5835 5804 5730
f 5817 9884 5782
f 7989 7960 8028
f 5781 5802 5808
f 5795 5816 5760
f 5784 5797 5796
f 5780 5822 5799
f 5754 5789 5827
f 5794 5847 5887
f 5782 9884 5771
f 7938 5852 7960
f 5852 7938 5786
f 7850 7881 7905
f 5784 5785 5790
f 5854 5830 5741
f 5770 5807 5751
f 5791 5795 5748
f 5776 5790 5785
f 5752 5788 5793
f 5753 5776 5762
f 5874 5931 5840
f 5969 5952 5920
f 5747 5825 5792
f 5870 9908 8037
f 5770 5768 5801
f 5761 5776 5785
f 5804 5800 5730
f 5779 5738 5764
f 5738 5789 5731
f 5755 5793 5783
f 7883 9905 5786
f 5780 5799 5743
f 5787 5793 5788
f 5774 5829 5791
f 5773 5796 5752
f 5759 5854 5741
f 5742 9884 5774
f 5740 5807 5798
f 5751 5807 5740
f 5752 5796 5788
f 5845 5923 5841
f 5829 5847 5794
f 5763 5777 5802
f 5798 5803 5722
f 5782 5771 5767
f 5784 5796 5773
f 5783 9899 5755
f 5765 5775 5742
f 5762 5776 5761
f 5774 5791 5732
f 5835 5730 5750
f 5747 5792 5805
f 5773 5785 5784
f 5732 5791 5748
f 5830 5756 5741
f 5769 5766 5778
f 5739 5731 5789
f 5781 5808 5766
f 5752 5793 5755
f 5781 5766 5769
f 5723 5760 5753
f 5849 5727 5772
f 5816 5815 5753
f 5772 5727 5715
f 5744 5761 7899
f 5735 5761 5744
f 5772 5746 5722
f 5746 5772 5715
f 5729 5781 5769
f 5774 5732 5742
f 5777 5805 9900
f 5745 5771 5765
f 5730 5800 5757
f 5803 5772 5722
f 9897 5752 5755
f 5771 5711 5696
f 5760 5816 5753
f 5745 5711 5771
f 5759 5741 5674
f 5773 5752 9897
f 5739 5754 5720
f 5723 5753 5733
f 5792 5846 5805
f 5759 5674 5727
f 5730 5757 5780
f 5734 5763 5781
f 5732 5760 5724
f 5749 5762 5735
f 5760 5732 5748
f 5761 5735 5762
f 5721 5770 5751
f 5718 5767 5696
f 5767 5771 5696
f 5760 5748 5795
f 5773 9897 9898
f 5740 5798 5722
f 5849 5759 5727
f 5736 5767 5718
f 5750 5730 5704
f 5737 5765 5742
f 5709 5769 5726
f 5733 5753 5762
f 5754 5750 5704
f 5734 5781 5729
f 5720 5754 5704
f 5723 5724 5760
f 7878 5744 7899
f 5747 5805 5719
f 5768 5721 5743
f 5721 5751 5712
f 9898 9896 5773
f 9897 5755 9899
f 5745 9886 5708
f 5705 5777 5763
f 9886 5745 5765
f 5721 5768 5770
f 5737 5742 5728
f 5733 5762 5749
f 5691 9886 5737
f 5677 5741 5756
f 5706 5735 5744
f 5780 5707 5730
f 5756 5825 5747
f 5764 5738 1339
f 5740 5712 5751
f 5706 5749 5735
f 7846 5744 7878
f 5691 5737 9885
f 5705 5805 5777
f 5729 5698 5714
f 5698 5729 5709
f 5763 5802 5781
f 5729 5769 5709
f 5728 5742 5725
f 5676 5747 5719
f 5700 5708 5691
f 5674 5741 5677
f 5736 5718 5686
f 5747 5676 5701
f 5724 5717 5732
f 5723 5733 5703
f 5705 5763 5734
f 5713 5705 5734
f 5712 5740 5716
f 5674 5663 5727
f 5719 5805 5705
f 5707 5743 5690
f 5725 5732 5717
f 5686 5718 5696
f 5756 5747 5688
f 5738 5731 5692
f 5713 5734 5729
f 9890 5709 5726
f 5678 5720 5704
f 5681 5739 5720
f 5739 5681 5697
f 5682 5708 5685
f 5704 5730 5689
f 5745 5682 5711
f 5688 5747 5701
f 5702 5749 5706
f 5743 5721 5690
f 5716 5740 5722
f 5727 5663 5715
f 1339 5738 5692
f 5662 5731 5739
f 5706 5744 7846
f 5780 5743 5707
f 5733 5749 5703
f 5694 5677 5756
f 5717 5671 5725
f 5986 5973 6017
f 5707 5690 5730
f 5925 6020 6002
f 5694 5756 5688
f 5683 5676 5719
f 5699 5728 5725
f 5683 5719 5705
f 5724 5723 5717
f 5708 5700 5675
f 5695 5691 9885
f 5678 5704 5689
f 5859 5854 5759
f 5644 5705 5713
f 5696 5711 5682
f 5731 5662 5692
f 5674 5677 5643
f 5679 5706 7862
f 5675 5685 5708
f 5699 5725 5687
f 5723 5693 5717
f 5706 5679 5702
f 5725 5671 5687
f 5683 5705 5644
f 5732 5725 5742
f 5709 9890 5698
f 5684 5749 5702
f 5739 5697 5662
f 5695 9885 5699
f 5730 5690 5689
f 5716 5611 5656
f 5641 1339 5692
f 5717 5693 5670
f 5650 5696 5682
f 5671 5717 5680
f 5678 5681 5720
f 5681 5667 5697
f 5713 5729 5714
f 5672 5700 5691
f 5678 5667 5681
f 5712 5716 5656
f 1339 5641 5710
f 5698 9890 5673
f 5686 5696 5645
f 5672 5691 5695
f 5723 5703 5693
f 5736 5686 5651
f 5611 5716 5746
f 5645 5696 5650
f 5651 5686 5645
f 5668 5699 5687
f 5648 5682 5685
f 5666 5699 5668
f 5746 5716 5722
f 5695 5699 5666
f 5679 7862 7816
f 5684 5679 5665
f 5676 5683 5661
f 9895 5700 5672
f 5721 5712 5616
f 5643 5677 5694
f 5715 5663 5659
f 5682 5648 5650
f 5689 5690 5636
f 5721 5616 5690
f 5642 5667 5678
f 5664 5679 7816
f 5665 5679 5664
f 5678 5689 5655
f 5641 5692 5658
f 5692 5662 5658
f 5694 5688 5610
f 5616 5636 5690
f 5635 5685 5675
f 5701 5610 5688
f 5611 5746 5564
f 5661 5683 5626
f 5662 5697 5622
f 5622 5658 5662
f 5663 5674 5653
f 5684 5693 5703
f 5684 5703 5749
f 5693 5684 5670
f 5674 5643 5653
f 5670 5665 5660
f 5712 5656 5616
f 5648 5685 5635
f 5668 5687 5627
f 5695 5666 5657
f 5655 5689 5629
f 5746 5659 5564
f 5670 5684 5665
f 5678 5655 5642
f 5669 5640 5597
f 5673 5669 5597
f 5630 5635 5675
f 5672 5695 5657
f 5666 5631 5657
f 5680 5646 5654
f 5702 5679 5684
f 5652 5644 5713
f 5682 5745 5708
f 5649 5652 5714
f 5630 5675 5628
f 5717 5670 5680
f 5609 5701 5661
f 5589 5736 5651
f 5671 5680 5654
f 5697 5667 5622
f 5636 5633 5629
f 5636 5629 5689
f 5714 5673 5649
f 5652 5713 5714
f 5639 5631 5666
f 5694 5610 5643
f 5683 5644 5626
f 5639 5666 5627
f 5627 9888 5639
f 5665 5664 5660
f 5673 5714 5698
f 5672 5632 5647
f 5627 5687 5638
f 5610 5701 5609
f 5667 5620 5622
f 5592 5687 5671
f 5687 5600 5638
f 5660 5646 5670
f 5626 5644 5652
f 5676 5661 5701
f 5630 5628 9882
f 5687 5592 5600
f 5598 5655 5629
f 5594 5628 9895
f 5632 5672 5657
f 5583 5646 7752
f 5661 5626 5606
f 5666 5668 5627
f 5667 5642 5620
f 5651 5645 5624
f 5594 9895 5647
f 5657 5580 5587
f 5657 5618 5580
f 5619 5649 5673
f 5625 9888 5627
f 7752 5646 5637
f 5608 5648 5635
f 5671 5654 5592
f 5645 5650 5614
f 5673 5597 5619
f 5651 5624 5589
f 5618 5657 5631
f 5610 5607 5643
f 5645 5614 5624
f 5673 9890 5669
f 5632 5657 5587
f 5631 5571 5618
f 5655 5595 5642
f 7796 7795 7816
f 5606 5609 5661
f 5626 5652 5649
f 5646 5680 5670
f 5637 5646 5660
f 5660 7780 5637
f 5660 5664 7780
f 5656 5578 5616
f 5641 5658 5558
f 5617 5634 9888
f 5658 5622 5613
f 5558 5575 5641
f 9664 5621 5557
f 5612 5647 5632
f 5655 5598 5595
f 5571 5604 5618
f 5607 5610 5573
f 5558 5658 5517
f 5623 9663 5588
f 5653 5643 5607
f 5578 5656 5611
f 5609 5606 5603
f 5599 5612 5632
f 5611 5564 5596
f 5615 5641 5575
f 5658 5613 5517
f 5570 9663 9664
f 9888 5591 5617
f 9888 5625 5591
f 5623 5588 5593
f 5631 5639 5634
f 9888 5634 5639
f 5548 5608 5635
f 5618 5604 5580
f 5636 5616 5578
f 5633 5636 5578
f 5594 5612 9881
f 5557 5621 5551
f 5586 5634 5617
f 5627 5579 5625
f 5591 5574 5617
f 5659 5585 5564
f 5606 5626 5581
f 5638 5600 5569
f 5587 5599 5632
f 5571 5634 5586
f 5622 5590 5613
f 5592 5654 5566
f 5597 5640 5602
f 5611 5582 5578
f 5619 5597 5563
f 5640 5589 5602
f 5577 5628 5594
f 5615 5575 5576
f 5548 5630 5572
f 5580 5604 5601
f 5659 5746 5715
f 5594 5647 5612
f 5654 5583 5566
f 5563 5649 5619
f 5556 5617 5574
f 5600 5592 5569
f 5654 5646 5583
f 5585 5659 5653
f 5583 7752 7719
f 5534 5599 5587
f 5598 5633 5547
f 5580 5601 5545
f 5590 5549 5555
f 5542 5591 5625
f 5630 9882 5524
f 5587 5553 5534
f 5624 5560 5589
f 5542 5625 5579
f 5549 5595 5530
f 5620 5595 5549
f 5609 5573 5610
f 5582 5611 5596
f 5561 5553 5587
f 5550 5592 5566
f 5597 5602 5543
f 5578 5582 5540
f 5535 5626 5649
f 5605 5623 5562
f 5535 5649 5563
f 5563 5597 5543
f 5572 5630 5524
f 5569 5592 5550
f 5567 5589 5560
f 5579 5569 5541
f 5650 5648 5608
f 5577 5594 5529
f 9883 5577 5529
f 5565 5604 5536
f 5623 5593 5562
f 5566 5583 7719
f 5598 5629 5633
f 5560 5624 5614
f 7028 5575 5558
f 5602 5589 5567
f 5601 5604 5565
f 5575 7028 5576
f 5614 5650 7029
f 5529 5594 9881
f 5601 5565 5526
f 5539 5573 5609
f 5601 5526 5545
f 5585 5653 5521
f 5535 5581 5626
f 5596 5564 5585
f 5620 5642 5595
f 5614 7029 5560
f 5522 5570 5557
f 5531 5548 5572
f 5588 5570 5522
f 5546 5586 5617
f 5568 5579 5541
f 5544 5608 5548
f 5612 5599 5554
f 5550 5566 7686
f 5580 5545 5561
f 7022 5574 5591
f 5542 5579 5568
f 5653 5607 5537
f 5653 5537 5521
f 5613 5590 5519
f 5555 5549 5516
f 5588 5522 5593
f 5582 5596 5525
f 5595 5598 5547
f 5514 5603 5606
f 5581 5514 5606
f 5568 5541 9084
f 7022 5591 5542
f 5584 7009 5523
f 5607 5559 5537
f 5599 5534 5512
f 5541 5550 5552
f 5607 5573 5559
f 5627 5569 5579
f 7013 5568 9084
f 5567 5560 5532
f 5571 5586 5546
f 5596 5585 5525
f 5517 5613 6988
f 5540 5582 7010
f 5609 5603 5539
f 6988 5613 5519
f 5604 5571 5536
f 5556 5546 5617
f 5602 5567 5532
f 5572 5524 5531
f 5561 5545 7012
f 5561 5587 5580
f 5538 5593 5522
f 5559 5573 5539
f 5602 5532 5543
f 5562 5593 5538
f 1248 5527 5533
f 5590 5622 5620
f 5590 5620 5549
f 7021 5574 7022
f 5578 5540 6995
f 5578 6995 5547
f 5513 5548 5531
f 5561 7012 6986
f 5532 5560 7029
f 5552 5550 7686
f 7023 5576 7028
f 5519 5555 5516
f 5530 5547 6975
f 5571 5631 5634
f 5530 5595 5547
f 5557 5551 7025
f 5528 5546 6981
f 5515 5535 5563
f 7029 5608 5544
f 7010 5582 5525
f 5519 5590 5555
f 7004 5523 7014
f 5568 7022 5542
f 5540 7027 6995
f 1248 7023 5527
f 5561 6986 5553
f 7018 5556 5574
f 5538 5522 7017
f 6982 5530 6975
f 5511 7020 7013
f 7026 5539 5514
f 5549 5530 5516
f 7024 5565 5536
f 7027 5540 7010
f 5527 7023 6992
f 7029 5650 5608
f 5558 5517 7015
f 5522 7025 7017
f 5519 5516 5520
f 5543 5515 5563
f 7028 5558 7015
f 6967 5529 9881
f 5512 5534 5553
f 5517 6988 7015
f 7012 5526 6979
f 9084 5511 7013
f 6975 5547 7007
f 6991 7029 5544
f 6981 5546 5556
f 7022 5568 7013
f 7014 5523 7009
f 7011 6979 5526
f 5581 5518 5514
f 5544 5548 5513
f 5547 6995 7007
f 6980 5581 5535
f 6973 5531 5524
f 7019 7025 5551
f 7024 7011 5565
f 5545 5526 7012
f 5512 5554 5599
f 5537 5559 6940
f 7026 5559 5539
f 5633 5578 5547
f 5514 5539 5603
f 5530 7016 5520
f 6938 6940 6958
f 6961 6958 7002
f 6916 6794 6930
f 5653 5659 5663
f 5548 5635 5630
f 5543 5532 6996
f 7023 1248 5576
f 5543 6970 5515
f 5513 6991 5544
f 5551 1240 7019
f 7029 6984 5532
f 6994 9883 5529
f 6994 5529 6967
f 6967 9881 7005
f 5512 6987 5554
f 5553 6977 5512
f 5536 5528 7024
f 5512 6977 6987
f 6997 6993 6931
f 7018 6981 5556
f 5546 5528 5536
f 7018 5574 7021
f 6997 6931 6981
f 5546 5536 5571
f 7013 6999 7022
f 7020 7008 7013
f 8964 8963 8929
f 9090 9084 5541
f 9064 9033 9028
f 5506 5502 7038
f 5490 5506 7036
f 9878 7035 7037
f 7030 7666 7637
f 9878 5462 7035
f 5495 7036 5500
f 5509 7042 7031
f 7042 7055 7031
f 5497 5494 7031
f 5480 5493 7037
f 5490 7036 5495
f 5487 5505 7042
f 5501 7034 5502
f 5504 7048 5508
f 5508 7030 7637
f 5506 5503 5502
f 5505 5473 7033
f 7042 5509 5492
f 5499 5497 7031
f 5475 5499 7035
f 5500 7040 5485
f 5482 5509 5494
f 5486 5504 5508
f 5476 5495 5500
f 5496 5498 5501
f 5473 5489 7033
f 5473 5505 5487
f 9878 7037 5493
f 5503 5496 5502
f 5501 5502 5496
f 5502 7034 7038
f 5455 5507 5504
f 7666 7644 7637
f 7040 5481 5485
f 5496 5503 5474
f 5490 5491 5503
f 5485 5476 5500
f 5495 5483 5490
f 5475 5462 5453
f 5489 5473 5454
f 5455 5480 5507
f 5490 5483 5491
f 5413 5504 5486
f 5486 5508 5488
f 5508 7637 5488
f 7040 5489 5465
f 5487 5492 5484
f 5494 5497 5457
f 5503 5491 5474
f 5506 5490 5503
f 5481 7040 5465
f 5472 5483 5495
f 5477 5450 5483
f 5464 5509 5482
f 5457 5497 5475
f 5488 7637 5479
f 5487 5484 5459
f 7617 7622 7614
f 7652 7629 7626
f 9121 9101 9127
f 9874 9878 5461
f 5478 5483 5472
f 5495 5476 5472
f 5473 5487 5459
f 5450 5491 5483
f 5477 5483 5478
f 5493 5480 5463
f 5484 5492 5445
f 5491 5450 5474
f 5499 5475 5497
f 5475 5453 5466
f 5480 5455 5463
f 5492 5464 5456
f 5474 5468 5496
f 7042 5492 5487
f 5486 5488 5458
f 5454 5465 5489
f 5481 5465 5467
f 5509 7031 5494
f 9880 5493 5463
f 5485 5481 5440
f 5464 5482 5449
f 5449 5482 5470
f 5488 5479 5452
f 5469 5474 5451
f 7033 7032 5505
f 5474 5469 5471
f 5436 5474 5450
f 5485 5440 5434
f 5454 5473 5448
f 5470 5494 5429
f 9880 5463 9879
f 5468 5474 5471
f 1113 5496 5468
f 5504 5413 5455
f 5428 5472 5476
f 5471 5469 5460
f 9879 5463 5455
f 5452 5479 7613
f 5475 7035 5462
f 5419 5475 5466
f 5458 5488 5452
f 5471 5460 5446
f 5428 5478 5472
f 5444 9874 5461
f 5465 5439 5467
f 5492 5509 5464
f 5429 5494 5457
f 5478 5443 5477
f 5451 5474 5436
f 5475 5419 5457
f 5447 1022 5468
f 5450 5431 5436
f 5477 5443 5450
f 5410 5484 5445
f 7586 7571 7547
f 7657 7653 7644
f 5460 5451 5432
f 5442 5465 5454
f 5444 5461 5404
f 5468 5471 5447
f 5448 5473 5459
f 5447 5471 5446
f 5467 5439 5433
f 5445 5492 5456
f 5470 5482 5494
f 9879 5455 5413
f 5378 5462 9874
f 5442 5454 5448
f 5466 5453 5378
f 5443 5478 5422
f 5478 5441 5422
f 5453 5462 5378
f 5458 5452 5397
f 5414 9879 5413
f 5438 5456 5464
f 5411 5467 5433
f 5438 5464 5437
f 5413 5486 5458
f 5431 5450 5443
f 5448 5459 5416
f 5397 5452 7572
f 5440 5481 5411
f 5484 5410 5420
f 7605 1070 1011
f 5426 5460 5432
f 5418 5446 5460
f 5424 5460 5426
f 5478 5428 5441
f 5378 9874 5391
f 5476 5485 5434
f 5476 5434 5428
f 5466 5378 5430
f 5418 5460 5424
f 5418 5435 5446
f 5431 5443 5405
f 5484 5420 5459
f 5438 5445 5456
f 5413 5458 5397
f 7605 7612 1070
f 5443 5422 5405
f 5438 5437 5425
f 5398 5437 5464
f 5398 5464 5449
f 5382 5436 5431
f 5421 5440 5411
f 5428 5415 5441
f 5419 5429 5457
f 5436 5382 5392
f 5481 5467 5411
f 5423 5470 5401
f 5470 5429 5401
f 5406 5432 5392
f 5402 5445 5438
f 5427 5437 5398
f 5428 5434 5412
f 5395 5442 5416
f 5449 5470 5375
f 5432 5406 5409
f 5375 5470 5423
f 5421 5412 5434
f 7605 1011 7581
f 5419 5466 5394
f 5402 5438 5376
f 5437 5427 5425
f 5398 5449 5375
f 5429 5419 5400
f 5394 5466 5430
f 5426 5432 5409
f 5442 5448 5416
f 5379 5422 5441
f 5451 5436 5392
f 5451 5392 5432
f 5373 5418 5424
f 5379 5441 5415
f 5416 5390 5355
f 5426 5407 5373
f 5370 5426 5409
f 5424 5426 5373
f 5459 5420 5390
f 5416 5459 5390
f 5439 5442 5364
f 5433 5396 5399
f 5356 5376 5438
f 5425 5356 5438
f 5426 5370 5407
f 5414 5413 5380
f 5409 5406 5369
f 5421 5411 5362
f 5411 5393 5362
f 5388 5423 5401
f 5396 5439 5364
f 5429 5400 5403
f 5388 5401 5429
f 5408 5421 5362
f 5395 5364 5442
f 5410 5445 5402
f 5444 5404 9875
f 5382 5431 5405
f 5387 5417 5359
f 5378 5391 5335
f 5380 5413 5397
f 5382 5405 5422
f 5367 5407 5370
f 5393 5417 5387
f 5386 5420 5410
f 7050 5499 7055
f 5392 5382 5311
f 5352 5395 5355
f 5423 5341 5375
f 872 5418 5340
f 5377 5422 5389
f 5361 5427 5398
f 5425 5427 5361
f 5434 5440 5421
f 5385 5428 5412
f 5357 5410 5402
f 5371 5423 5388
f 5419 5394 5381
f 5418 5373 5340
f 5380 5397 7559
f 5389 5379 5342
f 5425 5361 5356
f 5384 5429 5403
f 7572 7559 5397
f 5388 5429 5384
f 5368 5414 5363
f 5412 5421 5408
f 5365 5394 5430
f 5335 5430 5378
f 5415 5428 5385
f 5366 5402 5376
f 5371 5388 5344
f 5406 5392 5383
f 5392 5311 5383
f 5363 5414 5380
f 7534 5423 5371
f 5373 5407 5360
f 5360 5407 5367
f 5395 5352 5343
f 7534 5341 5423
f 5403 5400 5348
f 5377 5382 5422
f 5389 5422 5379
f 5342 5379 5358
f 5340 5373 5292
f 5377 5372 5382
f 5351 5345 5406
f 5364 5395 5343
f 5335 5391 5331
f 5386 5410 5357
f 5330 5376 5356
f 5310 5398 5375
f 5322 5412 5408
f 5387 5359 5337
f 5396 5353 5399
f 5409 5369 5354
f 5379 5415 5307
f 5396 5364 5353
f 5388 5384 5344
f 5416 5355 5395
f 5320 5381 5394
f 5411 5433 5417
f 5364 5343 5327
f 5331 5391 5293
f 5315 5398 5310
f 5400 7544 5348
f 5370 5409 5354
f 5366 5357 5402
f 5367 5370 5354
f 5363 7559 5349
f 5311 5382 5372
f 5415 5385 5307
f 5351 5406 5383
f 5377 5389 5342
f 5361 5398 5315
f 5344 5333 5371
f 5307 5385 5322
f 7546 5348 7544
f 5338 5408 5317
f 5325 5373 5360
f 5292 5373 5325
f 5322 5408 5338
f 5408 5362 5317
f 5365 5430 5335
f 5302 5383 5311
f 5301 5386 5357
f 7524 7534 5371
f 5362 5393 5387
f 5369 5406 5345
f 5346 5361 5315
f 5384 5403 5348
f 5328 5379 5307
f 5347 5352 5355
f 5336 5362 5387
f 5420 5386 5390
f 5346 5356 5361
f 7581 5303 5374
f 5351 5383 5350
f 5358 5379 5328
f 5313 5386 5301
f 5363 5380 7559
f 5367 5354 5321
f 5333 7524 5371
f 5400 5419 5381
f 5355 5390 5347
f 5345 5351 5350
f 5329 5345 5350
f 5304 5386 5313
f 5374 7605 7581
f 5369 5345 5329
f 5336 5387 5337
f 5356 5346 5326
f 5343 5347 5332
f 5381 5320 7541
f 5385 5412 5322
f 5334 5367 5321
f 5324 5369 5329
f 5330 5356 5326
f 5339 5366 5316
f 5316 5366 5376
f 5349 7559 7538
f 5354 5369 5324
f 5372 5377 5323
f 5328 5319 5358
f 5342 5358 5319
f 5310 5375 5341
f 5302 5275 5383
f 5327 5343 5332
f 5312 5365 5335
f 5383 5275 5350
f 7514 5384 5348
f 5314 5323 5377
f 5346 5315 5300
f 5348 7546 7526
f 5317 5362 5285
f 5306 5344 5384
f 5320 5365 5312
f 5372 5323 5311
f 5376 5330 5316
f 5329 5296 5324
f 5270 5364 5327
f 5343 5352 5347
f 5323 5314 5287
f 5353 5364 5270
f 5333 5297 5305
f 7541 5320 5271
f 5337 5353 5299
f 5299 5336 5337
f 5269 5330 5326
f 5360 5367 5334
f 5332 5347 5298
f 5384 7514 5306
f 5346 5300 5326
f 5309 5331 5318
f 5277 5307 5322
f 5308 5321 5354
f 5325 5360 5334
f 5342 5319 5314
f 5235 5313 5301
f 5315 5310 5291
f 5365 5320 5394
f 7524 5333 5305
f 5362 5336 5285
f 5333 5344 5297
f 5329 5350 5296
f 5298 5347 5304
f 5297 5344 5306
f 5311 5323 5302
f 5310 5341 5291
f 7519 5291 5341
f 7513 7519 7534
f 7513 7534 7524
f 7615 5374 7576
f 5277 5322 5338
f 5312 5271 5320
f 5354 5262 5308
f 5328 5278 5319
f 5321 5267 5334
f 5251 5325 5334
f 5321 5308 5267
f 5248 5316 5330
f 7514 5348 7526
f 5285 5336 5299
f 5303 7581 817
f 5335 5309 5312
f 5357 5366 5301
f 5301 5366 5339
f 5280 5326 5300
f 5292 5325 5274
f 5317 5285 5223
f 5300 5315 5294
f 5325 5251 5274
f 5339 5235 5301
f 5278 5328 5307
f 5338 5317 5223
f 5262 5354 5324
f 5314 5319 5266
f 5465 5442 5439
f 5396 5433 5439
f 5270 5295 5353
f 5309 7498 5312
f 5341 7534 7519
f 5287 5314 5286
f 5307 5277 5279
f 5309 5335 5331
f 5309 5318 7498
f 5318 5331 5293
f 7508 9877 5349
f 5347 5390 5304
f 5273 5332 5298
f 5248 5330 5269
f 7526 7521 7514
f 7507 7524 5305
f 5223 5288 5338
f 9877 7508 5290
f 5277 5338 5288
f 5303 817 5272
f 5306 7514 7505
f 5293 5290 5318
f 5266 5286 5314
f 5307 5279 5278
f 5257 5292 5274
f 5295 5299 5353
f 5270 5327 5284
f 5234 5272 817
f 5282 5304 5313
f 5313 5235 5281
f 5261 5350 5275
f 5302 5323 5276
f 5304 5282 5298
f 5282 5313 5281
f 5261 5296 5350
f 5267 5283 5334
f 5275 5302 5276
f 5243 5278 5279
f 5326 5252 5269
f 5299 5222 5229
f 5327 5273 5284
f 5296 5262 5324
f 5315 5289 5294
f 5280 5294 5263
f 5291 7509 5238
f 5222 5299 5265
f 5304 5390 5386
f 5263 5294 5289
f 5268 5295 5270
f 5327 5332 5273
f 5208 5285 5229
f 5285 5299 5229
f 5204 5316 5248
f 5276 5323 5287
f 5291 7519 7509
f 5251 5334 5283
f 5290 7508 7500
f 5252 5280 5263
f 5289 5291 5238
f 5319 5278 5266
f 5243 5279 5242
f 5265 5299 5264
f 5273 5298 5282
f 5342 5314 5377
f 5231 5277 5288
f 5271 5312 5173
f 5308 5262 5259
f 5236 5261 5275
f 5276 5287 5246
f 5223 5285 5208
f 5183 5339 5316
f 5252 5228 5269
f 5238 5239 5289
f 5274 5251 5249
f 5281 5235 5220
f 5244 5287 5286
f 5295 5268 5264
f 5312 7498 5250
f 5232 5262 5260
f 7490 5271 5173
f 5279 5277 5206
f 5265 5264 5221
f 5205 5206 5277
f 5173 5312 5250
f 5260 5261 5253
f 5300 5294 5280
f 5267 5258 5283
f 5262 5296 5261
f 5248 5269 5228
f 9163 9183 9181
f 5240 5260 5253
f 5236 5209 5261
f 5258 5308 5259
f 5339 5183 5235
f 5228 5252 5263
f 5240 5253 5256
f 9878 9874 5462
f 5266 5278 5243
f 5254 5259 5224
f 5258 5259 5254
f 5262 5232 5259
f 5262 5261 5260
f 5270 5284 5184
f 5272 5234 5233
f 5417 5393 5411
f 5259 5241 5224
f 5253 5261 5209
f 5246 5287 5172
f 5244 5172 5287
f 5286 5266 5197
f 697 5198 5255
f 5273 5282 5245
f 5195 5274 5249
f 5236 5275 5276
f 5240 5227 5260
f 5253 5209 5256
f 5238 5237 5239
f 5267 5308 5258
f 5259 5232 5241
f 5209 5236 5194
f 5245 5282 5179
f 5226 5228 5263
f 5234 817 5255
f 5196 5258 5254
f 5243 5242 5191
f 5205 5277 5231
f 5239 5226 5263
f 5236 5276 5246
f 5163 5220 5235
f 5187 5236 5246
f 5226 5239 5237
f 5282 5281 5193
f 5326 5280 5252
f 5225 5237 5238
f 5177 5250 7498
f 5263 5289 5239
f 5315 5291 5289
f 5172 5185 5246
f 5163 5235 5199
f 7495 5233 5202
f 5283 5258 5196
f 5195 5249 5201
f 5218 5240 5256
f 5266 5243 5191
f 5188 5286 5197
f 5199 5235 5183
f 7494 7491 7484
f 5224 5241 5207
f 5251 5283 5249
f 5177 7498 7468
f 7491 7494 5202
f 7498 5247 7468
f 5227 5207 5241
f 5187 5246 5185
f 5268 5270 5184
f 5241 5232 5227
f 5227 5240 5218
f 5172 5244 5189
f 5117 5208 5229
f 5179 5282 5193
f 5190 5225 5213
f 9868 7491 5217
f 5184 5284 5245
f 5193 5281 5220
f 5217 7491 5147
f 5163 5200 5220
f 5216 5215 5213
f 5210 5227 5218
f 5185 5180 5187
f 5204 5248 5228
f 5213 7488 5216
f 5214 5254 5224
f 7488 5213 7487
f 5227 5210 5212
f 5256 5209 5218
f 5189 5244 5188
f 5237 5225 5190
f 5211 5213 5215
f 5126 5268 5161
f 9870 9868 5217
f 5210 5218 5181
f 5197 5266 5191
f 9860 5229 5222
f 5283 5196 5167
f 5168 5207 5227
f 5189 5188 5178
f 5244 5286 5188
f 5204 5228 5154
f 9634 5198 5219
f 5216 7485 7480
f 5181 5218 5194
f 5165 5188 5197
f 5197 5191 5165
f 5175 5208 5117
f 5193 5220 5174
f 5226 5154 5228
f 5207 5214 5224
f 5192 5207 5168
f 5161 5268 5184
f 5245 5179 5130
f 5249 5283 5167
f 5162 5206 5205
f 5205 5231 5118
f 5203 5217 5158
f 5212 5210 5170
f 5194 5218 5209
f 5179 5193 5186
f 5234 5255 5082
f 9868 7484 7491
f 5254 5214 5182
f 5149 5212 5170
f 5176 5194 5236
f 5220 5200 5174
f 5186 5193 5174
f 5213 5225 7487
f 5158 5217 5147
f 5147 7491 5202
f 5202 5233 5147
f 5168 5212 5160
f 5210 5181 5170
f 5225 7493 7487
f 7486 7487 7482
f 5215 5216 7480
f 5215 7480 5171
f 5214 5207 5192
f 5190 5211 5139
f 5165 5178 5188
f 5137 5174 5200
f 5158 5105 5203
f 5196 5254 5182
f 5168 5227 5212
f 5181 5194 5176
f 5184 5245 5130
f 7464 7480 7477
f 5212 5149 5160
f 5187 5180 5176
f 5180 5185 5169
f 5165 5191 5131
f 5233 5234 5082
f 5172 5189 5152
f 5176 5180 5159
f 5211 5215 5171
f 5176 5236 5187
f 5203 9867 5217
f 5182 5214 5166
f 9860 5117 5229
f 5140 5132 674
f 5190 5154 5237
f 5237 5154 5226
f 5141 5192 5168
f 5231 5175 5118
f 5186 5174 5157
f 9867 5203 5105
f 5171 7480 5156
f 5167 5196 5182
f 5152 5185 5172
f 5169 5185 5152
f 5288 5223 5175
f 5109 7484 9870
f 5146 5182 5166
f 5170 9873 5149
f 5163 5142 5136
f 5211 5190 5213
f 5163 5136 5200
f 5157 5174 5164
f 5142 5163 5199
f 9633 674 5132
f 5155 5201 5249
f 5167 5182 5155
f 5178 5165 9871
f 5131 5191 5206
f 5135 5150 5171
f 5135 5171 5156
f 5141 5168 5160
f 5242 5206 5191
f 5145 5199 5183
f 5164 5174 5137
f 5198 5050 5082
f 5150 5144 5171
f 5169 5152 9872
f 9871 5165 5151
f 5161 5184 5130
f 5255 5198 5082
f 5156 7480 7464
f 5152 5189 5178
f 9871 5152 5178
f 5145 5183 5204
f 5144 5139 5211
f 5166 5143 5146
f 5155 5182 5146
f 5128 5169 9872
f 5173 5250 5177
f 5159 5138 9873
f 5159 5180 5153
f 5152 9871 9872
f 5279 5206 5242
f 5070 5117 9860
f 5157 5179 5186
f 5158 5147 5062
f 5085 5205 5118
f 5145 5204 5154
f 5154 5190 5139
f 5062 5084 5158
f 5104 5169 5128
f 5119 5165 5131
f 5151 5165 5119
f 5114 5129 5135
f 5144 5150 5115
f 5160 5149 5125
f 5149 9873 5138
f 5124 5151 5119
f 5102 5175 5117
f 5149 5138 5121
f 5156 7464 5113
f 7454 5173 5177
f 9872 5127 5128
f 5112 5140 5148
f 5206 5162 5071
f 5245 5284 5273
f 5136 5142 5093
f 5142 5145 5123
f 5112 5132 5140
f 5141 5160 5125
f 5166 5192 5141
f 5153 5133 5159
f 5133 5153 5120
f 5153 5104 5086
f 5223 5208 5175
f 5164 5137 5101
f 9866 5144 5116
f 5233 5062 5147
f 5134 5149 5121
f 5129 5115 5150
f 5135 5129 5150
f 5166 5141 5143
f 5070 5102 5117
f 5095 9860 9862
f 5100 5157 5164
f 5093 5142 5123
f 5134 5122 5125
f 5134 5121 5122
f 5118 5175 5068
f 5100 5077 5157
f 5130 5157 5087
f 5145 5142 5199
f 5123 5145 5154
f 5116 5144 5115
f 5056 9869 5039
f 5114 5135 5113
f 5070 9860 5095
f 5183 5316 5204
f 5062 5233 5082
f 5144 5211 5171
f 5113 5135 5156
f 5122 5103 5125
f 5099 5122 5121
f 5099 5121 5133
f 5121 5138 5133
f 5127 5124 5119
f 5108 5132 5112
f 570 5143 5125
f 5054 5104 5128
f 5105 5158 5084
f 5103 5106 5125
f 5143 5141 5125
f 5120 5153 5086
f 5130 5179 5157
f 5131 5088 5119
f 5127 5119 5088
f 5118 5068 5085
f 5164 5101 5100
f 5116 5115 5004
f 5120 5099 5133
f 5039 9869 5107
f 9867 5105 5096
f 5106 5103 5080
f 570 5125 5106
f 9866 5116 5083
f 9869 5111 5107
f 5115 5129 5049
f 5103 5122 5065
f 5054 5128 5090
f 9861 5230 5126
f 5137 5136 5093
f 5129 5114 5089
f 5076 5103 5065
f 5065 5122 5091
f 5071 5131 5206
f 5085 5162 5205
f 5094 5161 5130
f 5157 5077 5087
f 5105 5084 5096
f 5050 5079 5051
f 5043 5175 5102
f 597 5112 5148
f 5103 5076 5066
f 5080 5103 5066
f 5091 5122 5099
f 5153 5169 5104
f 5093 5092 5031
f 5107 5111 5067
f 5110 5114 5113
f 5177 7468 7470
f 5127 5073 5098
f 5068 5175 5043
f 5043 5102 5097
f 5137 5093 5057
f 5108 9633 5132
f 5083 5116 5004
f 5134 5125 5149
f 5231 5288 5175
f 5067 5081 5107
f 4982 7470 7462
f 5074 5110 5113
f 5013 4982 7462
f 5099 5063 5091
f 5097 5102 5070
f 5059 5108 5112
f 5049 5004 5115
f 5114 5110 9865
f 5153 5180 5169
f 5098 5073 5078
f 5120 5063 5099
f 5098 5072 5075
f 5058 5045 5085
f 7462 7484 5109
f 5045 5071 5085
f 5057 5101 5137
f 5049 5129 4888
f 4888 5129 5089
f 5091 5063 5064
f 5131 5071 5045
f 5060 5108 5059
f 5064 5065 5091
f 5057 5093 5031
f 5039 5107 5081
f 5065 5046 5041
f 4947 9866 5083
f 5112 5000 5059
f 5074 9865 5110
f 5076 5065 5041
f 5088 5131 5045
f 5101 5057 5077
f 5077 5100 5101
f 518 5112 597
f 5076 5041 4998
f 5072 5098 5053
f 5053 5098 5078
f 5073 5088 5052
f 5044 5077 5057
f 5029 5084 5062
f 5055 5080 5066
f 5120 5086 5012
f 5075 5128 5098
f 5162 5085 5071
f 5081 5067 5006
f 5096 5047 9867
f 4991 5029 5062
f 5072 5026 5075
f 5109 5056 5034
f 5055 5076 5018
f 5066 5076 5055
f 5052 5078 5073
f 5043 5097 5048
f 9861 5126 5069
f 5200 5136 5137
f 5092 9866 4947
f 5056 5039 5034
f 5046 4962 5041
f 5072 5042 5028
f 5097 5070 5040
f 5030 5092 4947
f 5061 7470 4982
f 5063 5120 5012
f 5042 5072 5053
f 4984 5067 5047
f 5159 5133 5138
f 5058 5043 5014
f 5027 5130 5087
f 5064 5063 5024
f 5033 5054 5090
f 5027 5094 5130
f 5062 5082 4965
f 5025 5046 5065
f 4994 5086 5054
f 5086 5017 5012
f 5028 5019 5010
f 4965 5050 5051
f 5037 5055 5018
f 5028 5026 5072
f 5035 5044 5057
f 5000 5112 518
f 5051 5079 9863
f 5084 5029 4967
f 5038 5081 5015
f 4962 5046 5025
f 5063 5012 5024
f 4994 5054 5033
f 5088 5045 5052
f 5013 5109 5034
f 5086 5104 5054
f 5014 5045 5058
f 5008 5004 5049
f 4990 4991 5062
f 5040 5023 5097
f 5040 5095 4993
f 5092 5030 9864
f 5065 5064 5036
f 5028 5042 5019
f 5043 5048 5014
f 5198 9634 5050
f 5003 5026 5028
f 5045 5032 5052
f 5035 5057 5031
f 5008 5049 4888
f 5020 5090 5075
f 5032 5045 5014
f 5018 5076 4998
f 5055 5037 517
f 5078 5052 5032
f 4992 9864 5030
f 7470 5061 5177
f 5020 5075 5026
f 5027 5087 5044
f 5021 5084 4967
f 5034 5039 5038
f 5036 5064 5024
f 5036 5024 4979
f 5017 5086 4994
f 5007 5042 5053
f 5031 4974 5035
f 5082 5050 4965
f 5003 5028 5010
f 5032 5014 4986
f 4983 9864 4992
f 5022 5006 5067
f 5083 5004 4874
f 5058 5085 5068
f 5058 5068 5043
f 5014 5048 5002
f 4971 9861 5069
f 7445 7454 5177
f 5033 5090 5020
f 5019 5042 5007
f 4971 5069 9829
f 5015 5081 5006
f 5078 5032 5053
f 5006 5022 5005
f 5051 9863 4997
f 5053 5032 4986
f 5034 5038 4936
f 4980 4976 4999
f 5037 5018 4988
f 5011 5020 5026
f 5095 9862 4993
f 5060 5059 5016
f 5002 5048 5023
f 4996 5023 5040
f 9863 5060 5016
f 4996 5040 4993
f 4914 4967 5029
f 4991 4969 5029
f 4985 5023 4996
f 5044 5035 5027
f 5021 5096 5084
f 5018 4998 4956
f 4925 5018 4956
f 4998 5041 4956
f 4926 5012 5017
f 5087 5077 5044
f 5022 4987 5005
f 4874 5004 4995
f 5065 5036 5025
f 4930 5017 4994
f 4958 5030 4947
f 4972 4963 5047
f 7454 7444 7490
f 517 5037 4946
f 5003 5010 4880
f 4985 4996 4964
f 5008 4995 5004
f 5023 4985 5002
f 4969 4914 5029
f 5002 4949 4986
f 5177 5061 7445
f 5012 4979 5024
f 4966 5000 518
f 4961 5005 4987
f 4989 7430 7419
f 4955 4994 5033
f 4949 5002 4985
f 4983 4992 4981
f 4982 5013 7424
f 4988 5018 4922
f 5003 4954 5026
f 4959 5053 4986
f 5027 9826 5009
f 4987 5022 4984
f 4987 4984 5001
f 5013 7462 5109
f 4913 5041 4962
f 4956 5041 4913
f 5025 5036 4979
f 5011 5026 4954
f 5088 5073 5127
f 4984 5022 5067
f 4961 9833 5005
f 5062 4965 4990
f 5033 5011 4911
f 4972 5096 5021
f 9842 5005 9833
f 5033 5020 5011
f 5010 5019 4942
f 5006 5005 9842
f 5015 5006 9842
f 4943 5035 4974
f 5075 5090 5128
f 4959 5007 5053
f 5089 4976 4888
f 5013 5034 7424
f 4955 4930 4994
f 9829 9837 4971
f 5094 5027 5009
f 5000 4966 5059
f 4951 4962 4975
f 5025 4979 4975
f 4964 4996 4993
f 4964 4978 4968
f 5035 9826 5027
f 4992 5030 4958
f 5096 4972 5047
f 4965 5051 4997
f 4959 4986 4949
f 4968 4978 4945
f 4974 4983 4938
f 4990 4965 4960
f 4888 4976 4931
f 5061 4982 7424
f 4926 5017 4952
f 4979 5012 4926
f 4975 4979 4926
f 4948 4971 9837
f 4984 4963 4970
f 4997 4960 4965
f 4933 4991 4960
f 4893 4967 4914
f 4893 5021 4967
f 4960 4991 4990
f 4962 5025 4975
f 4952 5017 4930
f 4955 5033 4911
f 5010 4942 4918
f 4959 4915 5007
f 5016 5059 4916
f 4974 4938 4943
f 4941 4989 7419
f 4962 4951 4913
f 4964 4993 4978
f 4964 4968 9859
f 4923 4963 4972
f 4983 4981 4938
f 4936 5038 5015
f 4935 5059 4966
f 9830 4961 4977
f 4944 4914 4969
f 4961 4987 4977
f 4969 4991 4933
f 4886 5019 5007
f 4949 4985 4953
f 9859 4953 4964
f 4923 4972 5021
f 4931 4976 4921
f 4925 4956 4877
f 4926 4951 4975
f 4934 4966 464
f 4961 9830 4957
f 4981 4992 4958
f 4940 4969 4933
f 5111 9867 5047
f 5111 5047 5067
f 5034 4878 7424
f 4886 4932 5019
f 5048 5097 5023
f 4986 5014 5002
f 4953 4985 4964
f 4935 4916 5059
f 9826 5035 4943
f 5034 4936 4878
f 4828 4946 5037
f 5040 5070 5095
f 5001 4984 4970
f 4880 5010 4918
f 4953 9859 4917
f 4966 4934 4935
f 4997 4933 4960
f 4956 4913 4877
f 4852 5011 4950
f 4944 4969 4940
f 9837 9831 4904
f 4845 4958 4947
f 4893 4923 5021
f 4929 4949 4953
f 4903 4904 9831
f 4845 4947 5083
f 4880 4855 5003
f 4924 5016 4916
f 4963 4897 4970
f 9834 4943 4938
f 4954 4840 5011
f 4904 4948 9837
f 4940 4928 4944
f 4981 4958 4862
f 5083 4874 4845
f 4871 9846 4937
f 4949 4929 4907
f 4939 4945 4948
f 4935 4934 4916
f 4997 4973 4933
f 4878 4936 9842
f 4840 4850 5011
f 4886 5007 4915
f 4973 5016 4924
f 449 4934 455
f 4889 9845 4927
f 4995 5008 4912
f 4871 9854 9846
f 5089 4999 4976
f 4856 4930 4955
f 4944 4928 4909
f 4924 4940 4933
f 4899 5001 4970
f 449 4908 4934
f 9615 4988 4922
f 4922 5018 4925
f 5011 4850 4950
f 4953 4917 4898
f 4968 4945 4939
f 4902 4948 4904
f 4909 4928 4910
f 453 431 449
f 4809 4995 4912
f 4953 4898 4929
f 4916 4920 4924
f 4920 4940 4924
f 7424 4878 7416
f 4954 5003 4855
f 4954 4855 4808
f 4873 4889 4927
f 5008 4888 4912
f 4919 4941 7412
f 4884 4925 4877
f 4950 4850 4864
f 5047 4963 4984
f 4865 4887 4980
f 4932 4942 5019
f 4920 4894 4928
f 4901 4920 4916
f 4914 4909 4893
f 3 4889 9840
f 4878 9842 4847
f 4869 4895 4852
f 9859 4968 4939
f 449 431 4900
f 4867 9854 4871
f 4900 4908 449
f 4870 4913 4951
f 4913 4870 4877
f 4911 4852 4895
f 4897 4963 4923
f 4952 4951 4926
f 4895 4955 4911
f 9857 4910 4894
f 4906 4904 4903
f 4897 4923 4893
f 4898 9859 4939
f 4910 4928 4894
f 4909 4914 4944
f 4886 4915 4841
f 4814 4949 4907
f 4907 4929 4882
f 4846 9857 4894
f 4900 431 4905
f 4908 4901 4916
f 4916 4934 4908
f 4852 4911 5011
f 4852 4950 4761
f 4918 4942 4848
f 4820 4959 4814
f 4902 4939 4948
f 4920 4901 4872
f 4921 4976 4980
f 4901 4908 4900
f 4900 4905 4901
f 4845 4807 4958
f 4858 4894 4872
f 4885 4904 4906
f 4893 4909 9858
f 9840 4889 4861
f 4887 4921 4980
f 4959 4949 4814
f 4882 4929 4898
f 4894 4920 4872
f 4885 4892 4904
f 4906 5001 4899
f 4906 4899 4890
f 4862 4958 4807
f 9857 4879 4891
f 4955 4829 4856
f 4891 4879 4890
f 4890 4879 4906
f 4880 4918 4835
f 4879 4885 4906
f 4899 4970 4897
f 4899 4897 4890
f 4890 4893 9858
f 4919 7412 4860
f 4922 4925 4884
f 4939 4892 4875
f 4883 9857 4846
f 4933 4973 4924
f 4890 4897 4893
f 4915 4959 4820
f 4902 4892 4939
f 4875 4892 4885
f 4901 4905 4876
f 4819 4825 4901
f 4901 4825 4872
f 4844 4894 4858
f 4842 4889 4873
f 4841 4932 4886
f 4883 4879 9857
f 4932 4848 4942
f 4928 4940 4920
f 4877 4870 4884
f 4918 4848 4835
f 4842 4861 4889
f 4848 4932 4841
f 4845 4874 4787
f 4878 4847 7406
f 4882 4898 4939
f 4814 4907 4866
f 4875 4882 4939
f 4875 4885 4849
f 4854 4868 4863
f 4802 4995 4809
f 7419 9851 4941
f 4902 4904 4892
f 9839 4759 4767
f 4813 4867 4871
f 4831 4879 4883
f 4872 4825 4851
f 4818 4881 9835
f 4836 4896 4856
f 4828 4988 9615
f 4868 4854 4833
f 7412 4941 7392
f 4860 7412 7389
f 7498 5318 5247
f 4950 4864 4761
f 4846 4894 4768
f 4830 4865 4867
f 4829 4836 4856
f 4823 4868 4833
f 4874 4995 4802
f 4802 4787 4874
f 4813 4871 4818
f 4853 4870 4859
f 4849 4879 4831
f 4865 4830 4887
f 4954 4808 4840
f 4842 4873 4860
f 4750 4888 4931
f 9842 4936 5015
f 4895 4869 4810
f 4857 4895 4810
f 4797 4863 4826
f 4854 4797 9822
f 4870 4951 4859
f 4869 4852 4761
f 4834 4826 4868
f 4875 4849 4824
f 4768 4894 4839
f 4809 4912 4800
f 4912 4888 4800
f 4830 4867 4813
f 4674 4931 4921
f 4830 4816 4887
f 4831 4883 4806
f 4834 4868 4823
f 4838 4824 4849
f 4806 4846 4768
f 4798 4850 4840
f 4815 4880 4835
f 4688 4825 4819
f 4849 4831 4838
f 4833 4854 4843
f 4843 4793 4833
f 4894 4844 4839
f 4732 4880 4815
f 4670 4851 4825
f 4853 4859 4804
f 4786 4827 4805
f 4793 4843 4762
f 4839 4844 4803
f 4779 4835 4848
f 4866 4882 4785
f 4842 4860 7388
f 4805 4895 4857
f 4824 4882 4875
f 4837 4780 9835
f 4855 4732 4808
f 4848 9809 4779
f 4883 4846 4806
f 366 4853 4804
f 4896 4836 4794
f 4803 4844 4756
f 4833 4793 4799
f 4860 7389 7388
f 4805 4857 4704
f 4882 4824 4785
f 4756 4844 4858
f 4674 4750 4931
f 4812 4842 7388
f 4915 4820 4706
f 4814 4866 4775
f 377 4819 4876
f 4683 4841 4915
f 4829 4895 4827
f 4775 4820 4814
f 4750 4800 4888
f 4821 4861 4812
f 388 4828 9615
f 4811 4826 4776
f 4823 4833 4799
f 4862 4807 4740
f 4838 4831 4817
f 4818 9835 4801
f 4829 4827 4788
f 4779 4665 4835
f 4817 4831 4769
f 4818 4801 4770
f 4896 4794 4669
f 4855 4880 4732
f 4738 4793 4762
f 4748 4838 4817
f 4804 4896 4669
f 4827 4786 4772
f 4864 4850 4744
f 4823 4776 4834
f 4808 4732 4763
f 4806 4769 4831
f 4862 4740 4759
f 4788 4827 4772
f 4607 4670 4825
f 4783 4800 4750
f 4706 4683 4915
f 4791 4823 4799
f 4786 4805 4832
f 4805 4704 4832
f 4797 4826 4811
f 4797 4854 4863
f 4775 4866 4774
f 4842 4812 4861
f 4850 4798 4744
f 4840 4808 4798
f 4845 4787 4659
f 4798 4642 4744
f 4718 4824 4838
f 4767 4759 4702
f 4838 4748 4696
f 4795 9823 4789
f 4801 9835 4780
f 4836 4829 4794
f 4869 4761 4533
f 4744 4761 4864
f 4665 4815 4835
f 4799 4793 4778
f 4790 9823 4782
f 4781 4789 4784
f 4789 4790 4784
f 4763 4732 4672
f 4872 4851 4764
f 4756 4858 4872
f 4796 4795 4773
f 9823 4790 4789
f 4790 4778 4784
f 366 4804 359
f 4708 4786 4832
f 4797 4811 4743
f 9843 4785 4735
f 4778 4793 4738
f 4791 4799 4790
f 4772 4786 4698
f 4777 9809 9810
f 4841 4683 4822
f 4790 4799 4778
f 4801 4780 4730
f 4952 4930 4896
f 4857 4810 4704
f 4820 4775 4728
f 4688 4819 377
f 4785 4824 4718
f 4748 4817 4769
f 4745 4809 4800
f 4813 4770 4757
f 4771 4747 4782
f 4872 4764 4711
f 4790 4782 4791
f 4813 4757 4830
f 4784 4778 4741
f 4800 4783 4745
f 4674 4921 4887
f 4686 4816 4830
f 4773 4781 4755
f 4721 4802 4809
f 4730 4780 4752
f 352 4804 4669
f 4728 4706 4820
f 4735 4785 4718
f 4756 4872 4711
f 4806 4768 4758
f 4692 4748 4769
f 4787 4802 4721
f 9825 4749 4626
f 4796 4773 4753
f 4752 4767 4702
f 4804 4859 4896
f 4742 4811 4776
f 4791 4782 4747
f 4753 4773 4755
f 4757 4686 4830
f 4736 4749 9825
f 4743 4811 4742
f 4751 4839 4803
f 4770 4813 4818
f 4736 4788 4749
f 4626 4749 4699
f 4772 4749 4788
f 4744 4623 4761
f 4759 4740 4731
f 4738 4762 4722
f 4718 4838 4696
f 4788 4737 4794
f 4672 4732 4707
f 4740 4807 4845
f 4809 4745 4721
f 4792 9822 4743
f 4747 4729 4765
f 9812 4822 4683
f 4702 4759 4731
f 4679 9843 4735
f 4778 4738 4709
f 4781 4773 4795
f 4781 4795 4789
f 4895 4829 4955
f 4827 4895 4805
f 4704 4810 4598
f 4630 4623 4744
f 4729 4747 4760
f 4795 4796 9823
f 4755 4781 4766
f 4714 4743 4742
f 4639 4754 4792
f 4781 4784 4766
f 4737 4788 4736
f 4729 4742 4776
f 4740 4845 4659
f 4727 4746 4755
f 4653 9825 4626
f 4734 4766 4784
f 4738 4722 4709
f 4786 4708 4698
f 4743 9822 4797
f 4776 4765 4729
f 4674 4887 4647
f 4859 4951 4952
f 4728 4775 4682
f 4705 4682 4775
f 4747 4771 4760
f 4729 4739 4725
f 4764 4851 4670
f 4644 4758 4751
f 4741 4778 4709
f 4734 4741 4724
f 4672 4634 4763
f 4777 4723 4650
f 4714 4639 4743
f 4721 4703 4787
f 4622 4756 4711
f 4801 4730 4770
f 4723 4777 9810
f 4742 4729 4668
f 4803 4756 4616
f 4733 4734 4724
f 4660 4783 4750
f 4579 4815 4665
f 4742 4668 4714
f 4729 4760 4739
f 4730 4752 4624
f 4678 4745 4783
f 4707 4732 4815
f 4694 4688 377
f 4787 4703 4659
f 4716 4721 4745
f 337 4794 4637
f 4952 4896 4859
f 4808 4763 4798
f 4697 4727 4734
f 4734 4733 4697
f 4710 4726 4733
f 4710 4733 4724
f 4784 4741 4734
f 4660 4678 4783
f 4715 9814 4690
f 4736 9825 4653
f 4598 4869 4533
f 4723 9810 4572
f 4792 4743 4639
f 4561 4706 4728
f 4668 4729 4671
f 4806 4758 4648
f 4648 4758 4644
f 4701 4712 4726
f 9814 9813 4690
f 4685 9812 4683
f 4671 4729 4719
f 4713 4722 4754
f 4648 4769 4806
f 4733 4712 4697
f 4713 4717 4709
f 4622 4616 4756
f 4794 4737 4637
f 4749 4772 4698
f 9839 4981 4862
f 9839 4862 4759
f 4718 4696 4658
f 4717 4721 4716
f 4745 4678 4716
f 4720 9814 4715
f 4703 4721 4717
f 4733 4726 4712
f 4730 4624 4640
f 4709 4717 4716
f 9814 4720 4687
f 4690 9813 4651
f 4652 4706 4561
f 4774 9843 4680
f 4644 4751 4611
f 4675 4726 4710
f 4709 4716 4684
f 4715 4700 4720
f 4677 4697 4701
f 4581 4711 4764
f 4722 4713 4709
f 4651 9813 4695
f 4794 4829 4788
f 4533 4761 4623
f 4717 4713 4703
f 4584 4735 4718
f 4701 4726 4676
f 4751 4803 4616
f 4689 4715 4690
f 4669 4794 337
f 4749 4698 4699
f 4533 4623 4503
f 4713 4664 4703
f 4677 4667 4697
f 4692 4769 4648
f 4866 9843 4774
f 4691 4710 4662
f 4710 4724 4695
f 4638 4686 4757
f 4654 4816 4686
f 4683 4706 4625
f 4635 4714 4632
f 4624 4752 4702
f 4676 4681 4701
f 4660 4750 4674
f 4637 4737 4673
f 4673 4737 4736
f 4777 4779 9809
f 9810 4636 4572
f 4651 4695 4724
f 4651 4724 4684
f 4724 4741 4709
f 4684 4724 4709
f 4754 4664 4713
f 4691 4675 4710
f 4770 4730 4582
f 4770 4638 4757
f 4668 4632 4714
f 4607 4688 4646
f 4671 4719 4645
f 4719 4693 4645
f 4656 4684 4716
f 4700 4687 4720
f 352 4669 337
f 4685 4683 4625
f 4645 4693 4667
f 4675 4691 9820
f 4642 4798 4556
f 4646 4688 4694
f 4677 4649 4667
f 4729 4725 4719
f 4770 4582 4638
f 4655 4700 4715
f 4715 4689 4655
f 4616 4611 4751
f 4656 4716 4678
f 4662 4710 4695
f 4639 4664 4754
f 4693 4697 4667
f 4764 4670 4631
f 4661 4651 4684
f 4689 4690 4621
f 4654 4647 4816
f 4714 4629 4639
f 4705 4663 4682
f 4728 4682 4628
f 9821 4681 9819
f 4644 4553 4648
f 9819 4675 9820
f 4641 4671 4645
f 4667 4649 4657
f 4678 4660 4656
f 4655 4689 4621
f 4698 4708 4499
f 4556 4798 4763
f 4609 4659 4703
f 9819 4681 4676
f 4675 4676 4726
f 9815 4687 4700
f 4620 4660 4674
f 4598 4810 4869
f 4714 4635 4629
f 4701 4697 4712
f 9815 4700 4643
f 4621 4666 4655
f 4639 4629 4614
f 4560 4735 4584
f 4675 9819 4676
f 4643 4700 4655
f 4708 4832 4516
f 4613 4685 4625
f 4702 4731 4624
f 4748 4577 4696
f 4660 4620 4656
f 4703 4664 4609
f 4668 4671 4632
f 4597 4632 4671
f 4679 4560 4680
f 4606 4577 4692
f 4666 4643 4655
f 4832 4704 4516
f 4602 4650 4723
f 4641 4662 9816
f 4666 9815 4643
f 4600 4654 4686
f 4664 4639 4614
f 4706 4652 4625
f 4600 4686 4638
f 4647 4620 4674
f 4560 4679 4735
f 4666 4621 4605
f 4621 4690 4661
f 4740 4659 4609
f 9811 4685 4613
f 4663 4705 4588
f 4661 4684 4656
f 4618 4736 4653
f 4627 4673 4524
f 4588 4774 4558
f 4621 4661 4620
f 4673 4576 4637
f 4633 4632 4617
f 4508 4764 4631
f 4612 4641 9816
f 4661 4656 4620
f 4576 4604 4637
f 4673 4618 4476
f 4673 4476 4610
f 4672 4707 4520
f 4589 4682 4663
f 4574 4666 4605
f 4633 4635 4632
f 4635 4633 4615
f 4588 4705 4774
f 4774 4680 4558
f 4680 9843 4679
f 4564 4616 4622
f 4582 4563 4638
f 4600 4638 4563
f 4604 337 4637
f 4545 4625 4652
f 4663 4588 4543
f 4577 4748 4692
f 4612 9816 4574
f 4744 4642 4556
f 4763 4634 4556
f 4548 4631 4670
f 9811 4613 4619
f 4624 4580 4640
f 4634 4672 4520
f 4728 4628 4561
f 4501 4670 4607
f 4613 4625 4590
f 4615 4633 4594
f 4731 4740 4609
f 4617 4632 4597
f 4764 4508 4581
f 4618 4673 4736
f 4615 4629 4635
f 4600 4647 4654
f 4623 4630 4496
f 4744 4532 4630
f 4665 4650 4570
f 4595 4644 4611
f 4573 4647 4600
f 4524 4673 4610
f 4614 4629 4546
f 4567 4731 4609
f 4658 4584 4718
f 4670 4501 4548
f 4496 4630 4470
f 4590 4625 4545
f 4597 4612 4596
f 4578 4615 4587
f 4592 4621 4620
f 4661 4690 4651
f 4599 4604 4576
f 4576 4673 4627
f 4630 4532 4470
f 4550 4636 4619
f 4629 4615 4578
f 4593 4594 4633
f 4560 4584 4517
f 4680 4560 4518
f 4573 4620 4647
f 4704 4608 4516
f 4546 4629 4578
f 4553 4521 4648
f 4575 9808 4603
f 4575 4587 9808
f 4614 4546 4609
f 4605 4621 4592
f 4576 4627 4547
f 4665 4570 4459
f 4530 4658 4696
f 4640 4580 4582
f 4644 4595 4553
f 4540 4612 4574
f 4596 4612 4540
f 4604 4599 327
f 4616 4595 4611
f 4603 9805 4575
f 4609 4546 4567
f 4775 4774 4705
f 4815 4579 4460
f 4569 4586 4585
f 4664 4614 4609
f 4624 4731 4567
f 4628 4682 4589
f 4583 4663 4543
f 4692 4521 4418
f 4598 4533 4507
f 4580 4549 4582
f 4512 4564 4622
f 4631 4548 4493
f 4592 4620 4573
f 4496 4503 4623
f 4523 4590 4545
f 4526 4617 4597
f 4501 4607 4527
f 4744 4556 4557
f 4578 4587 4575
f 4582 4549 4563
f 4704 4598 4608
f 4527 4607 4646
f 4512 4622 4711
f 4595 4616 4487
f 4555 4605 4592
f 4576 4525 4599
f 4579 4665 4459
f 4586 9807 4585
f 4572 4506 4500
f 4601 4624 4567
f 4580 4624 4601
f 4583 4589 4663
f 4554 4628 4589
f 4494 4588 4558
f 4540 4574 4605
f 4573 4600 4566
f 4653 4626 4511
f 4504 4653 4511
f 4744 4557 4532
f 4591 4586 4565
f 4565 4586 4562
f 4619 4590 4523
f 4578 4575 4546
f 4591 9807 4586
f 4569 4562 4586
f 4530 4696 4577
f 4730 4640 4582
f 4887 4816 4647
f 4708 4516 4452
f 4603 4591 9805
f 4568 4652 4561
f 4526 4597 4596
f 4699 4698 4430
f 4707 4815 4460
f 4570 4650 4602
f 4591 4565 9805
f 4571 4593 4617
f 4452 4499 4708
f 4634 4520 4498
f 9807 4591 4603
f 4538 4593 4559
f 4417 4618 4653
f 4561 4628 4509
f 4562 4569 4551
f 4507 4533 4502
f 4552 9805 4565
f 4546 4575 4552
f 4549 4580 4601
f 4555 4592 4566
f 4626 4699 4534
f 4522 4545 4652
f 4520 4707 4460
f 4529 4552 4565
f 4585 4594 4569
f 4538 4594 4593
f 4593 4633 4617
f 4571 4526 4536
f 4627 4524 4486
f 4552 4575 9805
f 4567 4546 4528
f 4538 4551 4569
f 4568 4561 4509
f 4494 4558 4518
f 4547 4627 4486
f 4533 4503 4477
f 4549 4601 4542
f 4571 4559 4593
f 4553 4595 4488
f 4519 4600 4563
f 4531 4551 4538
f 4538 4569 4594
f 4540 4526 4596
f 4626 4534 4511
f 4601 4528 4535
f 4515 4550 4523
f 4568 4522 4652
f 4584 4658 4517
f 4521 4553 4488
f 4601 4567 4528
f 4538 4559 4531
f 4550 4515 4539
f 4489 4658 4530
f 4526 4540 4537
f 4566 4600 4519
f 4555 4537 4540
f 4546 4552 4535
f 4619 4613 4590
f 4494 4543 4588
f 4554 4589 4541
f 4508 4631 4493
f 4530 4577 4606
f 4550 4619 4523
f 4495 4545 4522
f 4563 4549 4519
f 2 4531 4559
f 4515 4523 4467
f 4566 4537 4555
f 4566 4592 4573
f 4608 4507 4516
f 4552 4529 4535
f 4528 4546 4535
f 4492 4417 4653
f 4602 4723 4572
f 4526 4514 4536
f 4549 4514 4519
f 4487 4616 4564
f 4485 4698 4499
f 4502 4533 4477
f 4572 4500 4462
f 4536 4514 9806
f 4568 4509 4463
f 4517 4658 4489
f 4555 4540 4605
f 4537 4566 4519
f 4556 4634 4510
f 4557 4556 4510
f 9806 4514 4542
f 4541 4589 4583
f 4447 4554 4541
f 4514 4549 4542
f 4526 4571 4617
f 4711 4581 4480
f 4480 4581 4508
f 4606 4692 4418
f 4519 4514 4537
f 4610 4475 4429
f 4503 4446 4477
f 4482 4568 4463
f 4509 4628 4554
f 4481 4547 4486
f 4452 4516 4507
f 4490 4459 4570
f 4500 4506 4478
f 4543 4494 4472
f 4440 4570 4602
f 4618 4417 4476
f 4653 4504 4492
f 4484 4572 4462
f 4492 4504 4424
f 4508 4493 4491
f 4557 4510 4386
f 4415 4557 4386
f 4505 4518 4461
f 4539 4515 4497
f 4520 4513 4473
f 4467 4523 4495
f 4480 4508 4491
f 4488 4595 4453
f 4520 4460 4513
f 4459 4402 4579
f 4480 4512 4711
f 4520 4473 4498
f 4518 4560 4461
f 4446 4503 4496
f 4490 4570 4420
f 4469 4570 4440
f 4493 4548 4474
f 4504 4511 4424
f 4485 4499 4441
f 4608 4598 4507
f 4479 4511 4534
f 4509 4554 4463
f 4512 4487 4564
f 283 4547 4471
f 4495 4523 4545
f 4518 4558 4680
f 4560 4468 4461
f 4486 4524 4465
f 4441 4499 4452
f 4456 4515 4467
f 4487 4512 4450
f 4494 4518 4505
f 4421 4446 4496
f 4548 4501 4474
f 4454 4543 4472
f 4543 4454 4583
f 4433 4579 4402
f 4496 4470 4423
f 4420 4570 4469
f 4458 4494 4505
f 4532 4557 4415
f 4497 4515 4483
f 4487 4453 4595
f 4467 4495 4445
f 4692 4648 4521
f 4515 4456 4483
f 4443 4444 4522
f 4448 4541 4583
f 4524 4429 4465
f 4495 4444 4445
f 4493 4474 4466
f 4491 4493 4466
f 4513 4460 4409
f 4488 4418 4521
f 4510 4634 4498
f 4436 4502 4477
f 4501 4527 4474
f 4560 4517 4468
f 4443 4568 4482
f 4436 4507 4502
f 4440 4484 4462
f 4470 4532 4438
f 4457 4488 4453
f 4389 4498 4473
f 4665 4779 4650
f 4484 4602 4572
f 4438 4423 4470
f 4534 4699 4430
f 4472 4494 4405
f 4386 4510 4412
f 4412 4510 4389
f 4439 4462 4500
f 4468 4517 4464
f 4405 4454 4472
f 4434 4505 4461
f 4432 4530 4606
f 4442 4512 4480
f 4427 4480 4491
f 4389 4510 4498
f 4500 4478 4435
f 4466 4427 4491
f 4476 4344 4475
f 4475 4610 4476
f 4476 4417 4344
f 4554 4431 4451
f 4401 4452 4507
f 4374 4402 4459
f 4583 4454 4448
f 4492 4424 4332
f 4511 4479 4424
f 4459 4490 4374
f 7370 4447 4541
f 4457 4453 4449
f 4456 4428 4483
f 4432 4390 4530
f 4463 4554 4451
f 4414 4541 4448
f 4450 4512 7382
f 4482 4463 4451
f 4505 4434 7379
f 4527 4646 4544
f 4489 4530 4390
f 7370 4541 4414
f 4413 4454 4405
f 7382 4487 4450
f 4441 4452 4401
f 4438 4532 4415
f 4478 4425 4435
f 4527 4544 4422
f 4422 4544 4411
f 4398 4418 4488
f 7382 4512 4442
f 4332 4424 4375
f 4455 4482 4451
f 4447 4431 4554
f 4373 4443 4482
f 4524 4610 4429
f 4432 4606 4418
f 4395 4441 4401
f 4779 4777 4650
f 4439 4500 4435
f 4359 4432 4418
f 4449 4487 7382
f 4409 4460 4433
f 4445 4396 4467
f 7377 4451 4431
f 4449 4453 4487
f 4513 4426 4473
f 4393 4440 4462
f 4389 4473 4426
f 4488 4457 4398
f 4448 4454 4414
f 4431 4447 7370
f 4513 4409 4426
f 4443 4373 4399
f 4444 4443 4399
f 7381 4427 4466
f 4496 4423 4421
f 4374 4490 4420
f 4444 4495 4522
f 4443 4522 4568
f 4456 4467 4396
f 4379 4464 4489
f 4408 4439 4435
f 4395 4485 4441
f 4446 4337 4477
f 4445 4444 4399
f 4489 4390 4378
f 4401 4507 4404
f 4428 4456 4396
f 4468 4383 4434
f 7371 4449 7382
f 4486 4366 4481
f 4421 4325 4446
f 4437 4440 4393
f 4445 4399 4394
f 4464 4517 4489
f 4458 7380 4405
f 4435 4425 4408
f 7382 4442 7361
f 4393 4462 4439
f 4445 4394 4396
f 4390 4432 4359
f 4475 4391 4429
f 4468 4464 4379
f 4466 4474 4406
f 4431 7375 7377
f 4428 4396 4419
f 4344 4391 4475
f 4423 4438 4403
f 4319 4485 4395
f 4407 4455 4451
f 4372 4451 7377
f 4461 4468 4434
f 4405 4494 4458
f 4457 4449 7376
f 4442 4427 7368
f 4440 4602 4484
f 4422 4406 4474
f 4337 4446 4325
f 4351 4415 4386
f 4353 4417 4492
f 4534 4430 4356
f 9791 4428 4419
f 4430 4485 4356
f 4417 4353 4344
f 4407 4451 4372
f 4414 4392 7370
f 4383 4468 4379
f 117 4471 4481
f 4353 4492 4332
f 4397 4419 4396
f 4373 4482 4455
f 4405 7380 7383
f 4325 4421 4403
f 6197 4375 4424
f 4421 4423 4403
f 4403 4438 4348
f 4433 4460 4579
f 4419 4400 9791
f 4379 4489 4378
f 4382 4409 4369
f 4409 4433 4369
f 4382 4426 4409
f 4486 4465 4416
f 4389 4426 4317
f 4469 4440 4368
f 4361 4534 4363
f 4387 4402 4374
f 4359 4418 4398
f 7381 4466 4377
f 4429 4391 4416
f 4326 4386 4412
f 4363 4534 4356
f 4371 4434 4383
f 4366 4486 4416
f 4426 4354 4317
f 4368 4440 4437
f 4410 4400 4388
f 4405 7383 4413
f 4371 7379 4434
f 6197 4424 4479
f 6197 4479 4345
f 4466 4406 4377
f 4408 4384 4385
f 4465 4429 4416
f 4426 4382 4354
f 4474 4527 4422
f 4479 4361 4345
f 4305 4412 4389
f 4338 4399 4373
f 7361 4442 7368
f 4397 4396 4394
f 4407 4373 4455
f 4400 4419 4381
f 4338 4394 4399
f 4390 4342 4378
f 4439 4385 4376
f 4406 4422 4358
f 4372 7377 4380
f 4329 4469 4368
f 4346 4398 4457
f 4404 4436 4352
f 4433 4402 4387
f 4387 4369 4433
f 4400 4381 4388
f 4365 4373 4407
f 4416 4391 6212
f 4348 4438 4351
f 4394 4331 4397
f 4358 4422 4411
f 4407 4372 4364
f 4419 4397 4340
f 4356 4485 4319
f 4389 4317 4305
f 4403 4327 4325
f 4364 4365 4407
f 4351 4386 4326
f 4390 4359 8436
f 4370 4414 7365
f 4401 4404 4352
f 4411 222 4362
f 7363 4380 7377
f 4401 4352 6209
f 4360 4383 4379
f 4392 4414 4370
f 4340 4397 4336
f 8436 4359 4367
f 4385 4384 4347
f 4371 4383 4360
f 4355 4395 4401
f 4401 6209 4355
f 4331 4394 4338
f 4374 4420 4308
f 4381 4419 4340
f 6194 4398 4346
f 8436 4342 4390
f 4481 4366 1883
f 4376 4385 4339
f 4320 4373 4365
f 4359 4398 6194
f 4477 4337 6208
f 4316 4369 4387
f 4308 4420 4315
f 4365 4364 4307
f 4357 4364 4372
f 4350 4354 4382
f 4340 4330 4381
f 4323 4387 4374
f 9803 4381 4330
f 4377 4406 4358
f 1883 4366 4349
f 4477 6208 4324
f 7374 4431 7370
f 4331 4336 4397
f 4324 4352 4436
f 4324 4436 4477
f 4323 4374 4308
f 4360 4379 4314
f 7354 4346 7360
f 4355 4319 4395
f 4317 4354 4334
f 4334 4354 4350
f 4362 4358 4411
f 4357 4372 4328
f 9803 4330 6199
f 4313 4367 4359
f 4372 8439 4328
f 4416 6212 4312
f 6214 4378 4342
f 4457 7376 4346
f 4372 4380 8439
f 4379 4378 6214
f 4366 4416 4322
f 4313 4359 6194
f 4314 4379 6214
f 4360 4314 4371
f 6176 4387 4323
f 7364 4371 4314
f 4348 6149 4318
f 7364 7372 4371
f 4349 4366 4322
f 4339 4385 4347
f 4333 8436 4367
f 6206 4331 4338
f 4362 6203 4358
f 4321 4361 6196
f 4327 4403 4343
f 4363 6196 4361
f 4343 4403 4348
f 8420 4362 3967
f 4391 4344 6212
f 4343 4348 4318
f 4307 4364 4357
f 4346 7376 7360
f 7357 4377 4358
f 4438 4415 4351
f 4320 4338 4373
f 4439 4408 4385
f 4393 4439 4376
f 6203 4362 4310
f 4336 4331 6204
f 4347 4341 6207
f 8436 8425 4342
f 6212 4344 6213
f 4330 4340 6211
f 4307 4320 4365
f 7357 4358 6203
f 4325 4327 6132
f 4382 4369 4309
f 4332 6198 4353
f 6208 4337 6170
f 6170 4337 4325
f 6207 4311 4339
f 8429 4346 7354
f 8425 6214 4342
f 4344 4353 6213
f 4308 4315 4306
f 4356 4319 6169
f 4335 4339 6195
f 4304 4355 6209
f 4369 4316 4309
f 4350 4382 4309
f 6194 4346 8429
f 4319 4355 4304
f 4305 4317 6200
f 6195 4306 4329
f 1883 4349 6192
f 6170 4325 6132
f 6196 4363 4356
f 4352 4324 6209
f 6141 4326 4412
f 6173 4412 4305
f 6149 4348 4351
f 4309 4316 6176
f 4347 6207 4339
f 6190 4314 6214
f 6200 4317 4334
f 4329 4335 6195
f 6193 4338 4320
f 4306 4315 4329
f 4375 6198 4332
f 4331 6206 6204
f 6197 4345 6189
f 4361 4479 4534
f 4404 4507 4436
f 6141 6149 4351
f 4330 6211 6202
f 4340 4336 6211
f 8426 8424 7368
f 4416 4312 4322
f 6145 6198 4375
f 6145 4375 6197
f 4321 6165 4345
f 6196 6158 6155
f 4430 4698 4485
f 6208 6098 6182
f 4321 4345 4361
f 4327 4343 6132
f 4318 6144 4343
f 6177 4318 6149
f 6144 6074 6132
f 4351 4326 6141
f 6028 6014 6097
f 6141 4412 6173
f 6200 6173 4305
f 6176 4316 4387
f 6204 6211 4336
f 6211 6181 6202
f 4330 6202 6199
f 4338 6193 6206
f 6179 6161 6185
f 6161 6179 6202
f 6193 4320 4307
f 6207 6210 4311
f 9798 6210 6207
f 9794 6201 9798
f 6187 4357 4328
f 6205 4357 6187
f 6205 4307 4357
f 4310 8413 6203
f 8432 8420 3967
f 6215 6190 6214
f 8412 6215 6214
f 8403 8395 4333
f 4449 7371 7376
f 4298 4303 4301
f 4302 4303 4298
f 4300 4301 102
f 4300 4299 4301
f 4293 4300 4290
f 4297 4290 4300
f 4295 4296 4298
f 4288 4299 4293
f 4298 4299 4291
f 4295 4298 4291
f 4292 4296 4295
f 4291 4299 4288
f 4289 100 2998
f 4289 4286 4297
f 4286 4290 4297
f 4285 4289 2998
f 4296 4302 4298
f 4288 4293 4290
f 4291 4288 4287
f 4288 4290 4275
f 4285 4284 4286
f 4285 4286 4289
f 4282 4283 2999
f 4284 4285 4283
f 4279 4286 4284
f 2922 4283 4282
f 4284 4283 4280
f 4280 4283 2922
f 4275 4290 4286
f 4287 4281 4291
f 4287 4288 4266
f 4292 4295 4270
f 4284 4280 4273
f 4275 4266 4288
f 4279 4284 4273
f 4277 4275 4279
f 4280 4269 4278
f 4275 4286 4279
f 4280 2922 4269
f 4277 4279 4274
f 4274 4279 4273
f 4276 4269 2922
f 4273 4280 4278
f 4268 4295 4281
f 4281 4287 4271
f 4277 4266 4275
f 4270 4295 4268
f 4271 4268 4281
f 4272 4278 4269
f 4281 4295 4291
f 4263 4278 4272
f 4262 4274 4273
f 4269 4276 4265
f 4262 4273 4263
f 4274 4267 4277
f 4265 4276 2880
f 4273 4278 4263
f 2880 2872 4264
f 4265 2880 4264
f 4267 4266 4277
f 4264 2872 2881
f 4257 4269 4265
f 4255 4271 4287
f 4257 4272 4269
f 4272 4257 4261
f 4272 4261 4263
f 4251 4267 4274
f 4274 4262 4260
f 4264 2881 2822
f 4259 4257 4265
f 4255 4287 4266
f 4258 4262 4263
f 4255 4266 4267
f 4270 4268 4256
f 4264 2822 4253
f 4259 4264 4253
f 4265 4264 4259
f 4260 4251 4274
f 4252 4256 4271
f 2822 2794 4249
f 4260 4262 4258
f 4255 4267 4254
f 4257 4250 4261
f 4250 4257 4259
f 4250 4263 4261
f 4258 4263 4250
f 4254 4267 4251
f 4259 4253 4250
f 4253 2822 4249
f 4252 4271 4255
f 4250 4253 4245
f 4253 4249 4245
f 4246 4258 4250
f 4246 4250 4244
f 4247 4251 4260
f 4254 4252 4255
f 4241 4254 4251
f 4243 4260 4258
f 4245 4248 4250
f 4245 4249 4240
f 4243 4258 4246
f 4240 4249 2757
f 4244 4250 4248
f 4256 4268 4271
f 4245 4240 4248
f 4247 4260 4243
f 4243 4246 4244
f 4254 4239 4252
f 2640 4237 2682
f 4248 4242 4244
f 4239 4254 4241
f 4243 4242 4238
f 4242 4243 4244
f 4242 4248 4231
f 4231 4240 4237
f 4239 4241 4232
f 4237 4240 2682
f 4242 4231 4235
f 4231 4248 4240
f 4247 4243 4238
f 4236 4231 4237
f 4247 4238 4229
f 4236 4237 2589
f 4232 4251 4234
f 4234 4251 4247
f 4238 4235 4233
f 4238 4242 4235
f 4232 4241 4251
f 4233 4235 4230
f 4227 4239 4232
f 4229 4234 4247
f 2526 4239 4216
f 4221 4239 4227
f 4228 4234 4229
f 4226 4229 4233
f 4226 4230 4224
f 4229 4226 4217
f 4230 4231 4236
f 4225 4236 2538
f 4238 4233 4229
f 4227 4232 4234
f 4226 4233 4230
f 4224 4230 4225
f 4225 4230 4236
f 4224 4225 4219
f 4228 4223 4234
f 4223 4227 4234
f 4217 4226 4222
f 4222 4226 4224
f 4221 4227 4223
f 4228 4229 4217
f 4214 4239 4221
f 4222 4224 4218
f 4220 4221 4210
f 4224 4219 4218
f 4210 4221 4223
f 4215 4228 4217
f 4218 4213 4222
f 4218 4219 2409
f 4220 4214 4221
f 4208 4228 4215
f 4218 4211 4213
f 4218 2409 4211
f 4217 4213 4215
f 4209 4223 4228
f 4209 4210 4223
f 3689 4216 4239
f 4211 4212 4213
f 4207 4214 4220
f 4216 3689 4193
f 4206 4215 4213
f 2374 4204 4211
f 4220 4210 4209
f 4211 4205 4212
f 4212 4206 4213
f 4208 4215 4206
f 4211 4204 4205
f 4228 4208 4209
f 3689 4239 4214
f 4192 4207 4220
f 3688 4214 4207
f 4203 4208 4206
f 4197 4212 4205
f 3689 4214 4200
f 4200 4214 3688
f 4197 4195 4212
f 4192 4220 4209
f 4209 4208 4203
f 4205 4204 4202
f 4204 4201 4202
f 4206 4195 4203
f 4195 4206 4212
f 4205 4202 4197
f 4202 4201 2278
f 4202 4190 4197
f 2247 4198 4199
f 4190 2278 2329
f 4197 4188 4195
f 3675 4209 4203
f 4194 9104 4199
f 4196 4190 2329
f 4197 4190 4188
f 3675 4192 4209
f 4195 4188 3684
f 3675 4203 3682
f 4207 4192 3688
f 4196 4189 3691
f 4189 4191 3685
f 4188 4190 4187
f 4199 4198 3690
f 4194 4199 3692
f 3680 3688 4192
f 3684 4188 4187
f 3699 4179 4182
f 3697 3709 4183
f 4179 4181 4170
f 3700 2173 4186
f 4172 3699 4182
f 4184 3703 4169
f 4171 3697 4183
f 4162 4181 4174
f 4170 4181 4162
f 4176 4184 4169
f 4185 4178 4175
f 4172 4171 3699
f 4171 4183 3699
f 4175 4174 4185
f 4177 3698 4173
f 4165 2173 3700
f 3720 2169 3693
f 2169 3720 2170
f 4173 3698 4184
f 4174 4175 4167
f 4177 4159 7692
f 4182 4170 4160
f 3693 2169 4168
f 4175 3693 4168
f 4173 4184 4163
f 4184 4176 4163
f 4175 4168 4166
f 4153 4170 4162
f 4182 4179 4170
f 4176 4169 4161
f 4156 4172 4182
f 4146 4171 4150
f 4175 4166 4167
f 4162 4174 4167
f 4156 4182 4160
f 4150 4171 4172
f 4161 4169 4146
f 4169 3697 4146
f 4160 4170 4153
f 4173 4148 4134
f 4150 4172 4151
f 4165 4164 4154
f 4163 4176 4158
f 4144 4167 4166
f 4156 4160 4157
f 4164 9738 4154
f 4157 4160 4149
f 4159 4177 4134
f 4172 4156 4151
f 4134 8981 4159
f 4142 4153 4162
f 4160 4153 4149
f 4148 4173 4147
f 4149 4153 4135
f 4168 2169 4126
f 4162 4167 4142
f 4166 4168 4126
f 4157 4149 4155
f 4176 4161 4158
f 4149 4135 4133
f 4151 4156 4152
f 4150 4151 4129
f 4147 4173 4163
f 4167 4144 4138
f 4143 4154 9738
f 4144 4166 4126
f 4146 4150 4128
f 4135 4153 4142
f 4163 4158 4147
f 4156 4157 4155
f 4142 4167 4145
f 4156 4155 4140
f 4145 4167 4138
f 4132 4149 4133
f 4132 4155 4149
f 4147 4158 4141
f 4138 4144 4137
f 4144 4126 4137
f 4132 4133 4116
f 4142 2148 4135
f 4151 4152 4129
f 4155 4132 4136
f 4130 4148 4147
f 4161 4146 4124
f 4128 4124 4146
f 4142 4145 2148
f 4140 4155 4136
f 4122 4152 4123
f 4129 4152 4122
f 4123 4152 4140
f 4129 4120 4150
f 9737 9738 9739
f 4107 4126 4139
f 8981 4134 4117
f 4130 4147 4141
f 4119 4158 4161
f 4123 4140 4136
f 4130 4117 4148
f 9739 4127 9737
f 4136 4132 4118
f 4138 4137 4131
f 4128 4150 4120
f 4112 8957 8981
f 4129 4122 4121
f 4118 4132 4115
f 4121 4120 4129
f 4141 4119 4108
f 4119 4161 4124
f 4139 2147 4107
f 4126 4107 4114
f 4137 4126 4114
f 4115 4132 4116
f 4122 4123 4125
f 2149 4127 9739
f 4123 4136 4118
f 4141 4158 4119
f 4131 4137 4114
f 4112 8981 4117
f 4108 4117 4130
f 4125 4123 4118
f 4127 2149 2144
f 4122 4125 4105
f 4121 4122 4110
f 4131 4109 4138
f 4128 4120 4113
f 4118 4115 4111
f 4113 4120 4096
f 4116 4133 2143
f 4104 4125 4118
f 4115 4116 4111
f 4116 2143 4111
f 4118 4111 4104
f 4091 4119 4124
f 4097 9737 4127
f 4131 4114 4094
f 4109 4131 4094
f 4105 4125 4099
f 4109 4094 4106
f 4096 4120 4121
f 4092 4121 4110
f 4127 2144 4097
f 4105 4102 4110
f 4124 4128 4113
f 4117 4134 4148
f 4110 4085 4092
f 4095 4107 2147
f 4101 4108 4119
f 4091 4124 4103
f 4089 4096 4092
f 4124 4113 4103
f 4104 4111 4100
f 4099 2140 4105
f 4100 4099 4104
f 4094 4107 4095
f 4084 4108 4101
f 4101 4119 4091
f 4105 2136 4102
f 4125 4104 4099
f 4098 4112 4083
f 4110 4102 4085
f 8854 4112 4098
f 4077 8854 4098
f 4114 4107 4094
f 4082 4106 4094
f 4097 2144 2127
f 4094 4095 4086
f 4139 4126 2169
f 4102 4087 4085
f 4093 4089 4092
f 4113 4096 4081
f 2127 2144 4090
f 4096 4121 4092
f 4083 4117 4084
f 4103 4113 4081
f 4087 4102 2136
f 4117 4108 4084
f 4083 4112 4117
f 4096 4089 4078
f 4088 4098 4083
f 4084 4091 4080
f 4101 4091 4084
f 4093 4092 4085
f 4081 4096 4078
f 4078 4089 4093
f 4082 4094 4086
f 4085 4087 4076
f 2125 4086 4095
f 4084 4088 4083
f 4080 4091 4103
f 4076 4074 4093
f 4088 4077 4098
f 4076 4087 4079
f 4122 4105 4110
f 4075 4077 4088
f 4080 4103 4067
f 4103 4081 4067
f 4108 4130 4141
f 4074 4076 4072
f 4070 4077 4075
f 4081 4078 4066
f 4084 4080 4073
f 4059 4080 4067
f 4071 4081 4066
f 4069 4075 4088
f 8799 8844 4070
f 4066 4078 4074
f 4067 4081 4071
f 4052 4079 9720
f 4088 4084 4073
f 8844 4077 4070
f 4074 4078 4093
f 4066 4074 4072
f 4072 4076 4064
f 4071 4066 4065
f 4088 4073 4069
f 4064 4076 4079
f 4064 4079 4052
f 4075 4069 4055
f 4062 8734 8799
f 4048 4071 4065
f 4051 8799 4070
f 4070 4075 4055
f 9724 4068 4063
f 4073 4080 4059
f 4062 8799 4051
f 4060 4069 4073
f 4056 4061 4068
f 4062 8689 8734
f 4059 4067 4048
f 4066 4072 4058
f 4063 4068 4053
f 4073 4059 4060
f 4068 4061 4053
f 4058 4064 4052
f 4072 4064 4058
f 4063 4053 4046
f 4055 4069 4044
f 4051 4070 4054
f 4066 4058 4047
f 4057 4030 4061
f 4037 4062 4051
f 4054 4070 4049
f 4057 2071 4030
f 4045 4059 4048
f 4042 4065 4066
f 4031 4051 4054
f 4044 4069 4060
f 4039 4053 4061
f 4050 4063 4043
f 4060 4059 4045
f 4047 4058 4041
f 4049 4055 4044
f 8661 4062 4037
f 4061 4030 4039
f 4038 4049 4032
f 4070 4055 4049
f 2071 2072 4030
f 4051 4031 4037
f 4060 4045 4033
f 4032 4049 4044
f 4029 4037 4031
f 4061 4056 4057
f 4043 4046 9788
f 4044 4060 4033
f 4036 9788 4046
f 4067 4071 4048
f 4043 4063 4046
f 4042 4066 4047
f 4053 4039 4046
f 4026 4050 4043
f 4047 4041 4042
f 4036 4046 4039
f 4037 4029 8627
f 4042 4048 4065
f 4039 4030 4024
f 4033 4045 4042
f 9784 4044 4033
f 4034 4049 4038
f 4038 4032 4035
f 4045 4048 4042
f 4034 4038 4035
f 4042 4041 4026
f 4041 4050 4026
f 9787 4032 9784
f 4054 4034 4028
f 4039 4027 4036
f 4032 4044 9784
f 4039 4024 4027
f 4030 2062 4024
f 4026 4043 4040
f 9785 4036 4027
f 4035 4032 9787
f 9787 4034 4035
f 4028 4029 4031
f 4031 4054 4028
f 4054 4049 4034
f 9784 4033 4023
f 4025 4029 4028
f 4023 4033 4042
f 4021 8602 8603
f 9785 4027 4020
f 2062 4022 4024
f 2062 2063 4017
f 4020 4021 4025
f 4027 4022 4019
f 9785 4020 4025
f 4020 4027 4019
f 4027 4024 4022
f 8602 4021 4016
f 4016 4020 4019
f 4021 4020 4016
f 4022 4018 4019
f 4018 2062 4017
f 4018 4017 4013
f 4015 4016 4019
f 8602 4016 4012
f 4019 4018 4013
f 4011 4019 4013
f 4019 4011 4015
f 4012 4016 4015
f 4015 4006 4012
f 8602 4012 8589
f 4022 2062 4018
f 4015 4011 4010
f 4013 4014 4007
f 4009 4013 4007
f 4010 4011 4009
f 4006 8561 4012
f 4007 4014 4008
f 4005 8561 4006
f 4006 4015 4010
f 4006 4010 4004
f 4009 4007 4001
f 4010 4009 4001
f 4007 4002 4001
f 4005 4006 4003
f 4010 4001 4004
f 4008 2019 4002
f 4006 4004 4003
f 8610 8638 8582
f 4000 4003 4004
f 4000 4004 3996
f 4001 4002 3997
f 3998 4003 4000
f 3997 4002 2019
f 3996 3997 3994
f 4005 4003 3998
f 3992 3998 4000
f 3998 3999 4005
f 4001 3996 4004
f 3996 4001 3997
f 3997 2019 3991
f 3996 3994 3993
f 2019 2008 1999
f 2019 1999 3991
f 3993 3995 3996
f 8554 8567 8560
f 3995 3992 3996
f 3992 4000 3996
f 3999 3998 3992
f 8554 8571 8567
f 8507 3999 3992
f 3994 3997 3991
f 3987 8507 3992
f 3989 3993 3994
f 3988 3995 3993
f 3991 1999 1995
f 3992 3995 3988
f 3994 3991 1979
f 3989 3994 1979
f 3990 8501 8507
f 3987 3992 3988
f 3990 8507 3987
f 3989 1979 3983
f 1979 3985 3983
f 1973 3985 1979
f 3986 3987 3988
f 3983 3988 3989
f 3984 3988 3983
f 3982 3988 3984
f 3990 3987 3981
f 3988 3982 3986
f 3981 3987 3986
f 3983 3985 3980
f 3986 3982 3981
f 8472 3990 3981
f 3982 3984 3977
f 3974 3979 3981
f 3981 3982 3974
f 3977 3980 3976
f 3982 3977 3974
f 3974 3978 3979
f 3976 3980 1959
f 3977 3984 3980
f 3974 3977 3976
f 3974 3976 3973
f 3976 1959 3972
f 3976 3972 3975
f 3978 3974 3973
f 3973 3976 3975
f 8442 3978 3973
f 3973 3975 3970
f 8442 3973 3971
f 3970 3975 3972
f 3972 1954 9718
f 3970 3972 9718
f 8442 3971 9687
f 3970 9718 9699
f 9694 3970 9699
f 9694 3971 3970
f 3984 3983 3980
f 3971 3973 3970
f 3971 9694 9687
f 3961 3967 199
f 3961 199 3966
f 3964 3966 3968
f 3968 3969 3964
f 8432 3967 3961
f 3966 3962 3961
f 3960 3969 3963
f 3960 3964 3969
f 3963 3969 1880
f 3962 3966 3964
f 8432 8327 8377
f 3958 3964 3960
f 3960 3963 3955
f 3965 1818 3952
f 3957 3952 1818
f 3953 3962 3964
f 3958 3960 3955
f 3948 3961 3962
f 3953 3964 3958
f 1811 3957 1818
f 3948 8432 3961
f 3945 1796 1802
f 1802 1688 3945
f 8327 8432 3948
f 3945 3959 1796
f 3954 3959 3950
f 1811 3956 3957
f 3956 3954 3949
f 3962 3953 3942
f 3945 3947 3959
f 3950 3959 3947
f 8327 3948 8235
f 3952 3957 3951
f 3958 3955 3944
f 3952 3951 3946
f 3955 3952 3946
f 3945 1688 3943
f 3951 3957 3940
f 3957 3956 3936
f 3953 3958 3941
f 3933 3936 3956
f 3944 3955 3946
f 3942 3953 3941
f 3962 3942 3948
f 3947 3945 3943
f 3938 3939 3951
f 3956 3949 3933
f 3938 3951 3940
f 3948 3942 3927
f 3940 3957 3936
f 3946 3951 3939
f 3932 3950 3947
f 3925 3949 3954
f 3927 8235 3948
f 3928 3947 3943
f 3934 3932 3947
f 3928 3934 3947
f 3950 3925 3954
f 3927 3942 3937
f 3950 3932 3925
f 3923 3941 3944
f 3938 3940 3924
f 3928 3943 3935
f 3940 3922 3924
f 3944 3946 3939
f 3942 3941 3931
f 3916 3939 3924
f 3936 3922 3940
f 3931 3941 3923
f 3937 3931 3920
f 3929 3939 3916
f 3942 3931 3937
f 3934 3928 3919
f 3930 3933 3925
f 3921 3932 3934
f 3925 3932 3921
f 3928 3935 3919
f 8235 8172 8221
f 3922 3933 3930
f 3919 3935 3915
f 3944 3939 3923
f 3921 3930 3925
f 3935 3926 3915
f 3931 3923 3904
f 3930 3911 3922
f 3923 3939 3929
f 3908 3923 3929
f 3912 3924 3909
f 3912 3916 3924
f 3919 3918 3934
f 3911 3924 3922
f 3924 3911 3909
f 3917 3927 3937
f 3918 3921 3934
f 3905 3930 3921
f 3911 3930 3905
f 3910 3929 3916
f 3927 3917 8172
f 3920 3931 3904
f 3907 3937 3920
f 3910 3916 3898
f 3904 3923 3908
f 3907 3920 3914
f 3916 3912 3898
f 3936 3933 3922
f 3917 3937 3907
f 3914 3920 3904
f 3893 3918 3919
f 3900 3921 3918
f 3897 3908 3929
f 3929 3910 3897
f 3893 3919 3915
f 3893 3915 3902
f 3908 3882 3904
f 3905 3921 3900
f 3898 3912 3888
f 3900 3918 3893
f 3903 3917 3907
f 3915 3906 3895
f 3903 8097 3917
f 3914 3904 3885
f 3895 3902 3915
f 3888 3912 3883
f 3892 3905 3900
f 3909 3911 3890
f 3907 3914 3901
f 3892 3900 3876
f 3906 3913 3896
f 3882 3908 3897
f 3876 3900 3893
f 3912 3909 3883
f 3898 3888 3897
f 3897 3910 3898
f 3899 3890 3905
f 8073 8097 3903
f 3899 3905 3892
f 3882 3897 3865
f 3897 3888 3884
f 3905 3890 3911
f 3863 3901 3885
f 3902 3895 3896
f 3913 1445 3879
f 3893 3902 3871
f 3886 3902 3896
f 3893 3877 3876
f 3893 3871 3877
f 1454 1478 3870
f 3896 3913 3879
f 1445 1430 3861
f 3884 3888 3857
f 3914 3885 3901
f 3876 3899 3892
f 3858 3887 3903
f 3904 3880 3885
f 3888 3883 3857
f 3903 3901 3858
f 3882 3880 3904
f 3861 3879 1445
f 3865 3897 3844
f 3858 3901 3881
f 3871 3902 3886
f 3907 3901 3903
f 3899 3876 3875
f 3883 3890 3867
f 3890 3899 3867
f 3883 3909 3890
f 3894 3889 1416
f 3864 1478 3894
f 3864 3870 1478
f 3899 3875 3867
f 3883 3868 3857
f 3882 3865 3848
f 3867 3868 3883
f 3869 3894 1416
f 3863 3885 3880
f 3897 3884 3844
f 3864 3894 3869
f 3871 3886 3873
f 3880 3882 3848
f 3861 1430 3860
f 3872 3870 3864
f 3851 3884 3857
f 3878 3860 1462
f 3851 3859 3884
f 3858 3881 3866
f 3860 1430 1462
f 3862 3876 3877
f 3875 3876 3862
f 1478 3891 3894
f 3877 3871 3862
f 3879 3861 3852
f 3867 3875 3862
f 3866 3881 3850
f 3871 3873 3854
f 3862 3871 3854
f 3843 3869 1416
f 3844 3884 3859
f 3874 3879 3845
f 3851 3857 3856
f 3833 8006 3858
f 3863 3880 3840
f 3873 3874 3845
f 3867 3862 3855
f 3881 3901 3863
f 3860 3878 3842
f 3878 3870 3872
f 3855 3862 3854
f 3853 3865 3844
f 3857 3868 3847
f 3856 3857 3847
f 3868 3867 3855
f 3854 3873 3849
f 3845 3849 3873
f 3839 3864 3869
f 3833 3858 3866
f 3842 3878 3872
f 3840 3880 3848
f 3859 3851 3846
f 3838 3868 3855
f 3868 3838 3847
f 3825 3845 3852
f 3849 3845 3837
f 3830 3869 3843
f 3851 3856 3841
f 3855 3854 3835
f 3842 3872 3829
f 3840 3850 3863
f 3830 3839 3869
f 3958 3944 3941
f 3853 3844 3834
f 3835 3838 3855
f 3856 3847 3826
f 3846 3851 3841
f 3856 3824 3841
f 3834 3844 3859
f 3863 3850 3881
f 3836 3866 3850
f 3854 3837 3835
f 3839 3829 3872
f 3821 3847 3838
f 3826 3847 3827
f 3872 3864 3839
f 3837 3845 3825
f 3848 3853 3831
f 3856 3826 3824
f 3852 3861 3860
f 3848 3865 3853
f 3820 3850 3840
f 3840 3848 3831
f 3834 3859 3846
f 3852 3842 3814
f 3853 3834 3831
f 3833 3866 3836
f 3829 3839 3819
f 3825 3852 3818
f 3814 3842 3829
f 3837 3825 3828
f 3836 3850 3815
f 3846 3809 3834
f 3838 3835 3828
f 3823 3839 3830
f 3842 3852 3860
f 3831 3820 3840
f 3837 3854 3849
f 3841 3824 3822
f 3819 3839 3823
f 3826 3827 3817
f 3806 3824 3826
f 3821 3838 3812
f 3816 3833 3832
f 3831 3834 3809
f 3818 3852 3814
f 3838 3828 3812
f 3807 3824 3806
f 3822 3824 3807
f 3814 3829 3819
f 3828 3825 3818
f 3803 3821 3812
f 3846 3797 3809
f 3815 3850 3820
f 3806 3826 3817
f 3812 3828 3818
f 3818 3814 3802
f 3805 3831 3809
f 3846 3841 3797
f 3810 3815 3820
f 3802 3814 3819
f 3843 3799 3830
f 3836 3815 3791
f 3816 3832 3811
f 3820 3831 3789
f 3807 3813 3822
f 3802 3819 3808
f 3789 3805 3800
f 3805 3809 3798
f 3810 3820 3789
f 3790 3806 3817
f 3807 3806 3794
f 3790 3817 9782
f 3791 3832 3836
f 3789 3831 3805
f 3815 3810 3791
f 3798 3809 3797
f 9779 3818 3802
f 3806 3790 3794
f 3801 3807 3794
f 3808 3823 3799
f 3841 3813 3797
f 3843 1316 3799
f 3813 3841 3822
f 3797 3813 3796
f 3764 3810 3789
f 3823 3808 3819
f 3801 3813 3807
f 3785 3797 3780
f 3798 3785 3792
f 3832 3791 3788
f 3791 3810 3779
f 3795 3803 3786
f 3803 3818 3786
f 3812 3818 3803
f 3800 3805 3782
f 3793 3801 3794
f 3793 3794 3783
f 3774 3799 1316
f 3832 3833 3836
f 3816 3811 3804
f 3804 3811 3832
f 3796 3801 3793
f 3780 3797 3796
f 3790 9782 3781
f 3801 3796 3813
f 3783 3794 3784
f 3798 3797 3785
f 3782 3805 3792
f 3790 3784 3794
f 3787 9779 3802
f 3788 3804 3832
f 3791 3779 3776
f 3787 3802 3808
f 3790 3781 3775
f 3835 3837 3828
f 3787 3808 3799
f 3774 1316 1280
f 3792 3785 3770
f 3793 3778 3796
f 3787 3799 3774
f 3779 3810 3764
f 3796 3778 3780
f 3782 3792 3765
f 3789 3800 3772
f 7823 3804 3788
f 3792 3805 3798
f 3773 3793 3783
f 3786 3769 3795
f 3800 3782 3772
f 3775 3781 3777
f 3777 3781 9778
f 3762 3784 3763
f 3784 3767 3763
f 3766 3782 3765
f 3780 3778 3770
f 3776 3779 3754
f 3773 3783 3761
f 3788 3776 3759
f 3775 3747 3767
f 3768 3778 3773
f 3745 3782 3766
f 3745 3772 3782
f 3761 3783 3762
f 3778 3793 3773
f 3783 3784 3762
f 3756 3764 3772
f 3771 7823 3788
f 3792 3770 3765
f 3770 3785 3780
f 3771 3788 3759
f 3755 3776 3754
f 3775 3777 3747
f 3764 3756 3739
f 3765 3752 3744
f 3766 3765 3744
f 3735 3772 3745
f 3779 3764 3739
f 3752 3765 3746
f 3760 3776 3755
f 3753 3762 3763
f 3761 3749 3773
f 3767 3784 3775
f 3790 3775 3784
f 3733 3767 3747
f 3746 3770 3742
f 3777 9778 3757
f 3753 3763 3738
f 3748 3771 3759
f 3756 3772 3735
f 3757 9778 3743
f 3776 3760 3759
f 3761 3762 3753
f 3758 3771 3748
f 3751 3742 3768
f 3749 3761 3753
f 3766 3744 3745
f 3736 3756 3735
f 3721 3755 3754
f 3763 3767 3733
f 3747 3777 3714
f 3731 3760 3755
f 3733 3747 3714
f 3730 3753 3738
f 3745 3744 3716
f 3746 3765 3770
f 3742 3770 3778
f 3768 3742 3778
f 3750 3734 3737
f 3743 3750 3722
f 3757 3743 3722
f 3752 3746 3741
f 3740 3755 3721
f 3754 3779 3721
f 3750 9783 3734
f 3752 3732 3744
f 3776 3788 3791
f 3764 3789 3772
f 3742 3724 3741
f 3752 3741 3732
f 3738 3763 3728
f 3755 3740 3731
f 3777 3757 3714
f 3738 3728 3730
f 3749 3753 3729
f 3744 3726 3725
f 3735 3745 3716
f 3721 3779 3739
f 3724 3742 3751
f 3716 3744 3725
f 3748 3759 3760
f 3732 3726 3744
f 1260 3734 1280
f 3714 3757 3722
f 3748 3760 3717
f 1260 3737 3734
f 3763 3733 3728
f 3718 3751 3749
f 3718 3724 3751
f 3720 3728 3733
f 3735 3716 3710
f 3696 3739 3756
f 3733 3712 3720
f 3712 3733 3714
f 3717 3731 3719
f 3729 3718 3749
f 3758 7823 3771
f 3732 3724 3727
f 3726 3732 3727
f 3730 3713 3753
f 3731 3740 3719
f 3725 3726 3723
f 3696 3721 3739
f 3718 3729 3713
f 3756 3736 3696
f 3713 3729 3753
f 3726 3727 3723
f 3725 3723 3716
f 3722 3737 3715
f 3736 3735 3710
f 3713 3730 3694
f 3702 3727 3724
f 3740 3721 3706
f 3714 3722 3715
f 3730 3728 3694
f 3695 7770 3717
f 3717 3760 3731
f 3724 3705 3702
f 3711 3717 3719
f 3728 3720 3694
f 3705 3724 3718
f 3711 3719 3740
f 3724 3732 3741
f 3698 3695 3717
f 3715 3737 3701
f 3709 3736 3710
f 3712 3714 3708
f 3716 3723 3699
f 3707 3723 3727
f 3711 3698 3717
f 3721 3696 3706
f 3716 3699 3704
f 3718 3713 3705
f 3693 3694 3720
f 3715 3701 3700
f 3713 4185 3705
f 3702 3707 3727
f 3699 3723 4179
f 3703 3711 3740
f 3711 4184 3698
f 3701 3737 1260
f 3703 3740 3706
f 4185 3713 4178
f 3706 3696 4169
f 3696 3736 3709
f 4186 3708 3715
f 3712 3708 4186
f 3702 3705 4185
f 3710 3716 3704
f 4184 3711 3703
f 3709 3710 4183
f 3741 3746 3742
f 3710 3704 4183
f 3700 3701 4180
f 3707 3702 4174
f 3720 3712 4186
f 3715 3700 4186
f 3694 3693 4175
f 4169 3696 3697
f 3723 3707 4181
f 3723 4181 4179
f 4181 3707 4174
f 3702 4185 4174
f 3704 3699 4183
f 4169 3703 3706
f 3714 3715 3708
f 4175 4178 3694
f 4178 3713 3694
f 4177 3695 3698
f 4177 4173 4134
f 3709 3697 3696
f 4140 4152 4156
f 4146 3697 4171
f 3690 3692 4199
f 3681 4200 3688
f 4187 4190 3691
f 4203 4195 3682
f 4187 3691 3686
f 3688 3680 3681
f 4195 3684 3687
f 4200 3681 3689
f 1156 4194 3692
f 4187 3686 3679
f 3685 3669 3683
f 3684 4187 3679
f 4195 3687 3682
f 3669 3685 1153
f 3678 3684 3679
f 4190 4196 3691
f 3671 4192 3675
f 3682 3673 3675
f 3687 3684 3678
f 3682 3687 3673
f 3691 3683 3686
f 3674 3675 3673
f 3671 3680 4192
f 3681 3680 3665
f 3676 3686 3683
f 3663 3679 3676
f 3679 3686 3676
f 3678 3679 3663
f 3669 1153 3677
f 3683 3669 3672
f 3657 3689 3681
f 3687 3678 3667
f 3668 3689 3657
f 3680 3671 3665
f 3678 3663 3667
f 3673 3662 3670
f 3683 3672 3660
f 3676 3683 3664
f 3662 3687 3667
f 2278 4190 4202
f 3662 3673 3687
f 3659 3671 3675
f 3691 3685 3683
f 3652 3668 3657
f 3669 3677 3666
f 3659 3675 3674
f 3672 3669 3666
f 3672 3650 3660
f 3661 3659 3674
f 3667 3655 3662
f 3666 3677 3653
f 3664 3683 3660
f 3659 3665 3671
f 3663 3664 3660
f 3667 3663 3660
f 3655 3670 3662
f 3656 3672 3666
f 3665 3657 3681
f 3661 3674 3670
f 3667 3660 3655
f 3661 3670 3655
f 3677 3658 3653
f 3661 3654 3659
f 3649 3656 3666
f 3655 3660 3651
f 3661 3655 3651
f 3657 3665 3645
f 3674 3673 3670
f 3651 3654 3661
f 3672 3656 3650
f 3660 3650 3651
f 3650 3646 3651
f 3633 3652 3657
f 3677 1085 3658
f 3651 3646 3654
f 3654 3644 3659
f 3649 3653 3647
f 3640 3656 3649
f 3633 3657 3645
f 3658 3648 3653
f 3648 3647 3653
f 3647 3648 3643
f 3648 3658 3643
f 3665 3659 3644
f 3654 3646 3641
f 3637 3665 3644
f 3640 3649 3638
f 3656 3646 3650
f 3643 3658 3642
f 3638 3649 3647
f 3645 3665 3637
f 3639 3628 3668
f 3641 3646 3638
f 3630 3652 3633
f 3646 3640 3638
f 3644 3654 3641
f 3637 3644 3634
f 3638 3647 3636
f 3647 3643 3627
f 3637 3631 3645
f 3643 3642 3632
f 3631 3633 3645
f 3622 3637 3634
f 3636 3647 3627
f 3634 3641 3635
f 3627 3643 3632
f 3638 3636 3625
f 3635 3638 3625
f 3632 3642 3624
f 3635 3641 3638
f 3644 3641 3634
f 3639 3652 3630
f 3649 3666 3653
f 3621 3634 3635
f 3623 3637 3622
f 3636 3627 3626
f 3621 3635 3625
f 3629 897 3624
f 3631 3637 3623
f 3636 3626 3625
f 3619 3639 3630
f 3627 3632 3618
f 3630 3633 3616
f 3631 3616 3633
f 3621 3622 3634
f 3630 3616 3617
f 3642 3629 3624
f 3626 3627 3618
f 3632 3613 3618
f 3621 3625 3611
f 3623 3622 3615
f 3652 3639 3668
f 3646 3656 3640
f 3625 3626 3611
f 3613 3632 879
f 3626 3618 3611
f 3622 3621 3620
f 879 3632 3624
f 3622 3620 3615
f 3619 3630 3617
f 3611 3618 3612
f 3621 3611 3620
f 3618 3613 3612
f 3614 3623 3615
f 896 3628 3639
f 896 3639 805
f 3613 855 3612
f 3598 3615 3620
f 3631 3623 3614
f 3631 3614 3616
f 3611 3612 3602
f 3612 855 3610
f 3598 3620 3611
f 805 3639 3619
f 3617 3600 3603
f 3610 3609 3612
f 3601 3615 3598
f 3598 3611 3602
f 3608 3616 3614
f 3601 3614 3615
f 3605 827 3591
f 3591 800 3599
f 3600 3616 3608
f 3610 3607 3604
f 3606 3617 3603
f 3600 3608 3595
f 3619 3617 3606
f 3619 3585 805
f 3602 3612 3609
f 3614 3601 3608
f 3604 3607 3605
f 3609 3610 3604
f 3597 3605 3591
f 3602 3609 3598
f 3608 3601 3596
f 3604 3605 3597
f 3601 3598 3596
f 3609 3593 3598
f 3606 3603 3594
f 3593 3596 3598
f 3585 3619 3606
f 3600 3590 3603
f 3590 3600 3595
f 3592 3593 3604
f 3597 3591 3589
f 3604 3597 3589
f 3592 3604 3589
f 3604 3593 3609
f 3585 3606 3586
f 3606 3594 3586
f 3591 3599 3584
f 3588 3596 3593
f 3599 752 692
f 3589 3591 3584
f 3587 3608 3588
f 3592 3588 3593
f 3608 3596 3588
f 3589 3584 3588
f 3588 3584 3587
f 3586 3594 3582
f 3589 3588 3592
f 3603 3590 3594
f 3617 3616 3600
f 673 3599 692
f 3584 3599 3581
f 3590 3595 3580
f 3587 3584 3581
f 3587 3581 3580
f 3599 673 3581
f 3579 3582 3594
f 3585 3586 3583
f 3608 3587 3595
f 624 3585 3583
f 3583 3586 3582
f 3578 3582 3579
f 3577 3590 3580
f 3583 3582 3570
f 3594 3590 3579
f 3570 3582 3578
f 3577 3580 3576
f 3579 3590 3577
f 3573 3578 3579
f 3580 3581 3576
f 3576 3572 3577
f 623 3578 3575
f 3576 3581 644
f 3587 3580 3595
f 3579 3577 3572
f 3576 644 3572
f 3573 3579 3572
f 618 3583 3574
f 3572 3571 3573
f 3572 644 3571
f 623 3570 3578
f 3574 3583 3570
f 3561 3569 3566
f 3566 3569 3568
f 3569 3564 3568
f 3567 3547 3569
f 9776 3564 3569
f 3567 3569 3561
f 3565 3566 3568
f 3547 9776 3569
f 3564 3563 3568
f 3568 3563 3562
f 3561 3566 3551
f 3557 3567 3561
f 3555 3550 3567
f 3562 3563 3559
f 3557 3555 3567
f 3564 3558 3563
f 3541 3562 3559
f 3547 3567 3550
f 3548 3561 3551
f 3566 3560 3551
f 3563 3558 3546
f 3558 9776 3547
f 3560 3566 3565
f 3557 3561 3548
f 3564 9776 3558
f 3545 3560 3565
f 3556 3541 3559
f 3548 3551 3549
f 3563 3546 3554
f 3552 3558 3547
f 3559 3554 3525
f 3559 3525 3556
f 3545 3553 3544
f 3560 3545 3544
f 3551 3560 3544
f 3541 3528 3565
f 3545 3565 3528
f 3541 3565 3562
f 3529 3549 3551
f 3554 3546 3543
f 3554 3543 3525
f 3532 3547 3550
f 3555 3557 3533
f 3557 3548 3542
f 3552 3547 3536
f 3529 3551 3544
f 3530 3550 3555
f 3520 3558 3552
f 3538 3548 3549
f 3544 3553 3534
f 3537 3546 3558
f 3508 3533 3557
f 3540 3553 3545
f 3556 3525 3521
f 3565 3568 3562
f 3541 3556 3531
f 3545 3528 3540
f 3508 3557 3542
f 3548 3538 3542
f 3543 3546 3523
f 3558 3520 3537
f 3537 3523 3546
f 3547 3532 3536
f 3515 3544 3534
f 3538 3549 3539
f 3511 3520 3552
f 3528 3535 3540
f 3530 3555 3533
f 3559 3563 3554
f 3521 3531 3556
f 3517 3532 3530
f 3521 3526 3531
f 3536 3532 3519
f 3523 3537 3520
f 3527 3528 3531
f 3539 3529 3515
f 3528 3541 3531
f 3550 3530 3532
f 3525 3543 3523
f 3518 3542 3538
f 3553 9775 3522
f 3508 3542 3500
f 3538 3539 3512
f 3540 3535 3514
f 3535 3528 3527
f 3530 3533 3524
f 3517 3519 3532
f 3531 3526 3527
f 9775 3553 3540
f 3518 3500 3542
f 3524 3517 3530
f 3524 3533 3513
f 3499 3536 3519
f 3510 3534 3506
f 3534 3522 3506
f 3525 3501 3521
f 3525 3523 3501
f 3511 3536 3499
f 3540 3514 9775
f 3549 3529 3539
f 3527 3526 3516
f 3522 9775 3506
f 3511 3507 3520
f 3501 3503 3521
f 3521 3503 3498
f 3497 3517 3524
f 3509 3514 3535
f 3502 3515 3510
f 3502 3539 3515
f 3523 3520 3501
f 3535 3527 3504
f 3511 3499 3507
f 3513 3533 3508
f 3492 3518 3495
f 3518 3512 3495
f 3502 3505 3539
f 3527 3516 3504
f 3511 3552 3536
f 3520 3507 3501
f 3478 3508 3496
f 3519 3497 3489
f 3513 3508 3478
f 3518 3492 3500
f 3510 3506 3484
f 3534 3553 3522
f 3515 3534 3510
f 3503 3501 3493
f 3494 3516 3498
f 3499 3519 3489
f 3491 3524 3513
f 3512 3539 3505
f 9774 3505 3502
f 3481 3497 3491
f 3500 3496 3508
f 3492 3479 3500
f 3509 3535 3482
f 3472 3535 3504
f 3501 3507 3493
f 3497 3483 3489
f 3488 3480 3506
f 3487 3505 9774
f 3490 3492 3495
f 9774 3510 3484
f 3482 3535 3472
f 3484 3506 3480
f 3512 3505 3495
f 9773 3505 3487
f 3486 3499 3489
f 3491 3497 3524
f 3516 3494 3485
f 3494 3503 3493
f 3516 3526 3498
f 3490 3479 3492
f 3483 3486 3489
f 3498 3526 3521
f 3504 3516 3485
f 3472 3504 3485
f 3473 3491 3513
f 3473 3513 3478
f 3505 3471 3495
f 3477 3496 3500
f 3471 3490 3495
f 3475 3487 9774
f 9773 3487 3474
f 9774 3484 9771
f 3491 3473 3481
f 3483 3467 3486
f 3475 9774 9771
f 3466 3499 3486
f 3468 3478 3496
f 3459 3490 3471
f 3470 3476 3493
f 3488 3509 3482
f 3465 3477 3479
f 3494 3493 3476
f 3458 3490 3459
f 3507 3470 3493
f 3455 3494 3476
f 3466 3486 3467
f 3469 3488 3482
f 3468 3473 3478
f 3518 3538 3512
f 3477 3500 3479
f 3497 3481 3461
f 3475 3474 3487
f 3470 3499 3466
f 3485 3494 3455
f 3469 3482 3454
f 3480 3488 3469
f 9773 9772 3456
f 3456 3505 9773
f 3483 3497 3461
f 3503 3494 3498
f 3442 3474 3475
f 3445 3474 3442
f 3472 3485 3454
f 3444 3446 3473
f 3465 3490 3458
f 3475 9771 3443
f 3466 3450 3470
f 3461 3481 3446
f 3446 3481 3473
f 3470 3464 3452
f 3452 3476 3470
f 3455 3476 3452
f 3470 3507 3499
f 3485 3455 3463
f 3454 3485 3462
f 3467 3461 3437
f 3443 9771 9770
f 3475 3443 3460
f 3470 3450 3464
f 3446 3434 3461
f 3469 3432 3457
f 3453 3448 3484
f 3432 3469 3454
f 3479 3490 3465
f 3442 3475 3460
f 3453 3484 3480
f 3483 3461 3467
f 3480 3469 3457
f 3431 3471 3456
f 3463 3462 3485
f 3453 3480 3457
f 3437 3461 3434
f 3454 3439 3432
f 3468 3477 3451
f 3428 3463 3455
f 3452 3464 3430
f 3454 3462 3433
f 3450 3466 3427
f 3441 3471 3431
f 3451 3477 3447
f 3449 3457 3432
f 3433 3462 3438
f 3453 3457 3449
f 3455 3452 3428
f 3454 3433 3439
f 3401 3460 3443
f 9772 3445 3429
f 3427 3466 3418
f 3418 3467 3437
f 3453 3449 3448
f 3435 3458 3459
f 3456 9772 3431
f 3464 3450 3440
f 3440 3430 3464
f 3428 3438 3462
f 3434 3446 3436
f 3449 3432 3404
f 3465 3458 3435
f 3428 3462 3463
f 3459 3471 3441
f 3468 3496 3477
f 3447 3465 3435
f 3441 3417 3422
f 3459 3441 3422
f 3432 3439 3426
f 3436 3444 3423
f 3473 3424 3444
f 3417 3441 3431
f 3497 3519 3517
f 3424 3473 3468
f 3438 3428 3413
f 3425 3449 3404
f 3435 3459 3422
f 3440 3415 3430
f 3399 3439 3433
f 3418 3437 3436
f 3444 3436 3446
f 3439 3399 3403
f 3472 3454 3482
f 3426 9769 3432
f 3418 3421 3427
f 3403 3414 3439
f 3439 3414 3426
f 3477 3465 3447
f 3424 3468 3451
f 3423 3444 3424
f 3429 3431 9772
f 3450 3427 3440
f 3419 3433 3438
f 3440 3427 3421
f 3425 3411 3448
f 3429 3416 3420
f 3413 3419 3438
f 3430 3415 3405
f 3443 3411 3401
f 3422 3410 3435
f 3430 3405 3428
f 3424 3451 3407
f 3442 3460 3416
f 3409 3440 3421
f 3431 3420 3417
f 3425 3404 3402
f 3466 3467 3418
f 3407 3451 3447
f 3431 3429 3420
f 3400 3419 3413
f 3406 3428 3405
f 3436 3423 3412
f 3436 3437 3434
f 3420 3416 3398
f 3410 3422 3397
f 3412 3423 3407
f 3407 3423 3424
f 3415 3409 3405
f 3422 3417 3397
f 3400 3413 3406
f 9769 3426 3414
f 3425 3402 3411
f 3407 3447 3410
f 3419 3400 3399
f 3408 3418 3436
f 3399 3433 3419
f 3398 3416 3401
f 3410 3447 3435
f 3387 3417 3420
f 3404 3393 3402
f 3408 3436 3412
f 3421 3418 3396
f 3396 3418 3408
f 3414 3403 3389
f 3402 3386 3411
f 9768 3412 3407
f 3397 3407 3410
f 3406 3395 3400
f 3392 3400 3395
f 3400 3392 3394
f 3399 3400 3394
f 9768 3407 3397
f 3395 3406 3405
f 3396 3405 3409
f 3389 3399 3394
f 3403 3399 3389
f 3416 3460 3401
f 3430 3428 3452
f 3406 3413 3428
f 3388 3390 3408
f 3396 3408 3390
f 3393 3389 3377
f 3398 3401 9765
f 3415 3440 3409
f 3389 3394 3377
f 9768 3391 3412
f 3387 3420 3398
f 3417 3387 3380
f 3395 3396 3383
f 3402 3393 3386
f 3429 3442 3416
f 3392 3395 3379
f 9765 3411 3386
f 3396 3390 3383
f 3377 3394 3376
f 3385 3417 3380
f 3375 3388 3384
f 3392 3379 3376
f 3366 3377 3376
f 3384 3388 3391
f 3380 3382 3385
f 3393 9767 3386
f 3379 3395 3383
f 3379 3369 3376
f 3391 3382 3374
f 3391 3374 3384
f 3380 3371 3381
f 3360 3382 3381
f 3369 3379 3378
f 3377 3366 3373
f 3371 9767 3373
f 9767 3393 3373
f 3383 3390 3375
f 3372 3378 3375
f 3372 3375 3384
f 3367 3372 3384
f 3379 3383 3378
f 3368 3378 3372
f 3391 9768 3382
f 3381 3371 3370
f 3360 3381 3370
f 3369 3378 3365
f 3365 3378 3368
f 3369 3366 3376
f 3367 3384 3362
f 3374 3382 3360
f 3371 3380 9767
f 3369 3359 3366
f 3369 3365 3359
f 3361 3373 3366
f 3361 3371 3373
f 3362 3384 3374
f 3362 3364 3367
f 3388 3375 3390
f 3378 3383 3375
f 3396 3409 3421
f 3393 3377 3373
f 3362 3374 3360
f 3365 3368 3354
f 3360 3370 3356
f 3365 3354 3355
f 3354 3368 3372
f 3363 3366 3359
f 3361 3366 3363
f 3364 3362 3357
f 3360 3356 3362
f 3361 3363 9766
f 3354 3372 3358
f 3363 3351 9766
f 3359 3365 3355
f 3362 3356 3352
f 3505 3456 3471
f 3382 3380 3381
f 3353 3347 3358
f 3350 3356 9766
f 3357 3362 3352
f 3372 3367 3358
f 3347 3354 3358
f 3363 3359 3351
f 3341 3354 3347
f 3351 3359 3355
f 3343 3364 3357
f 3339 3357 3352
f 3355 3354 3341
f 3355 3341 3348
f 3348 3351 3355
f 3353 3358 3364
f 3358 3367 3364
f 3357 3339 3343
f 3343 3349 3364
f 3350 3339 3352
f 3345 3346 3351
f 3351 3348 3345
f 3353 3364 3349
f 3337 3347 3334
f 3346 9766 3351
f 3347 3342 3336
f 3448 3449 3425
f 3393 3404 3389
f 3349 3329 3344
f 3334 3347 3353
f 3340 3353 3349
f 3329 3349 3343
f 3333 3348 3341
f 3330 3337 3334
f 3329 3343 3335
f 3334 3353 3340
f 3330 3332 3337
f 3341 3336 3333
f 3339 3338 3327
f 3341 3347 3336
f 3342 3337 3331
f 3333 3336 3316
f 3331 3337 3332
f 3338 3345 3327
f 3339 3327 3335
f 3316 3336 3342
f 3325 3340 3344
f 3335 3327 3328
f 3329 3335 3328
f 3330 3340 3318
f 3330 3334 3340
f 3343 3339 3335
f 3312 3329 3328
f 3325 3344 3323
f 3348 3333 3345
f 3327 3345 3315
f 3331 3332 3321
f 3323 3329 3312
f 3322 3328 3327
f 3356 3350 3352
f 3323 3344 3329
f 3327 3315 3322
f 3342 3321 3316
f 3319 3332 3307
f 3332 3310 3307
f 3332 3330 3326
f 3314 3325 3323
f 3345 3333 3320
f 3318 3325 3314
f 3317 3314 3323
f 3323 3312 3295
f 3332 3326 3310
f 3315 3309 3306
f 3340 3349 3344
f 3340 3325 3318
f 3333 3316 3320
f 3315 3345 3309
f 3318 3314 3300
f 3318 3326 3330
f 3324 3283 60
f 9764 3332 3319
f 3299 3322 3315
f 3295 3317 3323
f 3295 3312 3273
f 3326 3318 3310
f 3322 3299 3269
f 3309 3320 3313
f 3316 3321 3290
f 3320 3316 3255
f 3299 3315 3306
f 3328 3322 3273
f 3305 60 3283
f 3342 3331 3321
f 3255 3316 3290
f 3301 3311 3307
f 3310 3318 3300
f 3312 3328 3273
f 3324 65 3308
f 3321 9764 3294
f 3303 3311 3304
f 3303 9764 3311
f 3302 3311 3301
f 3345 3320 3309
f 3297 3301 3307
f 3321 3332 9764
f 3306 3309 3313
f 3273 3322 3269
f 3297 3307 3310
f 3297 3310 3300
f 3306 3277 3299
f 3300 3314 3297
f 3305 3283 3262
f 3293 3302 3301
f 3296 3301 3297
f 3267 3308 65
f 3276 3267 65
f 3313 3320 3255
f 3306 3313 3277
f 3294 9764 3303
f 3288 3303 3304
f 3295 3273 3286
f 3311 3319 3307
f 3276 3298 3230
f 3302 3293 3278
f 3296 3297 3280
f 3290 3321 3281
f 3273 3269 3251
f 3283 3324 3282
f 3292 3305 3262
f 3278 3285 3302
f 3292 3262 59
f 3285 3287 3291
f 3278 3287 3285
f 3289 3297 3317
f 3281 3294 3288
f 3293 3301 3296
f 3277 3313 3255
f 3287 3278 3274
f 3284 3289 3286
f 3291 3304 3285
f 3324 3308 3282
f 3304 3311 3302
f 3317 3286 3289
f 3286 3317 3295
f 3280 3279 3275
f 3283 3271 3262
f 3263 3286 3273
f 3285 3304 3302
f 3278 3293 3275
f 3257 3299 3277
f 3283 3282 3271
f 3296 3280 3293
f 3297 3314 3317
f 3279 3297 3289
f 3272 3279 3289
f 3268 3278 3275
f 3299 3257 3269
f 3297 3279 3280
f 3293 3280 3275
f 3291 3287 3264
f 3277 3270 3257
f 3287 3274 3264
f 3274 3278 3268
f 3277 3255 3270
f 3258 3289 3284
f 3288 3291 3281
f 3256 3266 3274
f 3258 3272 3289
f 3282 3242 3240
f 3272 3275 3279
f 3271 3282 3240
f 40 3259 3248
f 3281 3264 3236
f 3242 3282 3308
f 3281 3291 3264
f 3275 3272 3265
f 3244 3259 3262
f 3230 3252 3276
f 3173 3255 3290
f 3244 3234 3259
f 3251 3263 3273
f 3272 3258 3253
f 3258 3237 3249
f 3227 3281 3236
f 3260 3266 3256
f 3271 3240 3244
f 3227 3290 3281
f 3321 3294 3281
f 3268 3275 3265
f 3237 3284 3263
f 3255 3232 3270
f 3268 3256 3274
f 3268 3253 3256
f 3265 3272 3253
f 3271 3244 3262
f 3218 3251 3269
f 3221 3276 3252
f 3218 3269 3257
f 3241 3261 44
f 3173 3290 3227
f 3284 3286 3263
f 3234 3248 3259
f 3264 3266 3254
f 3254 3266 3260
f 3250 3256 3253
f 3253 3258 3243
f 3255 3173 3232
f 3254 3260 3245
f 3230 3298 3261
f 3291 3288 3304
f 3266 3264 3274
f 3245 3260 3246
f 3260 3250 3246
f 3250 3253 3247
f 3257 3270 3233
f 3264 3239 3236
f 3247 3253 3243
f 3258 3249 3243
f 3261 3298 45
f 3239 3254 3220
f 3221 3267 3276
f 3213 3263 3251
f 3267 3204 3308
f 3226 3247 3243
f 3229 3245 3238
f 3270 3232 3233
f 3247 3231 3246
f 3264 3254 3239
f 3245 3229 3254
f 3226 3231 3247
f 3260 3256 3250
f 3258 3284 3237
f 3213 3251 3218
f 3242 3211 3240
f 3228 3242 3308
f 3308 3204 3228
f 3223 3226 3243
f 3218 3257 3233
f 3294 3303 3288
f 3223 3243 3249
f 3248 3234 3222
f 3239 3220 3225
f 3254 3229 3220
f 3204 3267 3221
f 3215 3236 3239
f 3238 3246 3231
f 3201 3252 3230
f 3235 3223 3249
f 3198 3242 3228
f 3245 3246 3238
f 4302 42 4303
f 3229 3238 3219
f 27 3224 3217
f 3244 3240 3130
f 3263 3213 3205
f 3220 3229 3202
f 3237 3263 3214
f 3238 3231 3206
f 3233 3232 3169
f 3232 3173 3188
f 3246 3250 3247
f 3208 3235 3237
f 3208 3237 3214
f 3222 3224 3248
f 3265 3253 3268
f 3218 3233 3169
f 3240 3211 3130
f 3244 3130 3234
f 3201 3230 3261
f 3235 3208 3209
f 3224 3222 3217
f 3202 3225 3220
f 3214 3263 3205
f 3206 3231 3226
f 4302 4296 42
f 3241 42 4296
f 3215 3239 3225
f 3211 3242 3198
f 3196 3238 3206
f 3202 3229 3200
f 3227 3236 3212
f 3232 3188 3169
f 3222 3234 3207
f 3203 3215 3225
f 3205 3213 3143
f 3143 3165 3214
f 3213 3218 3143
f 3044 3198 3228
f 3217 3222 3194
f 3229 3219 3197
f 3223 3235 3210
f 3186 3223 3195
f 3164 3218 3169
f 3216 3241 4296
f 3236 3215 3212
f 3207 3234 3168
f 3227 3212 3027
f 3227 3027 3173
f 3226 3223 3186
f 3203 3153 3212
f 3214 3205 3143
f 3193 3225 3202
f 3225 3193 3192
f 3235 3209 3210
f 18 3217 3135
f 3200 3177 3202
f 3210 3209 3191
f 3208 3214 3165
f 3194 3135 3217
f 3219 3238 3196
f 3216 3201 3261
f 3261 3241 3216
f 3229 3197 3200
f 3211 3184 3199
f 3195 3223 3210
f 3186 3187 3206
f 3234 3130 3168
f 3212 3215 3203
f 9763 3197 3196
f 3191 3209 3208
f 3197 9763 3200
f 3180 3196 3187
f 3211 3199 3130
f 3176 3193 3177
f 3180 3190 3196
f 3222 3207 3194
f 3203 3192 3153
f 3193 3176 3192
f 3202 3177 3193
f 3187 3185 3180
f 3189 18 3135
f 9763 3196 3190
f 3208 3165 3086
f 9763 3170 3200
f 3187 3196 3206
f 3172 3186 3195
f 3093 3191 3208
f 3219 3196 3197
f 3177 3200 3170
f 3188 3173 3114
f 3187 3186 3185
f 9763 3183 3181
f 3190 3183 9763
f 3235 3249 3237
f 3198 3155 3184
f 3199 3184 3032
f 3175 3153 3192
f 3172 3195 3159
f 3174 9763 3181
f 3170 9763 3174
f 3176 3177 3167
f 3167 3175 3176
f 3185 3172 3166
f 3178 3161 3171
f 3182 3178 3160
f 3181 3183 3158
f 3183 3190 3180
f 3154 3183 3180
f 3206 3226 3186
f 3093 3208 3086
f 3163 3179 3182
f 3161 3178 3179
f 3170 3174 3167
f 3182 3179 3178
f 3178 3156 3160
f 3160 3138 3182
f 3198 3057 3155
f 3194 3207 3120
f 3167 3177 3170
f 3156 3178 3171
f 3168 3120 3207
f 3120 3135 3194
f 3167 3174 3175
f 3192 3176 3175
f 3179 3163 3139
f 3163 3182 3138
f 3044 3228 3034
f 3034 3228 3204
f 3034 3204 3221
f 3047 3173 3027
f 3156 3171 3151
f 12 3117 3100
f 3148 3158 3183
f 3152 3172 3159
f 3143 3086 3165
f 3160 3156 3108
f 3198 3044 3057
f 3192 3203 3225
f 3159 3162 9760
f 3161 3179 3147
f 3171 3128 3151
f 3034 3221 3009
f 4294 3216 4292
f 3149 3181 3158
f 3149 3142 3174
f 3174 3142 3175
f 3154 3185 3150
f 3185 3166 3157
f 3122 3163 3138
f 3130 3085 3168
f 4292 3216 4296
f 3183 3154 3148
f 3148 3154 3150
f 3147 3179 3139
f 3153 3175 3129
f 3129 3081 3153
f 3114 3173 3047
f 3152 3159 9760
f 3145 3157 3152
f 3110 3252 3201
f 3149 3158 3144
f 3027 3212 3069
f 3166 3172 3157
f 3141 3144 3148
f 3212 3153 3069
f 3150 3185 3157
f 3131 3150 3157
f 3185 3186 3172
f 3145 3152 9758
f 3138 3160 3132
f 4294 3201 3216
f 9758 3152 9760
f 3157 3172 3152
f 3128 3171 3161
f 3130 3032 3111
f 3199 3032 3130
f 3134 3144 3137
f 3134 3149 3144
f 3142 3149 3134
f 3131 3157 3145
f 3174 3181 3149
f 3133 3148 3136
f 3148 3150 3136
f 3147 3139 3116
f 3140 3175 3142
f 2944 3143 3218
f 3122 3102 3163
f 3102 3139 3163
f 3002 3057 3044
f 3189 3135 3117
f 12 3100 6
f 3136 3150 3126
f 3115 3151 3128
f 3119 3137 3141
f 3119 3141 3133
f 3122 3123 3102
f 3098 3108 3156
f 3135 3092 3117
f 3137 3119 3107
f 3128 3147 3072
f 3103 3139 3102
f 3156 3151 3098
f 3122 3138 3071
f 3140 3134 3127
f 3140 3142 3134
f 9761 3146 3093
f 3161 3147 3128
f 3101 3123 3122
f 3091 3139 3103
f 3032 3184 3155
f 3133 3136 3109
f 3085 3130 3111
f 3069 3153 3066
f 3124 3106 3140
f 3125 3131 9755
f 3126 3131 3125
f 3120 3121 3073
f 3137 3127 3134
f 3154 3180 3185
f 3118 3136 3126
f 3099 3122 3071
f 3063 3168 3085
f 3168 3096 3121
f 3137 3107 3094
f 3109 3104 3133
f 3141 3148 3133
f 3118 3109 3136
f 3126 3150 3131
f 3132 3108 3088
f 3071 3138 3112
f 3121 3120 3168
f 3252 3009 3221
f 3127 3137 3094
f 3129 3140 3106
f 3146 3191 3093
f 3103 3105 3091
f 3117 3092 3100
f 3144 3141 3137
f 3091 3105 3113
f 3098 3151 3115
f 3112 3138 3132
f 3168 3063 3096
f 3135 3120 3073
f 3127 3094 3124
f 3169 3188 3114
f 2944 3218 3078
f 3116 3139 3091
f 3115 3128 3072
f 7345 3105 3103
f 3127 3124 3140
f 3046 3129 3106
f 3115 3067 3098
f 3122 3099 3101
f 3108 3098 3097
f 3097 3088 3108
f 3132 3160 3108
f 3066 3153 3081
f 3083 3106 3124
f 3113 3105 3090
f 3094 3107 3095
f 3083 3124 3094
f 3115 3072 3089
f 7349 7345 3102
f 3112 3132 3087
f 3107 3119 3082
f 3095 3107 3082
f 3081 3129 3046
f 2990 3086 3143
f 3113 3070 3091
f 3026 9761 3093
f 3132 3088 3087
f 3046 9761 3026
f 2993 3093 3086
f 3078 3218 3164
f 7349 3102 7351
f 3023 3064 3073
f 3047 3027 2930
f 3116 3091 3077
f 3101 7351 3102
f 3097 3098 3067
f 3147 3077 3056
f 3147 3116 3077
f 7346 3101 3099
f 3079 3104 3109
f 3164 3169 3001
f 3061 3091 3070
f 3071 7348 3099
f 3112 3087 3041
f 3111 3063 3085
f 3092 3073 3064
f 3079 3109 3118
f 3101 3102 3123
f 3155 3080 3032
f 3084 3092 3064
f 3119 3076 3082
f 3076 3119 3104
f 3076 3104 3079
f 3148 3144 3158
f 3077 3091 3061
f 3067 3115 3089
f 3073 3121 3040
f 3084 3064 2994
f 9756 3065 3118
f 3118 3083 9756
f 3169 3114 2987
f 3072 3147 3056
f 3070 3113 3090
f 3090 3105 7345
f 3100 3092 3084
f 3075 3094 3095
f 3001 3078 3164
f 3009 3252 2984
f 3065 3059 3079
f 3143 2944 2960
f 3057 3080 3155
f 3073 3040 3013
f 3076 3079 3059
f 3119 3133 3104
f 3065 3079 3118
f 3072 3056 3089
f 3097 3067 3048
f 3032 3080 2997
f 3252 3110 2984
f 3082 3062 3095
f 3068 3076 3059
f 3065 9756 3051
f 3001 3169 2987
f 3067 3089 3074
f 3096 3040 3121
f 3110 3201 2992
f 3061 3070 3049
f 7348 7346 3099
f 4294 2992 3201
f 3075 3051 9756
f 3028 3087 3048
f 3058 3059 3065
f 3070 3090 3060
f 3071 3112 7339
f 3076 3068 3062
f 2960 2990 3143
f 3090 7345 3060
f 3074 3089 3042
f 3095 3062 3054
f 3077 3045 3030
f 3045 3077 3061
f 3089 3056 3042
f 3049 3070 3060
f 3103 3102 7345
f 7339 3112 3041
f 3065 3050 3058
f 3063 3111 2947
f 3048 3087 3088
f 3062 3055 3054
f 3062 3082 3076
f 3065 3051 3050
f 3080 3057 3038
f 3028 3041 3087
f 9759 3075 3095
f 3062 3053 3055
f 3081 2933 3066
f 3095 3054 9759
f 3052 3059 3058
f 3061 3049 3045
f 3074 3042 3005
f 3040 3096 3063
f 3053 3068 3059
f 3030 3056 3077
f 3025 3067 3074
f 3073 3013 3023
f 3055 3053 3043
f 3040 3012 3013
f 3053 3052 3043
f 2993 3086 2976
f 3030 3037 3042
f 7348 3071 7339
f 3084 2994 3021
f 3039 3084 3031
f 3055 3035 3022
f 3048 3067 3016
f 3053 3059 3052
f 3054 3022 9759
f 9762 3052 3058
f 3050 9762 3058
f 7339 3041 3036
f 2992 4294 2988
f 3055 3043 3035
f 3049 3060 7342
f 3021 3031 3084
f 3022 3054 3055
f 3042 3056 3030
f 3074 3029 3007
f 3088 3097 3048
f 3035 3043 3033
f 3043 3052 3033
f 9759 3022 3017
f 3040 3063 3012
f 3015 3041 3028
f 3053 3062 3068
f 2936 3114 3047
f 3052 9762 3020
f 3029 3074 3005
f 3028 3048 2995
f 2994 3064 3023
f 3018 3035 3033
f 2997 3080 3038
f 3006 3011 3048
f 3081 3024 2933
f 3049 3019 3045
f 3002 3034 2985
f 3048 3016 3006
f 3010 3028 2995
f 3022 3035 3018
f 3052 3020 3033
f 2988 4294 4292
f 2993 3024 3026
f 2976 3086 2990
f 3067 3025 3016
f 2995 3048 3011
f 3012 3063 3000
f 3022 3018 3017
f 3032 2997 3008
f 3018 3033 3020
f 2936 2987 3114
f 3024 3046 3026
f 3025 3007 2986
f 3015 3036 3041
f 3007 3029 3004
f 3012 3000 2996
f 3016 2941 3006
f 3005 3042 3037
f 2972 3032 3008
f 2941 3016 2983
f 3049 7330 3019
f 3014 3034 3009
f 3023 3013 2991
f 3021 2999 3031
f 3025 3074 3007
f 2942 2888 3002
f 2947 3111 2972
f 2888 3038 3057
f 2980 3036 3015
f 3037 3030 2981
f 2978 3006 2941
f 3012 2996 3013
f 2991 3013 2996
f 2971 2940 2994
f 2999 3021 2979
f 3029 3005 2989
f 3006 2978 3011
f 3023 2991 2994
f 7339 3036 2980
f 3014 2985 3034
f 2991 2971 2994
f 3030 2977 2981
f 3010 2995 2973
f 2956 2993 2976
f 3004 3029 2982
f 2972 3111 3032
f 3015 3028 3010
f 2957 3110 2992
f 2980 7335 7339
f 2959 2980 3015
f 3009 2984 3014
f 2998 2999 4283
f 2959 3015 3010
f 7346 7351 3101
f 2973 2995 3011
f 2917 3010 2973
f 2994 2940 2979
f 2968 2977 3003
f 3019 3003 3045
f 2977 3030 3003
f 3016 3025 2986
f 2983 3016 2986
f 3021 2994 2979
f 2967 3019 2974
f 3005 3037 2989
f 2982 3029 2989
f 2999 2998 3031
f 4293 4299 4300
f 3019 7330 2974
f 3110 2957 2984
f 2983 2986 2961
f 3000 2947 2876
f 2942 3002 2985
f 3008 2997 2951
f 2997 3038 2951
f 3003 3019 2967
f 3026 3093 2993
f 2929 3007 2966
f 2957 2992 2988
f 3047 2930 2844
f 2965 2978 2941
f 4301 4299 4298
f 2962 3011 2978
f 2991 2996 2969
f 2968 3003 2975
f 2977 2968 2920
f 2981 2977 2955
f 2986 2929 2924
f 7325 2980 2946
f 2981 2955 2970
f 2986 3007 2929
f 2904 2983 2961
f 3004 2889 3007
f 2996 3000 2931
f 2975 3003 1
f 2963 3037 2981
f 7325 7335 2980
f 2971 2991 2958
f 2930 3027 2921
f 2991 2969 2958
f 2947 2972 2912
f 2946 2980 2959
f 3014 2984 2914
f 4282 2999 2953
f 2933 3024 2956
f 2977 2920 2955
f 2975 1 2964
f 2940 2971 2928
f 2949 3004 2982
f 2972 3008 2912
f 3011 2962 2973
f 2936 3047 2844
f 2942 2985 3014
f 2996 2931 2969
f 4270 2988 4292
f 3027 3069 2921
f 2964 2967 2939
f 2981 2970 2950
f 2888 3057 3002
f 2981 2950 2963
f 2949 2982 2989
f 2941 2983 2904
f 3084 3039 3100
f 2968 2975 2927
f 2953 2999 2979
f 2978 2965 2934
f 2954 2923 2959
f 2915 2971 2958
f 3045 3003 3030
f 2967 2952 2939
f 2918 3010 2917
f 3066 2926 2852
f 2920 2968 2932
f 2948 2919 2970
f 2989 2963 2886
f 2914 2984 2865
f 2909 2973 2962
f 2987 2936 2838
f 3001 2987 2838
f 2935 2955 2920
f 2950 2970 2902
f 2966 3007 2889
f 2931 3000 2876
f 3078 3001 2838
f 2920 2932 2943
f 2964 2927 2975
f 4285 2998 4283
f 2829 2956 2976
f 2944 3078 2692
f 2948 2970 2955
f 2923 2946 2959
f 2902 2970 2919
f 2989 3037 2963
f 2939 2952 2945
f 3066 2933 2926
f 3004 2833 2889
f 2955 2935 2948
f 2858 7325 2946
f 2909 2962 2934
f 2692 3078 2838
f 2960 2976 2990
f 2937 2888 2907
f 2961 2924 2904
f 2849 2958 2969
f 2979 2940 2911
f 2979 2911 2953
f 2988 4270 2859
f 4282 9754 2922
f 3069 3066 2852
f 3004 2949 2833
f 2899 2947 2912
f 2941 2904 2893
f 9754 2896 9753
f 2932 2968 2927
f 2927 2964 2939
f 2939 2945 2925
f 2919 2948 2913
f 2893 2965 2941
f 2928 2971 2915
f 2922 9754 9753
f 2924 2961 2986
f 3069 2852 2921
f 2925 2945 2908
f 2912 3008 2905
f 2911 2940 2916
f 2951 2937 2905
f 3008 2951 2905
f 2876 2947 2899
f 2736 2942 2938
f 2959 3010 2954
f 2918 2954 3010
f 2898 2892 2932
f 2898 2932 2927
f 2963 2884 2886
f 2949 2989 2886
f 2844 2930 2921
f 2915 2958 2868
f 2940 2928 2916
f 2893 2934 2965
f 2943 2932 2906
f 2869 2938 3014
f 2936 2844 2895
f 2905 2937 2907
f 2912 2905 2910
f 3044 3034 3002
f 4276 2922 9753
f 2892 2906 2932
f 2948 2935 2913
f 2950 2902 2884
f 2954 2918 2840
f 2903 2919 2913
f 2912 2910 2890
f 2899 2912 2897
f 2969 2931 2901
f 2827 2918 2917
f 2916 2928 2847
f 9753 2896 2880
f 2832 2929 2966
f 2890 2910 2885
f 2925 2871 2898
f 2905 2907 2891
f 2912 2890 2897
f 2901 2931 2876
f 2962 2978 2934
f 2925 2898 2927
f 2920 2863 2935
f 2913 2935 2870
f 2919 2900 2862
f 2862 2902 2919
f 2736 2815 2942
f 2834 2840 2918
f 2917 2973 2909
f 2911 2881 2896
f 2871 2925 2908
f 2833 2949 2886
f 2910 2905 2885
f 2873 2904 2924
f 9753 2880 4276
f 2920 2943 2863
f 2884 2902 2862
f 2934 2836 2909
f 2844 2846 2895
f 2925 2927 2939
f 2888 2942 2815
f 2963 2950 2884
f 2966 2889 2877
f 2890 2885 2874
f 2849 2868 2958
f 2733 2933 2819
f 2903 2913 2870
f 2892 2878 2879
f 2863 2943 2856
f 2935 2863 2870
f 2886 2884 2855
f 2847 2928 2915
f 2879 2878 2864
f 2957 2988 2859
f 2880 2896 2872
f 2900 2919 2903
f 2832 2966 2877
f 3014 2914 2869
f 2871 2861 2898
f 2851 2884 2862
f 2877 2889 2833
f 2882 2946 2923
f 2895 2838 2936
f 2892 2898 2887
f 2896 2881 2872
f 2906 2894 2867
f 2867 2943 2906
f 2890 2874 2797
f 2897 2890 2883
f 2875 2827 2917
f 2834 2918 2827
f 2878 2892 2887
f 2839 2903 2870
f 2900 2903 2839
f 2812 2907 2888
f 2875 2917 2909
f 2829 2976 2761
f 2901 2876 2883
f 2894 2892 2879
f 2863 2856 2837
f 2899 2897 2883
f 2799 2901 2813
f 2882 2923 2853
f 2847 2915 2848
f 2896 2953 2911
f 2739 2933 2733
f 2819 2956 2829
f 2867 2894 2866
f 2861 2887 2898
f 2888 2815 2812
f 2870 2863 2789
f 2850 2833 2886
f 2905 2891 2885
f 2969 2901 2799
f 2836 2934 2893
f 2881 2911 2860
f 2867 2866 2857
f 2855 2884 2851
f 2909 2836 2792
f 2841 2864 2878
f 2839 2862 2900
f 2911 2916 2860
f 2887 2841 2878
f 3014 2938 2942
f 2843 2960 2944
f 2879 2845 2894
f 2924 2774 2873
f 2946 2882 2858
f 2840 2853 2954
f 2792 2875 2909
f 2933 2956 2819
f 2692 2838 2693
f 2855 2851 2724
f 2886 2855 2850
f 2891 2907 2812
f 2885 2891 2824
f 2874 2824 2854
f 3063 2947 3000
f 2835 2868 2849
f 2926 2933 2739
f 2866 2894 2845
f 2938 2869 2670
f 2754 2944 2692
f 2867 2857 2856
f 2797 2874 2854
f 2921 2821 2844
f 2841 2842 2864
f 2789 2863 2837
f 2839 2870 2789
f 2848 2915 2835
f 2892 2894 2906
f 2857 2866 2831
f 2873 2893 2904
f 2785 2882 2853
f 2827 2875 2803
f 2813 2901 2883
f 2811 2836 2893
f 2921 2852 2821
f 2841 2887 2861
f 2856 2857 2837
f 2861 2871 7273
f 2876 2899 2883
f 2785 2853 2840
f 2914 2865 2796
f 2841 2861 2818
f 2818 2842 2841
f 2869 2914 2748
f 2877 2833 2817
f 2813 2883 2797
f 2821 2852 2778
f 2839 2800 2851
f 2861 7273 2818
f 2857 2831 2837
f 2839 2789 2800
f 2877 2806 2764
f 2865 2984 2957
f 2881 2860 2822
f 2842 2818 2826
f 2785 2840 2823
f 2916 2847 2860
f 2867 2856 2943
f 2891 2741 2824
f 2797 2787 2813
f 2842 2879 2864
f 2825 2929 2832
f 2831 2826 2837
f 2779 2850 2855
f 2799 2849 2969
f 2858 2882 2785
f 2865 2957 2859
f 2847 2848 2798
f 2831 2845 2826
f 2823 2840 2834
f 2834 2827 2808
f 2833 2850 2810
f 2758 2799 2813
f 2830 2848 2835
f 2805 2858 2785
f 2820 2976 2960
f 2774 2771 2814
f 2748 2914 2796
f 2852 2926 2778
f 2779 2855 2724
f 2833 2767 2817
f 2813 2787 2763
f 2865 2859 2796
f 2845 2879 2842
f 2831 2866 2845
f 2825 2832 2764
f 2854 2824 2828
f 2792 2803 2875
f 2777 2926 2739
f 2761 2976 2820
f 2789 2837 2826
f 2851 2862 2839
f 2793 2851 2800
f 2741 2891 2816
f 2794 2860 2798
f 2850 2779 2810
f 2833 2810 2767
f 2806 2877 2817
f 2828 2824 2741
f 2736 2938 2670
f 2809 2873 2814
f 2813 2763 2788
f 2860 2794 2822
f 2801 2818 7273
f 2791 2827 2803
f 2826 2818 2807
f 2818 2801 2807
f 2775 2849 2799
f 2819 2829 2672
f 2835 2849 2775
f 2830 2835 2804
f 2809 2811 2873
f 2802 2823 2834
f 2807 2801 2795
f 2670 2869 2696
f 2802 2834 2808
f 2820 2960 2843
f 2784 2807 2790
f 2779 2724 2735
f 2810 2760 2767
f 2752 2816 2815
f 2774 2825 2755
f 2746 2797 2854
f 2811 2809 2780
f 2813 2788 2758
f 2926 2777 2778
f 2806 2817 2781
f 2825 2764 2755
f 2797 2746 2787
f 2835 2775 2804
f 2785 2823 2802
f 2895 2846 2717
f 2795 2801 2786
f 2789 2826 2765
f 2795 2783 2768
f 2790 2807 2795
f 2891 2812 2816
f 2854 2828 2746
f 2883 2890 2797
f 2796 2782 2748
f 2805 2785 2770
f 2848 2830 2772
f 4256 2796 4270
f 2783 2795 2786
f 2791 2803 2808
f 2816 2812 2815
f 2781 2817 2712
f 2802 2770 2785
f 2923 2954 2853
f 2786 2776 2759
f 2793 2800 2742
f 2851 2793 2724
f 2764 2806 2781
f 2799 2758 2775
f 2719 2722 2811
f 2804 2750 2830
f 2796 2859 4270
f 2786 2801 2776
f 2824 2874 2885
f 2762 2805 2770
f 2860 2847 2798
f 2769 2768 2783
f 2845 2842 2826
f 2784 2826 2807
f 2747 2784 2790
f 2810 2779 2760
f 2757 2794 2798
f 2844 2821 2718
f 2739 2733 2715
f 2789 2765 2742
f 2722 2792 2836
f 2668 2844 2718
f 2838 2895 2717
f 2790 2768 2747
f 2743 2784 2747
f 2696 2869 2748
f 2808 2827 2791
f 2668 2846 2844
f 2765 2784 2743
f 2756 2816 2674
f 2745 2762 2770
f 2773 2802 2808
f 2744 2783 2759
f 2783 2786 2759
f 2765 2691 2742
f 2830 2740 2772
f 2783 2744 2766
f 2763 2787 2746
f 2769 2783 2766
f 2803 2792 2684
f 2779 2735 2749
f 2674 2816 2752
f 2731 2816 2756
f 2811 2893 2873
f 2672 2829 2761
f 2781 2737 2764
f 2684 2792 2722
f 2915 2868 2835
f 2798 2848 2772
f 2691 2765 2743
f 2719 2811 2780
f 2759 2776 7195
f 2734 2725 2771
f 2814 2771 2725
f 4249 2794 2757
f 2766 2738 2708
f 2755 2764 2737
f 2730 2758 2788
f 2747 2769 2766
f 2801 7273 2776
f 2775 2758 2707
f 2770 2802 2683
f 2767 2714 2713
f 2779 2749 2726
f 2779 2726 2760
f 2817 2767 9750
f 2734 2774 2702
f 2814 2873 2774
f 2700 2745 2770
f 2753 2772 2732
f 2675 2761 2820
f 2660 2754 2692
f 2766 2744 2738
f 2808 2803 2684
f 2744 2759 7195
f 2747 2766 2708
f 2736 2705 2752
f 2643 2828 2741
f 2730 2788 2763
f 2718 2821 2650
f 2714 2767 2760
f 2749 2735 2727
f 2723 2758 2730
f 2784 2765 2826
f 2721 2712 2817
f 2697 2781 2712
f 2700 2770 2683
f 2772 2740 2732
f 2693 2838 2717
f 2832 2877 2764
f 2662 2736 2670
f 2804 2775 2701
f 7212 7213 2729
f 4256 2782 2796
f 2675 2672 2761
f 2760 2699 2714
f 2662 2705 2736
f 2780 2809 2814
f 2780 2814 2725
f 2723 2707 2758
f 2775 2707 2701
f 7212 2729 7211
f 7211 2729 2669
f 2703 2744 7195
f 2743 2747 2708
f 2741 2816 2731
f 2774 2755 2702
f 2729 2745 2700
f 2778 2777 2627
f 2681 2744 2703
f 2699 2760 2726
f 2752 2705 2674
f 2728 2751 2710
f 2789 2742 2800
f 2735 2724 2656
f 2652 2722 2719
f 2740 2688 2732
f 2738 2744 2681
f 2723 2730 2690
f 2677 2711 2700
f 2669 2729 2711
f 2767 2713 9750
f 2756 2674 2642
f 2740 2728 2688
f 2640 2753 2732
f 2793 2599 2724
f 2732 2688 2640
f 2754 2689 2843
f 2643 2746 2828
f 2725 2734 2704
f 2773 2683 2802
f 2728 2750 2751
f 2706 7211 2669
f 2739 2715 2777
f 2708 2738 2709
f 2721 2817 9750
f 2690 2730 2763
f 2716 2780 2725
f 2778 2627 2650
f 2757 2753 2682
f 2737 2697 2635
f 2691 2743 2708
f 2713 2714 2655
f 2667 2714 2699
f 2727 2699 2726
f 2704 2734 2702
f 2821 2778 2650
f 2686 2697 2712
f 2755 2737 2635
f 2702 2755 2635
f 2734 2771 2774
f 2710 2751 2651
f 2782 4256 2526
f 4256 4252 2526
f 2709 2659 2708
f 2694 2656 2687
f 2698 2713 2655
f 2716 2719 2780
f 2772 2753 2757
f 2757 2798 2772
f 2733 2819 2637
f 2768 2790 2795
f 2712 2721 2686
f 2716 2725 2704
f 2689 2754 2660
f 2708 2659 2691
f 2680 2702 2673
f 2723 2690 2665
f 2713 2698 9750
f 2722 2661 2684
f 2731 2643 2741
f 2704 2680 2634
f 2720 2710 2647
f 2728 2720 2688
f 2686 2721 2666
f 2702 2680 2704
f 2846 2668 2717
f 2629 2675 2820
f 2727 2694 2699
f 2635 2697 2663
f 2729 2700 2711
f 2705 2662 2625
f 2634 2680 2685
f 2604 2696 2748
f 2773 2684 2661
f 2683 2677 2700
f 2701 2628 2678
f 2669 2711 2677
f 2703 7181 2645
f 2703 7195 7181
f 9752 2694 2687
f 2699 2694 9752
f 2721 9750 2666
f 2686 2666 2636
f 2740 2830 2728
f 2681 2645 2659
f 2599 2742 2691
f 2698 2664 9750
f 2697 2686 2636
f 2670 2696 2604
f 2688 2720 2657
f 7167 2669 2646
f 4252 4239 2526
f 2727 2735 2694
f 2664 2698 2655
f 2702 2635 2641
f 2673 2702 2641
f 2683 2773 2695
f 2669 2677 2646
f 2724 2599 2656
f 2658 2680 2673
f 2652 2719 2611
f 2621 2683 2695
f 9752 2676 2653
f 2653 2676 9751
f 9750 2654 2671
f 2666 9750 2671
f 2603 2665 2607
f 2688 2657 2614
f 2843 2944 2754
f 2820 2689 2629
f 2659 2709 2681
f 2667 2655 2714
f 2737 2781 2697
f 2604 2662 2670
f 2611 2719 2716
f 2707 2665 2603
f 2661 2722 2652
f 2602 2661 2652
f 2614 2640 2688
f 2623 2716 2704
f 2607 2544 2603
f 2748 2782 2577
f 2668 2718 2528
f 2656 2694 2735
f 2699 9752 2667
f 2636 2666 2633
f 2663 2697 2636
f 2642 2674 2649
f 2595 2705 2625
f 2573 2690 2643
f 2643 2690 2746
f 2690 2763 2746
f 2630 2679 2685
f 2620 2677 2683
f 2620 2683 2621
f 2728 2830 2750
f 2657 2720 2647
f 2637 2819 2672
f 2693 2717 2596
f 2639 2659 2645
f 2695 2773 2661
f 2646 2677 2620
f 2594 2637 2672
f 2644 2676 2656
f 2655 2667 2653
f 2667 9752 2653
f 2674 2595 2649
f 2736 2752 2815
f 2642 2731 2756
f 2643 2642 2574
f 2643 2731 2642
f 2673 2641 2658
f 2777 2571 2627
f 2776 7215 7195
f 9751 2676 2644
f 2631 2685 2608
f 2706 2669 7167
f 2692 2693 2596
f 2654 9751 2671
f 2619 2663 2636
f 2608 2685 2658
f 2678 2628 2609
f 2647 2710 2600
f 2659 2639 2615
f 2635 2663 2626
f 2630 2685 2631
f 2616 2634 2679
f 2611 2716 2623
f 2701 2707 2628
f 2647 2648 2601
f 2728 2710 2720
f 2640 2614 2589
f 7181 7195 7191
f 2591 9751 2644
f 2633 2666 2671
f 2633 2632 2636
f 2628 2707 2603
f 2678 2609 2638
f 2599 2793 2742
f 2553 2644 2656
f 2642 2649 2574
f 2658 2641 2608
f 2622 2661 2602
f 2614 2657 2601
f 2607 2665 2690
f 2704 2634 2623
f 2634 2685 2679
f 2589 4237 2640
f 2672 2675 2507
f 2626 2663 2619
f 2674 2705 2595
f 2624 2641 2635
f 2616 2679 2630
f 2632 2619 2636
f 2635 2626 2624
f 2607 2690 2573
f 2598 2611 2623
f 2651 2638 2600
f 2600 2710 2651
f 2750 2804 2751
f 2592 7176 2646
f 2594 2672 2507
f 2507 2675 2629
f 2507 2629 2618
f 2691 2615 2599
f 2553 2656 2599
f 2616 2623 2634
f 2628 2603 2588
f 2650 2523 2718
f 2626 2619 2613
f 2646 2620 2597
f 2596 2660 2692
f 2768 2769 2747
f 2615 2691 2659
f 2586 2644 2553
f 2605 2630 2631
f 2612 2624 2626
f 2597 2620 2621
f 2596 2617 2660
f 2593 2639 2645
f 2615 2639 2570
f 2599 2583 2553
f 2606 2671 2591
f 2523 2528 2718
f 7181 7148 2593
f 2612 2626 2613
f 2631 2608 2605
f 2592 2646 2597
f 2615 2570 2521
f 2581 2613 2619
f 2567 2616 2630
f 2671 2606 2633
f 2685 2680 2658
f 2590 2624 2612
f 2603 2544 2588
f 2601 2554 2614
f 2715 2733 2637
f 2582 2633 2585
f 2544 2607 2573
f 2598 2623 2616
f 2621 2661 2622
f 2632 2633 2582
f 2619 2632 2572
f 2774 2924 2929
f 2825 2774 2929
f 2657 2647 2601
f 2596 2717 2546
f 2593 2645 7181
f 2586 2591 2644
f 2582 2572 2632
f 2630 2587 2567
f 2611 2598 2610
f 2433 2717 2668
f 2629 2689 2617
f 2570 2639 2593
f 2681 2703 2645
f 2738 2681 2709
f 2583 2615 2521
f 2599 2615 2583
f 2581 2619 2564
f 2597 2621 2584
f 2610 2602 2611
f 3024 3081 3046
f 3024 2993 2956
f 2587 2542 2567
f 2618 2629 2617
f 2413 2573 2643
f 2610 2622 2602
f 2526 4216 2782
f 2617 2596 2522
f 2564 2619 2572
f 2804 2701 2751
f 2751 2678 2651
f 2647 2600 2648
f 2568 2585 2633
f 2588 2544 2530
f 2598 2616 2563
f 2621 2695 2661
f 2622 2610 2555
f 2561 2600 2535
f 2617 2689 2660
f 2593 7148 2500
f 2633 2606 2568
f 2587 2605 2549
f 2777 2715 2571
f 2523 2650 2627
f 2537 2637 2594
f 2606 2579 2568
f 2612 2556 2590
f 2563 2578 2598
f 2608 2575 2605
f 2609 2588 2530
f 2621 2622 2584
f 2610 2598 2578
f 2751 2701 2678
f 2564 2572 2557
f 2662 2604 2437
f 2563 2616 2567
f 2584 2592 2597
f 2538 2589 2614
f 2570 2593 2500
f 2560 2591 2586
f 2649 2469 2576
f 2476 2595 2625
f 2577 2604 2748
f 2610 2578 2551
f 2516 2715 2637
f 2461 2522 2596
f 2569 2507 2618
f 2582 2559 2572
f 2605 2575 2549
f 2546 2717 2433
f 2531 2521 2570
f 2584 2622 2555
f 2648 2600 2561
f 2538 4236 2589
f 2574 2418 2643
f 2643 2418 2413
f 2590 2556 2545
f 2575 2566 2549
f 2574 2649 2576
f 2573 2413 2491
f 2587 2532 2542
f 2630 2605 2587
f 2592 2584 2552
f 2648 2561 2554
f 2582 2585 2541
f 2566 2590 2545
f 2562 2609 2530
f 2651 2678 2638
f 2554 2601 2648
f 2582 2541 2503
f 2511 2569 2618
f 2570 2500 2531
f 2568 2579 2550
f 2572 2559 2557
f 2581 2556 2613
f 2532 2587 2549
f 2562 2600 2638
f 2577 2782 4216
f 2433 2668 2426
f 2586 2456 2560
f 2567 2542 2565
f 2638 2609 2562
f 2668 2528 2426
f 2537 2594 2507
f 2583 2444 2553
f 2561 2535 2536
f 2500 7148 7102
f 2559 2582 2503
f 2469 2649 2476
f 2476 2649 2595
f 4240 2757 2682
f 2480 2580 2516
f 2580 2715 2516
f 2511 2617 2488
f 2553 2444 2504
f 2514 2584 2555
f 2555 2610 2551
f 2507 2425 2537
f 2533 2581 2564
f 2549 2566 2483
f 7138 7176 2592
f 2480 2571 2580
f 2543 2563 2565
f 2514 2552 2584
f 2519 2558 2592
f 2456 2586 2553
f 2556 2612 2613
f 2554 2536 2538
f 2554 2561 2536
f 2580 2571 2715
f 2556 2533 2545
f 2532 2549 2483
f 2592 2552 2519
f 2535 2600 2472
f 7229 7257 7256
f 2488 2617 2522
f 2560 2456 2499
f 2542 2539 2565
f 2535 2518 2536
f 2627 2571 2452
f 2516 2637 2537
f 2515 2516 2537
f 2541 2568 2550
f 2525 2530 2544
f 2529 2555 2501
f 2671 9751 2591
f 2579 2560 2527
f 2533 2564 2492
f 2556 2581 2533
f 2562 2530 2466
f 2524 2563 2543
f 2560 2534 2527
f 2476 2625 2512
f 2483 2566 2545
f 2548 2539 2540
f 2551 2578 2524
f 2579 2591 2560
f 2541 2585 2568
f 2491 2544 2573
f 2502 2551 2524
f 2558 2519 2517
f 2448 2528 2523
f 2508 2571 2480
f 2564 2557 2496
f 2539 2542 2540
f 2542 2532 2540
f 2547 2548 2428
f 2578 2563 2524
f 2529 2514 2555
f 2472 2518 2535
f 2538 2518 4225
f 2518 2538 2536
f 2426 2528 2448
f 2511 2618 2617
f 2553 2504 2456
f 2490 2510 2540
f 2538 2614 2554
f 2418 2574 2576
f 2548 2540 2510
f 2524 2543 2502
f 2516 2515 2422
f 2583 2521 2432
f 2499 2513 2534
f 2499 2534 2560
f 2665 2707 2723
f 2470 2511 2488
f 2458 2533 2492
f 2543 2539 2548
f 2547 2543 2548
f 2428 2548 2510
f 2428 2520 2547
f 2466 2530 2525
f 2518 2509 4225
f 2498 2534 2513
f 2437 2604 2577
f 2544 2491 2464
f 2505 2517 2519
f 7102 2333 2500
f 2591 2579 2606
f 2492 2564 2496
f 2551 2502 2501
f 2537 2425 2515
f 2569 2497 2507
f 2521 2531 2432
f 2512 2625 2662
f 2517 2505 2475
f 2475 7126 2517
f 2541 2550 2494
f 2545 2454 2483
f 2473 2510 2490
f 2462 2532 2454
f 2472 2562 2482
f 2519 9749 2505
f 4230 4235 4231
f 2571 2508 2452
f 2546 2461 2596
f 2531 2500 2333
f 2583 2432 2444
f 2498 2527 2534
f 2527 2498 2467
f 2490 2540 2532
f 2480 2516 2451
f 2470 2569 2511
f 2444 2432 2384
f 2565 2563 2567
f 2543 2565 2539
f 2519 2457 9749
f 2509 2468 4219
f 2477 2498 2513
f 2513 2506 2477
f 2550 2579 2527
f 2557 2559 2493
f 2464 2525 2544
f 2436 2514 2529
f 2451 2516 2422
f 2513 2499 2506
f 2609 2628 2588
f 2429 2456 2504
f 2559 2503 2493
f 2493 2496 2557
f 2501 2502 2395
f 2509 4219 4225
f 2422 2515 2420
f 2484 2485 2465
f 2481 2487 7126
f 2467 2498 2478
f 2474 2493 2503
f 2391 2476 2512
f 2428 2510 2473
f 2428 2473 2438
f 2466 2525 2489
f 2514 2463 2552
f 2441 2529 2501
f 2482 2562 2431
f 2470 2479 2569
f 2497 2425 2507
f 2450 2499 2456
f 2533 2458 2455
f 2576 2469 2406
f 2545 2533 2455
f 2562 2440 2431
f 2472 2439 2486
f 9747 2485 2495
f 2478 2498 2477
f 2494 2527 2460
f 2541 2494 2474
f 2541 2474 2503
f 2493 9748 2496
f 9748 2492 2496
f 2473 2490 2417
f 2502 2520 2395
f 2461 2546 2433
f 2497 2569 2479
f 2435 2527 2467
f 2509 2486 2471
f 9747 2479 9746
f 2465 9747 9746
f 2474 2494 2459
f 2458 2492 9748
f 2391 2469 2476
f 2532 2483 2454
f 2475 2505 2481
f 2484 2416 2485
f 2495 2425 9747
f 2479 9747 2497
f 2531 2333 2344
f 2493 2474 9748
f 2501 2395 2441
f 7126 2475 2481
f 2439 2472 2482
f 2486 2518 2472
f 2481 2505 9749
f 2411 2467 2478
f 2474 2459 9748
f 2490 2462 2417
f 9749 2457 2481
f 2449 2471 2439
f 2486 2509 2518
f 2508 2480 2451
f 2380 2470 2488
f 2435 2467 2414
f 2412 2466 2489
f 2481 2457 2487
f 2472 2600 2562
f 2471 2486 2439
f 4219 2468 2427
f 2494 2550 2527
f 2459 2494 2460
f 2469 2391 2406
f 2438 2473 2404
f 2463 2385 2457
f 2389 9746 2398
f 2432 2531 2344
f 4217 4222 4213
f 2416 2484 2408
f 2389 2465 9746
f 2414 2467 2411
f 2401 2478 2477
f 2385 2463 2421
f 2463 2519 2552
f 2421 2463 2514
f 2485 2416 2495
f 2479 2470 2419
f 2429 2504 2444
f 2443 2459 2460
f 2458 2443 2434
f 2462 2454 2405
f 2525 2464 2445
f 2489 2525 2445
f 2457 2385 2487
f 4219 2427 2409
f 2430 2452 2508
f 2424 2408 2484
f 2484 2465 2447
f 2434 2455 2458
f 2395 2520 2428
f 7104 2487 2385
f 2529 2441 2381
f 2431 2440 2412
f 2682 2753 2640
f 2449 2468 2471
f 2425 2495 2368
f 2424 2484 2447
f 2512 2437 2402
f 2404 2473 2403
f 2562 2466 2440
f 2508 2451 2422
f 2446 2545 2442
f 2421 2514 2436
f 2439 2365 2449
f 2398 9746 2419
f 2477 2450 2401
f 2460 2527 2435
f 2418 2576 2357
f 2439 2482 2431
f 2368 2495 2416
f 2456 2429 2332
f 2460 2435 2400
f 2455 2434 2410
f 2576 2406 2357
f 2403 2473 2417
f 2381 2394 2529
f 2419 9746 2479
f 2379 2419 2470
f 2456 2332 2450
f 2491 2413 2399
f 2405 2454 2446
f 2489 2445 2335
f 2820 2843 2689
f 2461 2433 2363
f 2453 2522 2461
f 2407 2424 2447
f 2444 2384 2275
f 2499 2450 2506
f 2383 2443 2460
f 2426 2448 2274
f 2413 2418 1193
f 2381 2441 2395
f 2411 2478 2401
f 2434 2443 2383
f 2545 2455 2442
f 4193 2577 4216
f 2449 2365 2427
f 2407 2423 2424
f 9741 2447 2284
f 2395 2428 2340
f 2379 2470 2380
f 2391 2512 2402
f 2440 2466 2412
f 2452 2523 2627
f 2425 2368 2310
f 2390 2436 2394
f 2412 2489 2367
f 2423 2408 2424
f 2387 2385 2421
f 2515 2310 2420
f 2447 2465 2389
f 2400 2435 2397
f 1193 2418 2357
f 2366 2431 2412
f 2439 2431 2365
f 2433 2426 2364
f 2414 2397 2435
f 2410 2442 2455
f 2555 2551 2501
f 2529 2394 2436
f 2368 2416 2334
f 2380 2488 2453
f 2307 2444 2275
f 2392 2405 2446
f 2340 2428 2438
f 2376 2382 2405
f 2417 2405 2415
f 2409 2374 4211
f 2422 2420 2310
f 2423 2407 2338
f 2371 2460 2400
f 2460 2371 2383
f 2352 2410 2434
f 2409 2427 2374
f 2508 2422 2349
f 2363 2433 2364
f 2419 2379 2263
f 2447 2389 2284
f 2358 2450 2332
f 2400 2397 2388
f 2352 2434 2383
f 2318 2445 2464
f 2489 2335 2367
f 2427 2365 2369
f 2461 2386 2453
f 2401 2450 2358
f 2417 2415 2403
f 2408 2372 2416
f 2343 2404 2403
f 2417 2462 2405
f 2415 2405 2382
f 2373 2361 2360
f 2429 2444 2307
f 2361 2393 2388
f 2406 2301 2357
f 2376 2405 2392
f 2335 2445 2318
f 2421 2436 2345
f 2397 2411 2353
f 9745 2388 2397
f 2392 2442 2396
f 2391 2402 9742
f 2343 2438 2404
f 2381 2395 2377
f 2328 2380 2453
f 2313 2389 2398
f 2347 2352 2383
f 2391 9742 2300
f 2376 2392 2351
f 2343 2403 2415
f 2345 2436 2390
f 2367 2311 2412
f 2366 2412 2311
f 2361 9745 2360
f 2348 9745 2397
f 2371 2400 2321
f 2399 2413 2295
f 2448 2452 2339
f 2370 2396 2410
f 2274 2364 2426
f 2344 2333 2378
f 2429 2307 2332
f 9745 2361 2388
f 2394 2375 2341
f 2334 2416 2372
f 2379 2380 2328
f 2384 2432 2344
f 2384 2344 2250
f 2361 2354 2393
f 2414 2411 2397
f 2396 2442 2410
f 2343 2415 2346
f 2415 2382 2346
f 2395 2340 2377
f 2577 2287 2437
f 2427 2369 2374
f 2338 2407 2362
f 2326 2361 2373
f 2359 2393 2306
f 2321 2400 2388
f 2351 2392 2396
f 2340 2438 2343
f 2377 2342 2375
f 2431 2366 2311
f 2419 2263 2285
f 2284 2308 9741
f 2397 2331 2348
f 2402 2437 2320
f 2287 2320 2437
f 2381 2377 2375
f 2387 2345 2337
f 2431 2350 2365
f 2339 2452 2430
f 2430 2508 2349
f 2360 2348 2316
f 2397 2353 2331
f 2353 2401 2331
f 2347 2383 2371
f 2368 2305 2310
f 2372 2423 2239
f 2322 2325 2362
f 2355 2322 2362
f 2306 2393 2354
f 2373 9744 2317
f 2321 2388 2359
f 2362 2407 2355
f 9744 2373 2323
f 2388 2393 2359
f 2406 2391 2300
f 2251 2376 2351
f 2387 7080 7104
f 2341 2375 2342
f 2350 2369 2365
f 2408 2423 2372
f 2277 2355 2356
f 2373 2360 2323
f 2324 2316 2348
f 2301 2406 2300
f 2402 2320 9742
f 2382 2376 2346
f 2387 2421 2345
f 2287 2577 4193
f 2390 2394 2341
f 2305 2368 2334
f 2384 2250 2275
f 2360 2316 2323
f 2396 2296 2336
f 2522 2453 2488
f 2313 2398 2294
f 2356 9741 2308
f 2313 2284 2389
f 2336 2351 2396
f 2342 2299 2341
f 2381 2375 2394
f 2519 2463 2457
f 2269 2238 2379
f 2348 2331 2324
f 2337 2298 2387
f 2335 2318 2314
f 2292 2362 2325
f 2354 2361 2326
f 2331 2401 2358
f 2295 2413 1193
f 2309 2318 2464
f 2299 2315 2341
f 2293 2390 2341
f 2374 4201 4204
f 2274 2448 2339
f 2223 2308 2284
f 2331 2358 2283
f 2347 2371 2312
f 2347 2312 2267
f 2303 2352 2347
f 2490 2532 2462
f 2346 2376 2272
f 2192 2334 2372
f 2285 2398 2419
f 2398 2285 2294
f 2373 2317 2326
f 2327 2306 2354
f 2353 2411 2401
f 2303 2347 2267
f 2281 2372 2239
f 2269 2379 2328
f 2326 2322 2327
f 2371 2288 2312
f 2338 2286 2221
f 2326 2317 2297
f 2288 2321 2289
f 2272 2376 2251
f 2309 2399 2295
f 2319 2387 2298
f 2277 2327 2322
f 2304 2358 2332
f 2371 2321 2288
f 2293 2341 2315
f 2374 2350 4201
f 2239 2338 2221
f 2263 2379 2238
f 2351 2336 2251
f 2279 2330 2346
f 2464 2491 2399
f 2329 2431 2311
f 7076 2333 7102
f 2291 2326 2297
f 2275 2255 2307
f 9744 2323 9743
f 2304 2332 2307
f 2352 2303 2262
f 2357 2301 2254
f 2298 2337 2240
f 2337 2293 2240
f 2369 2350 2374
f 2310 2305 2243
f 2291 2325 2322
f 2311 4191 2329
f 2422 2310 2243
f 2286 2338 2362
f 2343 2346 2330
f 2309 2314 2318
f 2449 2427 2468
f 2386 2363 2271
f 2333 7076 7053
f 2291 2322 2326
f 2289 2359 2306
f 2357 2254 1193
f 2301 2300 2207
f 2286 2362 2270
f 2378 2333 7053
f 2327 2277 2276
f 2290 2307 2255
f 2253 2323 2316
f 2299 2230 2225
f 2464 2399 2309
f 2367 2314 2222
f 2430 2349 2214
f 2349 2422 2243
f 2364 2274 2229
f 2307 2290 2304
f 2253 2316 2282
f 2316 2324 2282
f 2300 2257 2207
f 2293 2315 2225
f 2339 2430 2214
f 2326 2327 2354
f 2282 2324 2283
f 2367 2222 2311
f 2292 2270 2362
f 2269 2386 2271
f 2325 2291 2246
f 2290 2268 2304
f 2324 2331 2283
f 2259 2288 2289
f 2370 2352 2302
f 2279 2230 2330
f 2253 9743 2323
f 2225 2315 2299
f 2269 2328 2386
f 2308 2223 2241
f 2477 2506 2450
f 2306 2276 2265
f 2283 2358 2304
f 2283 2304 2268
f 2287 4193 2197
f 1214 2363 2364
f 2328 2453 2386
f 2285 2263 2228
f 2336 2296 2235
f 2280 2298 2261
f 2314 2309 2222
f 2350 2329 2278
f 2192 2372 2281
f 2271 2363 1214
f 2313 2294 2204
f 2242 2344 2378
f 2245 2291 2297
f 2249 2276 2277
f 2282 2283 2252
f 2267 2262 2303
f 2258 2370 2236
f 2296 2370 2258
f 2274 2339 2229
f 2378 2206 2242
f 2313 2223 2284
f 2306 2265 2194
f 2234 2272 2251
f 2319 2298 2280
f 2261 2298 2240
f 2350 2431 2329
f 2334 2264 2305
f 2264 2334 2192
f 2285 2228 2294
f 2246 2291 2245
f 2253 2282 2273
f 2295 1193 2211
f 2512 2662 2437
f 2245 2297 9743
f 2370 2410 2352
f 2236 2370 2302
f 2263 1198 2228
f 2275 2250 2213
f 2266 2241 2212
f 9743 2253 2245
f 2273 2282 2252
f 2321 2359 2289
f 2234 2279 2272
f 2261 2240 2208
f 2260 2280 2261
f 2363 2386 2461
f 2206 2378 7053
f 2302 2352 2262
f 2244 2320 2287
f 2240 2293 2225
f 2238 2269 1219
f 2255 2275 2213
f 2259 2289 2306
f 2259 2306 2194
f 2236 2302 2262
f 2336 2235 2251
f 2256 2260 2261
f 2255 2213 2290
f 2232 2267 2312
f 2256 2261 2208
f 2224 2221 2286
f 2203 2273 2252
f 2265 2249 2237
f 2232 2312 2288
f 2296 2258 2235
f 2247 2256 2208
f 2325 2246 1220
f 1161 2212 2241
f 2290 1209 2268
f 2203 2205 2273
f 2231 2236 2262
f 2215 9742 2320
f 2279 2234 2217
f 7041 2319 2280
f 2205 2245 2253
f 2253 2273 2205
f 2268 1209 2203
f 2203 2252 2268
f 2267 2232 2231
f 2267 2231 2262
f 2258 2236 2227
f 2256 9104 2260
f 2247 4199 2256
f 2213 2250 1213
f 1161 2241 2223
f 2248 2232 2288
f 2349 2243 2214
f 2270 2224 2286
f 5501 5510 2206
f 2276 2249 2265
f 2237 2194 2265
f 9742 2215 2226
f 1213 2250 2242
f 2219 2212 1188
f 2254 2301 1182
f 1193 2254 1134
f 2234 2251 2235
f 2225 2230 2210
f 2329 4191 4196
f 2256 4199 9104
f 1214 2364 1218
f 1124 2270 1220
f 2270 2292 1220
f 1198 2263 2238
f 2246 1201 1220
f 2252 2283 2268
f 2219 2266 2212
f 1195 1203 2309
f 2225 2208 2240
f 2309 2196 2222
f 2201 2281 2239
f 2325 1220 2292
f 2194 2248 2259
f 2301 2207 1182
f 2215 2320 2244
f 2217 2230 2279
f 2290 2213 2202
f 2216 2227 1223
f 9104 7041 2280
f 1212 2305 2264
f 1194 2192 2281
f 1177 1194 2281
f 2224 2270 1124
f 2233 2294 2228
f 2242 2206 1207
f 2234 2235 2200
f 2343 2330 2230
f 4191 2311 3685
f 2350 2278 4201
f 2305 1212 2243
f 2193 2201 2239
f 2235 2227 2216
f 2235 2258 2227
f 2309 1203 2196
f 3685 2311 2222
f 2202 1209 2290
f 2276 2306 2327
f 2207 2257 1222
f 2218 1222 2257
f 4189 4196 4191
f 2214 1173 2339
f 2229 2339 2199
f 1177 2281 2201
f 2364 2229 1218
f 2231 2232 1217
f 2200 2216 2226
f 2216 2218 2226
f 2392 2446 2442
f 2216 2200 2235
f 1183 2197 4193
f 2214 2195 1173
f 2195 2214 2243
f 1213 2202 2213
f 2219 1225 2220
f 2216 1223 2218
f 1204 2226 2215
f 2230 2217 2210
f 2340 2343 2230
f 2299 2340 2230
f 2245 1201 2246
f 5510 1207 2206
f 2248 2288 2259
f 2236 2231 2227
f 1222 1205 2207
f 2244 2287 2197
f 1180 2221 2224
f 1198 2238 1226
f 1171 1220 1201
f 1093 2313 2204
f 1161 2223 9658
f 2194 2237 1165
f 2250 2344 2242
f 2219 1188 1225
f 1190 1201 2245
f 2248 2194 1200
f 2207 1205 1182
f 2210 2217 2198
f 1215 2208 2209
f 3664 3663 3676
f 3685 3691 4189
f 1200 2232 2248
f 2198 2234 2200
f 2198 2217 2234
f 2310 2515 2425
f 1206 2232 1200
f 2295 2211 1195
f 2196 1203 1181
f 1202 2264 2192
f 2243 1212 2195
f 1190 2245 2205
f 2223 2313 9658
f 1216 1223 2227
f 1134 2254 1182
f 1185 1204 2244
f 1185 2244 2197
f 2199 2339 1173
f 2227 2231 1211
f 2218 1223 1222
f 1178 2209 2210
f 2264 1202 1212
f 1179 1180 2224
f 1196 2271 1214
f 1198 1138 2228
f 2231 1217 1211
f 1223 1216 1222
f 1197 2210 2198
f 2189 1229 1239
f 1233 2183 2181
f 1246 1241 2177
f 2188 2191 2166
f 1228 2174 2190
f 2170 4186 2173
f 2180 2189 1239
f 1239 2181 2175
f 2180 2176 2189
f 2185 7004 6947
f 2179 2189 2176
f 4180 2179 4164
f 2180 1239 2175
f 4164 2179 2172
f 2178 2190 2163
f 2187 1227 2171
f 2177 2178 2159
f 2184 2190 2178
f 2179 2176 2172
f 2168 2187 2171
f 2165 2190 2174
f 4180 4165 3700
f 2180 2175 2176
f 2178 2163 2159
f 2172 2176 2167
f 2161 2177 2159
f 2165 2174 2166
f 2176 2175 2167
f 2175 2181 2158
f 2169 2170 2162
f 2170 2173 2164
f 2190 2165 2163
f 2177 2161 2157
f 2167 2175 2158
f 2171 9740 2168
f 2168 2186 2187
f 2162 2170 2164
f 2186 2168 2156
f 2172 2167 2160
f 2156 2166 2186
f 6905 2161 2159
f 2166 2151 2165
f 2167 2158 2160
f 2163 2155 2159
f 2158 2181 2183
f 2152 2169 2162
f 2161 6881 2157
f 2163 2165 2155
f 6905 2159 2155
f 6922 2161 6905
f 2156 2151 2166
f 2183 2153 2158
f 2183 2157 6881
f 2169 2152 4139
f 2165 2151 2155
f 2162 2164 2154
f 2160 2158 2153
f 6881 2161 6922
f 2153 2183 6881
f 2168 6925 2156
f 2162 2154 2152
f 9740 6925 2168
f 2155 6843 6905
f 6843 2155 2151
f 2150 2153 6881
f 2152 2147 4139
f 2150 2160 2153
f 3720 4186 2170
f 2150 6881 6859
f 2151 2156 6843
f 2149 2160 2150
f 9739 2160 2149
f 2156 6895 6875
f 2156 6875 6843
f 2152 2154 2147
f 4145 4138 4109
f 6859 6810 2149
f 6859 2149 2150
f 2147 2154 2146
f 4133 4135 2148
f 2143 4133 2148
f 2145 4145 4109
f 2148 4145 2145
f 2144 2149 6810
f 2130 4109 4106
f 2148 2145 2143
f 2145 4109 2130
f 2130 2142 2145
f 4111 2143 4100
f 4095 2147 2146
f 2127 2146 4097
f 2143 2145 2142
f 2143 2142 2141
f 2146 2120 4095
f 2143 2141 4100
f 4100 2139 2140
f 2120 2146 2127
f 2140 2139 2136
f 2136 4105 2140
f 2137 9728 2138
f 2135 2142 2130
f 2144 6810 4090
f 9728 2135 2133
f 2138 9728 2133
f 2139 9728 2137
f 2138 2133 2131
f 2137 2136 2139
f 4090 6810 6712
f 2137 2138 2131
f 2135 2132 2133
f 6810 6784 6712
f 4087 2136 2129
f 2137 2131 2134
f 4095 2120 2125
f 4100 2140 4099
f 2131 2133 2122
f 2129 2137 2134
f 2130 4106 4082
f 2133 2132 2122
f 2136 2137 2129
f 4087 2129 4079
f 4090 6712 2107
f 2118 2134 2121
f 2129 2118 2123
f 2122 2132 2112
f 2123 4079 2129
f 2129 2134 2118
f 2121 2128 2117
f 2101 6712 6698
f 6712 2101 2107
f 2127 4090 2120
f 2131 2122 2128
f 4086 2125 2116
f 2128 2134 2131
f 4085 4076 4093
f 2110 4082 4086
f 2119 2118 2121
f 2112 9727 2122
f 2128 2122 2111
f 2111 2117 2128
f 9720 4079 2123
f 2126 2130 4082
f 2116 2120 4090
f 6717 6716 6736
f 2111 2122 9727
f 2125 2120 2116
f 2101 6698 2115
f 2126 4082 2110
f 2110 4086 2116
f 2123 2118 9720
f 2124 2113 2108
f 2114 2104 2105
f 9729 2109 2115
f 6698 6676 2115
f 2108 2113 2105
f 2108 9729 2124
f 2117 2100 2119
f 2113 2114 2105
f 2117 2102 2100
f 2109 9729 2108
f 2116 4090 2094
f 2119 2100 2106
f 2111 9727 2103
f 2119 2121 2117
f 2115 2109 2099
f 2094 4090 2107
f 9722 2119 2106
f 2095 2110 2116
f 2116 2094 2095
f 2097 2108 2105
f 2087 2115 2099
f 2101 2115 2087
f 2091 2104 2092
f 2105 2104 2091
f 2097 2105 2091
f 2109 2108 2097
f 2099 2109 2093
f 2109 2096 2093
f 2101 2087 2075
f 2126 2110 2098
f 2095 2098 2110
f 2102 9725 2100
f 2096 2097 2091
f 2101 2075 2107
f 2106 2100 9725
f 2099 2093 2086
f 2103 9727 2089
f 2098 2089 2126
f 2095 2094 2088
f 2087 2073 2075
f 2109 2097 2096
f 2092 2084 2091
f 2099 2086 2087
f 2096 2091 2085
f 2096 2085 2090
f 2102 2103 2079
f 9725 2102 2079
f 2094 2080 2088
f 2115 6676 9729
f 2093 2096 2090
f 2121 2134 2128
f 2094 2075 2080
f 2083 2089 2098
f 2098 2088 2078
f 2094 2107 2075
f 2092 6623 6587
f 2081 2085 2091
f 2081 2091 2084
f 2086 2093 2076
f 2083 2103 2089
f 2078 2083 2098
f 2084 2092 6587
f 2087 2086 2073
f 2075 2073 2068
f 2102 2117 2111
f 2102 2111 2103
f 2103 2083 2079
f 2085 6577 2090
f 2082 2074 2072
f 2086 2076 2073
f 6587 2081 2084
f 2076 2090 6577
f 2093 2090 2076
f 2080 2075 2077
f 2083 2078 9719
f 2072 2074 2069
f 2082 2088 2080
f 2074 2082 2080
f 2074 2080 2077
f 2075 2068 2077
f 2076 6577 6554
f 2073 2076 2068
f 2069 2074 2067
f 2076 6554 2070
f 2088 2082 9721
f 9721 2082 2072
f 2065 2072 2069
f 2066 2065 2069
f 4030 2072 2065
f 2068 2070 2058
f 2069 2067 2066
f 2052 2077 2068
f 2067 2061 2051
f 2066 2067 2051
f 2052 2061 2077
f 2049 2070 6549
f 2065 2062 4030
f 2064 2068 2058
f 2052 2068 2047
f 2064 2058 2060
f 2051 2059 2066
f 2062 2065 2063
f 2068 2064 2047
f 2058 2070 2049
f 2064 2060 2047
f 2063 2065 2042
f 2049 6549 2053
f 2060 2058 2056
f 2065 2066 2059
f 2061 2052 2043
f 2042 2065 2059
f 2057 2060 2054
f 2039 2049 2053
f 2048 2056 2058
f 2056 2048 2054
f 2060 2056 2054
f 2051 2061 2043
f 2059 2051 2055
f 2050 2053 6516
f 2057 2054 2045
f 2050 6516 2046
f 2047 2060 2044
f 2039 2058 2049
f 4017 2063 2032
f 2054 2048 2041
f 2055 2051 2043
f 6529 6516 6534
f 2039 2053 2050
f 2045 2054 2041
f 2052 2047 2043
f 2030 2050 2046
f 2047 2044 2038
f 2063 2042 2032
f 2043 2047 2038
f 2048 2058 2039
f 2048 2029 2041
f 2039 2036 2048
f 2040 2045 2041
f 2031 2050 2030
f 2033 2039 2050
f 2029 2048 2036
f 2043 2038 2055
f 2029 2035 2041
f 2055 2038 2037
f 2036 2039 2033
f 2033 2050 2031
f 2037 2038 2040
f 2036 2033 2029
f 2046 2028 2030
f 2028 2046 6464
f 4014 2032 2025
f 2032 2042 2034
f 6464 6405 2028
f 2029 2031 2035
f 2029 2033 2031
f 2032 4014 4017
f 2070 2068 2076
f 2030 2028 2026
f 2035 2024 2025
f 4014 4013 4017
f 2028 6405 2022
f 2025 2034 2035
f 2024 2035 2031
f 2027 2026 2028
f 2027 2028 2022
f 2022 2020 2027
f 2088 2098 2095
f 2025 2024 2021
f 2024 2026 2021
f 2022 2023 2017
f 4014 2025 4008
f 2017 2023 6367
f 2026 2027 2016
f 2026 2024 2031
f 2016 2021 2026
f 2015 2025 2021
f 4008 2025 2015
f 2027 2020 2010
f 2014 2022 2017
f 2016 2027 2010
f 6367 6356 2018
f 6367 2018 2017
f 2013 2014 2017
f 2022 2014 2020
f 2018 6356 6324
f 2020 2014 2010
f 2009 2021 2016
f 2026 2031 2030
f 2010 2014 2013
f 2015 2021 2011
f 6324 2012 2018
f 2019 2015 2008
f 2017 2018 2007
f 2021 2009 2011
f 2015 2011 2008
f 4002 4007 4008
f 2003 2010 2013
f 2006 2013 2007
f 2012 2005 2018
f 2019 4008 2015
f 1999 2008 2011
f 2009 2016 2010
f 2007 2018 2005
f 2003 2013 2006
f 2005 2012 2000
f 2013 2017 2007
f 2007 1998 2006
f 1998 2007 2005
f 1993 2010 2002
f 2009 2010 1993
f 2002 2010 2003
f 2009 1993 2001
f 1998 2005 1994
f 2003 2006 1997
f 1996 2002 2003
f 2005 2000 1994
f 2003 1997 1996
f 1992 2000 6274
f 1989 2011 2004
f 2001 2011 2009
f 1996 1997 1983
f 6274 6251 1992
f 1994 1987 1997
f 1991 2000 1992
f 1991 1994 2000
f 1997 1990 1983
f 2004 2011 2001
f 1982 1993 2002
f 1999 1989 1995
f 1984 2004 2001
f 1987 1990 1997
f 1997 2006 1998
f 1996 1983 1988
f 1984 2001 1993
f 1989 2004 1984
f 1977 1994 1991
f 1977 1987 1994
f 1993 1982 1985
f 1989 1999 2011
f 1982 1996 1988
f 1992 1977 1991
f 2002 1996 1982
f 1992 1980 1977
f 6230 6255 6226
f 1984 1993 1970
f 1995 1989 1979
f 1980 1992 6230
f 1987 1977 1976
f 1983 1986 1978
f 1983 1978 1988
f 1979 1984 1973
f 1981 1987 1976
f 1973 1984 1970
f 1979 1989 1984
f 1980 6230 6220
f 1982 1988 1975
f 1970 1993 1985
f 1976 1977 1969
f 1985 1982 1975
f 1978 1986 1968
f 1968 1986 1967
f 1979 3991 1995
f 1967 1981 1976
f 1980 1972 1977
f 1977 1972 1969
f 1986 1987 1981
f 1994 1997 1998
f 1988 1971 1975
f 1956 1974 1965
f 1980 1974 1972
f 1966 1985 1963
f 1985 1966 1970
f 1972 1974 1956
f 1976 1969 1967
f 1988 1978 1971
f 1986 1981 1967
f 1985 1975 1963
f 1973 1970 1966
f 6220 1974 1980
f 1983 1990 1986
f 1972 1956 1962
f 3985 1973 3980
f 1969 1962 1967
f 4011 4013 4009
f 1968 1967 1964
f 1971 1968 1964
f 1959 1973 1966
f 1964 1967 1958
f 1978 1968 1971
f 1990 1987 1986
f 1973 1959 3980
f 1958 1961 1964
f 1959 1966 1960
f 1975 1971 1963
f 3988 3993 3989
f 1963 1971 1964
f 1963 1964 1961
f 1955 1965 9688
f 1962 1969 1972
f 1966 1963 1960
f 1962 1956 1955
f 1960 1963 1961
f 9688 1965 6216
f 1958 1962 1953
f 1957 1960 1961
f 1956 1965 1955
f 1954 1959 1957
f 1974 6220 1965
f 1958 1953 1961
f 1959 1960 1957
f 1962 1955 9712
f 1953 1962 9712
f 1954 1961 9708
f 9718 1954 9708
f 1967 1962 1958
f 1961 1953 9708
f 1957 1961 1954
f 1959 1954 3972
f 2025 2032 2034
f 1899 1922 119
f 110 1880 3969
f 9612 1917 1943
f 9611 145 1888
f 112 104 1926
f 1900 116 1870
f 1860 107 160
f 105 112 1926
f 105 1926 1930
f 143 122 1912
f 1940 1951 1948
f 1924 131 1915
f 1917 1946 1938
f 1843 134 1898
f 1934 108 130
f 1933 108 1934
f 9683 1952 1944
f 1926 104 1952
f 9612 1943 1918
f 1943 1917 1838
f 1939 1909 103
f 1926 1952 9683
f 115 1891 111
f 1932 1937 118
f 1913 114 1921
f 6192 4349 4322
f 1909 1939 1904
f 1923 1924 1908
f 134 1923 1908
f 1891 115 103
f 118 1903 1905
f 121 1933 1902
f 1934 130 1895
f 1933 1934 1802
f 1916 1944 9612
f 1925 1889 1888
f 118 1937 1903
f 1944 1941 9612
f 1930 1926 1919
f 1900 122 116
f 1912 122 1896
f 1912 1849 1921
f 148 1929 1861
f 1861 1929 1949
f 162 161 1877
f 1906 125 1936
f 161 1920 1847
f 9678 1914 1918
f 122 1900 1864
f 1847 1920 1886
f 1874 1943 1838
f 1897 9684 1916
f 1919 1926 9684
f 1890 1918 1914
f 1879 148 1861
f 1928 1935 1866
f 130 162 1877
f 1904 1905 1907
f 1895 130 1877
f 1916 9612 1918
f 1897 1916 1890
f 1918 1890 1916
f 1870 111 1887
f 9684 1897 1901
f 1879 1936 126
f 1917 1938 1868
f 1878 1867 1949
f 122 1864 1896
f 1882 1919 1901
f 1930 1882 1873
f 111 1891 1841
f 1924 1915 1799
f 1949 1867 1861
f 1907 1903 1840
f 1884 1885 1950
f 3965 1880 1940
f 1868 1938 1942
f 1889 1925 109
f 1909 1859 1814
f 1906 1936 1879
f 1863 1928 1866
f 103 1909 1814
f 1904 1907 1875
f 1898 1908 1819
f 1878 1911 1843
f 1802 1934 1800
f 1860 160 1787
f 1901 1897 1855
f 1876 1890 9676
f 1922 1899 1844
f 1891 103 1814
f 1950 1863 1856
f 1894 1735 1910
f 1900 1870 1858
f 1950 1856 1884
f 1874 1806 1943
f 1841 1891 1893
f 1869 1886 1885
f 1846 1892 1901
f 1750 1885 1884
f 1948 129 1798
f 1857 1940 1948
f 1831 1846 1901
f 9676 1872 1852
f 1844 1899 9610
f 1819 1908 1924
f 1898 134 1908
f 1937 1922 1871
f 1816 1878 1843
f 1945 1787 160
f 1901 1862 1831
f 1859 1909 1830
f 1855 1897 1890
f 1882 1930 1919
f 9682 109 1881
f 1882 1901 1892
f 1805 9676 1852
f 1801 1907 1840
f 1862 1855 1845
f 1876 9676 1805
f 1871 1922 1850
f 1771 1860 1787
f 1873 1882 1892
f 1817 1852 1872
f 1840 1937 1832
f 1887 1858 1870
f 1912 1896 1849
f 1914 9676 1890
f 1949 1911 1878
f 1894 1826 1769
f 1866 1935 1906
f 129 1902 1798
f 1848 1907 1801
f 1913 1799 1915
f 161 1773 1877
f 1844 9610 1828
f 1896 1864 1839
f 1834 1826 1883
f 1917 1868 1673
f 1830 1875 1851
f 1839 1864 1900
f 1940 1857 1818
f 1806 1874 1829
f 9682 1873 1853
f 1891 1814 1893
f 1875 1907 1851
f 1832 1937 1871
f 1835 1902 1802
f 6192 6148 1747
f 1909 1904 1875
f 1818 3965 1940
f 1804 1852 1817
f 1823 1924 1799
f 1942 1860 1771
f 1839 1900 1858
f 1833 1831 1862
f 111 1841 1887
f 1847 1886 1869
f 1857 1948 1798
f 1855 1876 1842
f 1862 1845 1833
f 1850 1844 1837
f 1812 1879 1861
f 1856 1863 1718
f 1927 1910 1725
f 1866 1906 1797
f 1862 1901 1855
f 1837 1844 1828
f 1799 1913 1854
f 1876 1855 1890
f 1785 1840 1832
f 1698 1898 1819
f 1796 1835 1802
f 1718 1863 1866
f 1869 1809 1847
f 129 121 1902
f 1704 1931 1927
f 1845 1855 1842
f 1827 1845 1842
f 1834 6192 1747
f 1871 1850 1837
f 1903 1937 1840
f 1773 1847 1809
f 1892 1846 1808
f 1852 1804 1805
f 1812 1861 1820
f 1820 1861 1867
f 1771 1787 1753
f 1838 1917 1781
f 1917 1673 1781
f 1874 1838 1765
f 1833 1845 1827
f 1873 1892 1853
f 9611 1888 1821
f 9611 1795 1828
f 1876 1825 1842
f 1808 1831 1824
f 1889 9682 1778
f 1791 1854 1849
f 1927 1725 1710
f 1752 9678 1806
f 1794 1906 1879
f 1784 1868 1942
f 1829 1874 1765
f 9611 1821 1795
f 1803 1896 1839
f 1942 1771 1784
f 1810 1893 1814
f 1888 1889 1821
f 1887 1841 1813
f 1934 1895 1800
f 1830 1851 1779
f 1788 1879 1812
f 1725 1910 1714
f 1831 1833 1790
f 1922 1844 1850
f 1836 1879 1788
f 1778 1821 1889
f 1680 1809 1869
f 1824 1831 1790
f 1893 1810 1841
f 1770 1859 1830
f 1858 1813 1807
f 1704 1927 1710
f 1824 1789 1808
f 1853 1808 1815
f 1837 1828 1795
f 1843 1898 1767
f 1814 1770 1810
f 1737 1804 1817
f 1797 1906 1794
f 1811 1857 1798
f 1832 1871 1837
f 1858 1887 1813
f 1774 1799 1854
f 1767 1816 1843
f 1803 1849 1896
f 1714 1910 1735
f 1803 1839 1807
f 1822 1680 1869
f 3959 1835 1796
f 1808 1846 1831
f 1808 1853 1892
f 1836 1794 1879
f 1803 1791 1849
f 1826 1834 1769
f 1815 1808 1789
f 1837 1792 1832
f 1741 1825 1876
f 1787 1945 1670
f 1753 1787 1711
f 1841 1810 1777
f 1837 1795 1792
f 1761 1821 1778
f 1819 1823 1775
f 1774 1854 1791
f 1841 1777 1813
f 1775 1799 1774
f 1866 1797 1697
f 1876 1805 1741
f 1807 1782 1803
f 1839 1858 1807
f 1729 1867 1878
f 3965 3963 1880
f 1815 1789 1793
f 1848 1801 1783
f 1707 1729 1878
f 1822 1869 1885
f 1822 1885 1750
f 1798 1835 3959
f 1945 1931 1704
f 1779 1851 1780
f 1801 1785 1783
f 1768 1827 1842
f 1824 1790 1789
f 1783 1780 1848
f 1729 1820 1867
f 1700 1816 1767
f 1798 1902 1835
f 3965 3952 3955
f 3965 3955 3963
f 1718 1866 1697
f 1680 1822 1766
f 1754 1834 1747
f 1790 1833 1772
f 1814 1859 1770
f 1810 1770 1777
f 1809 1717 1773
f 1754 1769 1834
f 1842 1825 1764
f 1785 1832 1721
f 1832 1792 1755
f 1791 1803 1782
f 1729 1730 1820
f 1765 1838 1781
f 1819 1775 1776
f 1707 1878 1816
f 1772 1827 1768
f 1783 1785 1721
f 1698 1819 1776
f 1707 1816 1700
f 1772 1833 1827
f 1667 1735 1769
f 1752 1806 1829
f 1748 1884 1856
f 6192 6128 6148
f 1757 1782 1813
f 1721 1832 1755
f 1730 1812 1820
f 1767 1898 1698
f 1758 1677 1673
f 1764 1825 1741
f 1789 1772 1793
f 1767 1698 1760
f 1720 1733 1750
f 1789 1790 1772
f 1671 1797 1794
f 1777 1746 1813
f 1783 1749 1780
f 1782 1807 1813
f 1884 1748 1750
f 1770 1830 1779
f 9679 1865 9671
f 9679 9671 1786
f 1748 1856 1718
f 1784 1771 1716
f 1813 1746 1757
f 1740 1812 1730
f 1768 1842 1764
f 1759 1772 1744
f 1717 1809 1680
f 1772 1768 1744
f 1742 1770 1762
f 1777 1770 1742
f 1791 1782 1756
f 1697 1797 1719
f 1787 1670 1711
f 1716 1771 1753
f 1779 1780 1762
f 1770 1779 1762
f 1705 1805 1804
f 1749 1783 1751
f 1688 1800 1895
f 1781 1673 1745
f 1784 1716 1679
f 1777 1742 1746
f 1741 1805 1705
f 1804 1737 1743
f 9681 1795 1821
f 1756 1782 1757
f 1733 1822 1750
f 1774 1756 1763
f 1744 1768 1764
f 1793 1772 1759
f 1774 1791 1756
f 1646 1877 1773
f 1755 1792 9681
f 1788 1740 1702
f 1798 3959 3954
f 1754 1747 6120
f 1868 1784 1679
f 1829 1765 1676
f 1761 1778 1709
f 1792 1795 9681
f 1746 1738 1757
f 1722 1821 1761
f 1719 1797 1671
f 1811 1818 1857
f 3956 1798 3954
f 1868 1677 1758
f 1752 1829 1723
f 1776 1775 1763
f 1764 1715 1744
f 1786 9671 9672
f 1743 1737 9675
f 1733 1766 1822
f 1646 1895 1877
f 1811 1798 3956
f 1744 1739 1759
f 1694 1773 1717
f 1688 1802 1800
f 1762 1732 1726
f 1702 1836 1788
f 1762 1780 1732
f 1695 1749 1751
f 1720 1750 1748
f 1756 1757 1727
f 1780 1749 1732
f 1727 1757 1738
f 1705 1804 1743
f 1746 1742 1738
f 1742 1762 1726
f 1913 1849 1854
f 1694 1646 1773
f 1769 1754 1656
f 1639 1945 1704
f 1677 1868 1679
f 1739 1744 1715
f 1723 1829 1676
f 1764 1741 1715
f 1895 1646 1688
f 1761 1709 1731
f 1776 1734 1681
f 1693 1729 1707
f 1648 1765 1781
f 1759 1739 1724
f 1738 1742 1727
f 1677 1689 1673
f 1676 1765 1648
f 1741 1705 1708
f 1776 1763 1734
f 1849 1913 1921
f 9674 1786 1684
f 1700 1767 1627
f 1752 1723 1696
f 1627 1767 1760
f 1747 6113 6120
f 1695 1728 1732
f 1727 1742 1699
f 1699 1726 1728
f 1669 1761 1731
f 1688 1646 1640
f 1763 1756 1734
f 1703 1735 1667
f 1699 1742 1726
f 1722 1761 1669
f 1674 1721 9681
f 1701 1729 1693
f 1704 1710 1672
f 1739 1715 1692
f 1701 1678 1730
f 1754 6120 1594
f 1713 1727 1699
f 1715 1741 1655
f 1701 1730 1729
f 1694 1717 1626
f 1788 1812 1740
f 6120 1706 1594
f 1639 1704 1590
f 1741 1659 1655
f 1626 1717 1680
f 1714 1735 1703
f 1648 1781 1745
f 1724 1739 1692
f 1727 1682 1691
f 1755 9681 1721
f 1734 1756 1691
f 1731 1709 1692
f 1727 1713 1682
f 1712 1748 1718
f 1725 1714 1613
f 1670 1945 1639
f 1754 1594 1656
f 1753 1649 1716
f 1728 1726 1732
f 1733 1720 1661
f 1712 1583 1748
f 1590 1704 1672
f 1638 1711 1670
f 1728 1695 1690
f 1713 1699 1683
f 1743 9675 9677
f 1712 1697 1573
f 1681 1734 1653
f 1775 1774 1763
f 1698 1776 1681
f 1614 1736 9674
f 1677 1546 1689
f 1573 1697 1719
f 1766 1733 1686
f 1613 1714 1703
f 1649 1753 1711
f 1686 1733 1661
f 1692 1715 1655
f 1695 1732 1749
f 1731 1663 1669
f 1683 1699 1728
f 1682 1713 1683
f 1731 1692 1663
f 9681 1675 1674
f 1683 1728 1690
f 1682 1683 1685
f 3943 1688 1640
f 1670 1643 1638
f 1700 1627 1642
f 1712 1595 1583
f 1583 1611 1748
f 1654 1690 1687
f 1760 1698 1636
f 1581 1677 1679
f 1663 1692 1655
f 1614 9674 1684
f 1611 1720 1748
f 1656 1667 1769
f 1659 1741 1708
f 1662 1836 1702
f 1690 1660 1683
f 1653 1734 1691
f 1794 1836 1662
f 1642 1693 1707
f 1623 1716 1649
f 1690 1695 1687
f 1685 1683 1660
f 1672 1710 1725
f 1626 1641 1694
f 1740 1730 1678
f 1611 1661 1720
f 1646 1694 1641
f 1673 1689 1605
f 1794 1662 1657
f 1670 1639 1643
f 1677 1581 1615
f 1651 1655 1659
f 1662 1702 1570
f 1671 1794 1657
f 1708 1705 1743
f 1642 1707 1700
f 1663 1634 1669
f 1666 1675 9681
f 1756 1727 1691
f 1669 1634 1666
f 1653 1691 1668
f 1723 1676 1696
f 1685 1660 1652
f 1668 1682 1631
f 1650 1675 1666
f 1647 1701 1693
f 1680 1766 1606
f 1686 1661 1644
f 1667 1656 1658
f 1635 1725 1593
f 1685 1652 1637
f 1743 9677 1602
f 1627 1760 1636
f 1626 1680 1606
f 1725 1613 1593
f 1672 1725 1576
f 1660 1654 1645
f 1668 1691 1682
f 1612 1674 1675
f 1605 1745 1673
f 1651 1659 1708
f 1711 1638 1649
f 1581 1679 1623
f 1647 1693 1642
f 1658 1656 1620
f 1621 1743 1602
f 1606 1766 1686
f 1620 1656 1594
f 1595 1712 1573
f 1706 1617 1561
f 1652 1660 1645
f 1677 1615 1546
f 1681 1653 1632
f 1725 1635 1576
f 1546 1618 1689
f 3943 1640 3935
f 1679 1716 1623
f 1629 1634 1663
f 1672 1624 1590
f 1612 1675 1603
f 1641 1626 1616
f 1636 1681 1632
f 1611 1644 1661
f 1658 1703 1667
f 1689 1618 1605
f 1655 1608 1629
f 1622 1652 1645
f 1625 1701 1647
f 1573 1719 1619
f 1669 1666 1722
f 1668 1628 1653
f 1665 1612 1610
f 1632 1653 1628
f 1698 1681 1636
f 1651 1708 1633
f 1570 1702 1678
f 1606 1686 1644
f 1655 1651 1608
f 1665 1674 1612
f 1603 1675 1650
f 1621 1708 1743
f 1646 1597 1640
f 1672 1576 1624
f 1622 1637 1652
f 1633 1708 1621
f 1650 1666 1592
f 1668 1631 1628
f 1594 1706 1561
f 1614 1684 1607
f 1635 1593 1582
f 1745 1605 1565
f 1696 1676 1558
f 1608 1651 1633
f 1622 1645 1665
f 1663 1655 1629
f 1602 9677 9673
f 1690 1654 1660
f 1568 1719 1671
f 1637 1631 1685
f 1631 1682 1685
f 1628 1631 1637
f 1630 1665 1610
f 1627 1636 1600
f 1634 1629 1588
f 1636 1632 1600
f 1599 1647 1642
f 1719 1568 1619
f 1584 1634 1588
f 1718 1697 1712
f 1564 1745 1565
f 1592 1666 1634
f 3926 3935 1640
f 1639 1585 1643
f 1613 1703 1497
f 1604 1637 1622
f 1587 1662 1570
f 1671 1657 1568
f 1639 1590 1585
f 1559 1623 1649
f 1604 1628 1637
f 1625 1647 1599
f 1597 3926 1640
f 1625 1678 1701
f 1576 1635 1582
f 1632 1628 1604
f 1609 1678 1625
f 1650 1592 1569
f 1603 1650 1569
f 1648 1745 1564
f 1676 1648 1558
f 1614 1607 1536
f 1601 1614 1536
f 1600 1632 1578
f 1589 1664 1577
f 1612 1603 1552
f 1587 1657 1662
f 1575 1612 1552
f 1569 1592 1560
f 1588 1629 1580
f 1610 1612 1575
f 1598 1642 1627
f 1609 1570 1678
f 1632 1604 1555
f 1609 1625 1599
f 1626 1606 1586
f 1629 1608 1580
f 1634 1584 1592
f 9680 1562 1571
f 1601 1664 1614
f 1532 1606 1644
f 1616 1626 1586
f 1596 1696 1558
f 1566 1595 1573
f 1641 1616 1597
f 1555 1604 1571
f 1627 1591 1598
f 1531 1620 1594
f 1579 1603 1569
f 1610 1562 1630
f 1562 1610 1575
f 1539 1570 1609
f 1458 1615 1541
f 1608 1633 1580
f 1603 1579 1552
f 1577 1664 1601
f 1604 9680 1571
f 1658 1620 1540
f 1649 1638 1502
f 9680 1630 1562
f 1632 1555 1578
f 1602 9673 1574
f 1600 1578 1591
f 1609 1548 1539
f 1546 1615 1458
f 1584 1588 1580
f 1548 1609 1599
f 1590 1624 1585
f 1595 1566 1583
f 1572 1621 1602
f 1579 1569 1553
f 1641 1597 1646
f 5945 1561 1617
f 1537 1598 1591
f 1586 1606 1549
f 1583 1566 1527
f 1558 1648 1496
f 1633 1621 1580
f 1550 1587 1570
f 1549 1606 1532
f 1638 1643 1557
f 1648 1564 1496
f 1569 1560 1553
f 1548 1599 1598
f 1573 1619 1523
f 1560 1592 1556
f 1550 1570 1539
f 1617 6034 5945
f 1571 1562 1563
f 1657 1587 1508
f 1619 1568 1472
f 1638 1557 1483
f 1536 1607 1487
f 1592 1584 1556
f 1577 1601 1516
f 1567 1587 1550
f 1573 1523 1566
f 1575 1552 1526
f 1574 1544 1572
f 1562 1575 1543
f 1537 1591 1578
f 1587 1567 1508
f 1522 1597 1616
f 1476 1618 1546
f 1623 1559 1534
f 1547 1580 1621
f 1530 1560 1556
f 1602 1574 1572
f 1555 1571 1538
f 1546 1507 1476
f 1568 1657 1508
f 1585 1557 1643
f 1605 1618 1535
f 1706 6120 6113
f 1556 1584 1547
f 1476 1535 1618
f 1523 1619 1472
f 1565 1605 1535
f 1543 1575 1526
f 1550 1539 1533
f 1518 1526 1579
f 1574 9673 1524
f 1541 1623 1534
f 1571 1563 1538
f 1540 1703 1658
f 1540 1620 1531
f 1579 1526 1552
f 1567 1550 1542
f 1515 1548 1598
f 1472 1568 1508
f 1580 1547 1584
f 1593 1613 1497
f 1554 1578 1555
f 1555 1538 1554
f 1572 1547 1621
f 1516 1601 1536
f 1533 1542 1550
f 1481 1585 1624
f 1547 1572 1529
f 1561 5945 5899
f 1546 1458 1507
f 1518 1579 1553
f 1554 1537 1578
f 1594 1461 1531
f 1624 1576 1582
f 1559 1649 1474
f 9670 1596 1558
f 1512 1530 1556
f 1598 1537 1514
f 1594 1561 1461
f 1515 1598 1514
f 1520 1567 1542
f 1530 1553 1560
f 1611 1583 1527
f 1522 1586 1549
f 1624 1504 1481
f 1649 1502 1474
f 1521 1544 1574
f 1477 1536 1487
f 1540 1531 1510
f 1529 1512 1556
f 1563 1519 1495
f 1501 1543 1526
f 1528 1537 1554
f 1548 1515 1539
f 1519 1543 1501
f 1447 1582 1593
f 1511 1545 9670
f 1551 1577 1524
f 1525 1520 1542
f 1461 1561 5899
f 1554 1538 1499
f 1574 1524 1485
f 1466 1566 1523
f 1644 1611 1532
f 1534 1465 1541
f 1530 1513 1553
f 1529 1572 1544
f 1851 1848 1780
f 1591 1627 1600
f 1533 1517 1542
f 1538 1563 1495
f 1490 1544 1521
f 1563 1562 1543
f 1530 1512 1513
f 1509 1545 1463
f 1499 1528 1554
f 1516 1536 1477
f 1520 1508 1567
f 1527 1566 1466
f 1490 9669 1544
f 1501 1526 1492
f 1703 1439 1497
f 1532 1611 1469
f 1496 1564 1565
f 1493 1527 1466
f 1526 1513 1492
f 1519 1563 1543
f 1518 1553 1513
f 1624 1582 1504
f 1463 1545 1511
f 1494 1544 9669
f 1544 1494 1529
f 1508 1520 1437
f 1703 1540 1439
f 1593 1497 1447
f 1521 1574 1485
f 1490 1517 9669
f 1503 1466 1523
f 1526 1518 1513
f 1514 1537 1528
f 1533 1515 1500
f 1469 1527 1493
f 3926 1597 3913
f 1500 1488 1533
f 1577 1516 1450
f 1488 9669 1517
f 1482 1524 1577
f 1597 1522 3913
f 1469 1611 1527
f 1512 1529 1494
f 1540 1510 1439
f 1525 1490 1491
f 1479 1515 1514
f 1557 1427 1483
f 9665 1512 1494
f 1529 1556 1547
f 1499 1514 1528
f 1577 1450 1482
f 1523 1472 1503
f 1437 1520 1484
f 1558 1419 1456
f 1525 1542 1517
f 1490 1525 1517
f 1484 1520 1525
f 9670 1558 1456
f 1486 1499 1538
f 1484 1525 1467
f 1486 1538 1495
f 1485 1524 1470
f 1467 1525 1491
f 1462 1549 1505
f 1489 1549 1462
f 1441 1565 1535
f 1492 1513 9665
f 1441 1496 1565
f 1458 1541 1465
f 1502 1638 1483
f 1468 1487 1506
f 1478 1505 1532
f 3906 3926 3913
f 1557 1585 1481
f 1558 1496 1419
f 9665 1513 1512
f 1488 1500 1498
f 1478 1532 1469
f 1457 1510 1531
f 1486 1495 1480
f 1486 1475 1499
f 1480 1519 1501
f 1492 9665 1471
f 1477 1487 1468
f 1492 1471 1501
f 1514 1499 1479
f 1480 1475 1486
f 1480 1495 1519
f 1501 1471 9666
f 9668 1480 1501
f 1498 1500 1479
f 1479 1499 1473
f 1534 1559 1440
f 1463 1511 9670
f 1473 1499 1475
f 1549 1489 1522
f 1524 1482 1470
f 1505 1549 1532
f 3891 1478 1469
f 1461 5899 1438
f 1490 1521 1451
f 1506 1509 1448
f 1450 1516 1455
f 1472 1459 1503
f 1445 3913 1522
f 1460 1497 1439
f 1465 1534 1440
f 1509 1463 1448
f 1463 9670 1456
f 1421 1459 1472
f 1460 1447 1497
f 1480 9668 1473
f 1473 1475 1480
f 9666 1498 9667
f 1598 1599 1642
f 1515 1479 1500
f 1539 1515 1533
f 1488 1517 1533
f 9667 1498 1479
f 9667 1479 1473
f 1516 1477 1455
f 1535 1476 1441
f 1469 1493 3894
f 1501 9666 9668
f 1474 1502 1443
f 1458 1465 1464
f 1521 1485 1451
f 1438 5899 5891
f 1453 1496 1441
f 1491 1490 1451
f 1522 1489 1445
f 1442 1466 1503
f 3894 3891 1469
f 1531 1461 1409
f 1454 1505 1478
f 1448 1468 1506
f 1468 1448 1436
f 1470 1482 1422
f 1463 1456 1449
f 1455 1468 1414
f 1427 1557 1481
f 3870 1505 1454
f 1409 1461 1438
f 1504 1452 1481
f 1582 1447 1504
f 1451 1485 1433
f 1484 1467 1411
f 1462 1505 3870
f 5937 5861 5945
f 1531 1409 1457
f 1503 1459 1442
f 1504 1447 1452
f 1452 1427 1481
f 1493 1442 3889
f 1559 1474 1446
f 1482 1450 1444
f 1422 1482 1444
f 1411 1437 1484
f 1404 1456 1419
f 1433 1485 1470
f 1483 1406 1443
f 3894 1493 3889
f 1477 1468 1455
f 1448 1463 1426
f 1493 1466 1442
f 1507 1458 1432
f 1440 1559 1446
f 1406 1483 1427
f 1432 1458 1464
f 1419 1496 1453
f 1470 1422 1433
f 1444 1450 1415
f 1541 1615 1581
f 1623 1541 1581
f 1450 1455 1420
f 1441 1476 1428
f 1423 1465 1440
f 1426 1434 1448
f 1452 1447 1460
f 1415 1450 1420
f 1443 1502 1483
f 1436 1448 1434
f 1411 1467 1379
f 1424 1460 1439
f 1406 1427 1373
f 1451 1433 1408
f 1426 1463 1449
f 1508 1437 1421
f 1456 1404 1449
f 1410 1446 1474
f 1428 1417 1441
f 1424 1439 1510
f 1510 1457 1409
f 1443 1410 1474
f 1510 1409 1401
f 1464 1465 1423
f 1413 1449 1404
f 1467 1491 1385
f 1414 1468 1436
f 3889 1442 1435
f 1424 1510 1401
f 1464 1423 1432
f 1408 1431 1451
f 1417 1453 1441
f 1446 1410 1391
f 1416 3889 1435
f 1442 1459 1435
f 1425 1434 1426
f 1414 1407 1455
f 1393 1427 1452
f 1418 1436 1434
f 1462 1430 1489
f 1385 1379 1467
f 3878 1462 3870
f 1393 1452 1394
f 1413 1426 1449
f 1429 1435 1459
f 1410 1443 1406
f 1422 1444 1415
f 1372 1421 1437
f 1417 1428 1432
f 1423 1440 1403
f 1408 1433 1422
f 1452 1460 1394
f 1374 1413 1404
f 1412 1426 1413
f 1459 1421 1429
f 1425 1426 1412
f 1397 1418 1434
f 1415 1420 1392
f 1385 1491 1431
f 1460 1424 1398
f 3852 3845 3879
f 1419 1417 1396
f 1440 1446 1388
f 1446 1391 1388
f 1405 1423 1403
f 1389 1417 1432
f 1372 1411 1379
f 1419 1386 1404
f 1407 1414 1390
f 1402 1406 1373
f 1428 1507 1432
f 1382 1432 1423
f 1372 1437 1411
f 1472 1508 1421
f 1395 1429 1421
f 5758 1401 1409
f 1432 1383 1389
f 1577 1551 1589
f 1421 1372 1395
f 1397 1434 1376
f 1413 1374 1387
f 1381 1392 1420
f 1400 1391 1410
f 1376 1434 1425
f 1427 1393 1373
f 1376 1425 1399
f 1404 1386 1374
f 1410 1406 1400
f 1416 1435 1369
f 1399 1425 1412
f 1369 3843 1416
f 1399 1412 1387
f 1409 5779 5758
f 1415 1392 1366
f 1419 1396 1386
f 1379 1325 1372
f 1440 1388 1365
f 1364 1424 1401
f 1405 1403 1370
f 1420 1455 1407
f 1440 1365 1403
f 1403 1365 1360
f 1364 1401 5758
f 1358 1408 1366
f 1375 1418 1397
f 1383 1432 1382
f 1420 1407 1381
f 1491 1451 1431
f 1398 1424 1364
f 1375 1397 1376
f 1398 1357 1368
f 1342 1431 1408
f 1435 1429 1380
f 5758 5779 5764
f 1374 1386 1328
f 1422 1366 1408
f 1380 1429 1395
f 1362 1431 1342
f 1381 1377 1392
f 1428 1476 1507
f 1419 1453 1417
f 1375 1390 1418
f 1366 1392 1384
f 1391 1400 1371
f 1354 1400 1406
f 1396 1417 1389
f 1407 1390 1329
f 1381 1407 1329
f 1435 1380 1369
f 1408 1358 1342
f 1394 1460 1398
f 1394 1368 1393
f 1394 1398 1368
f 1352 1364 5758
f 1347 1396 1389
f 1361 1403 1360
f 1379 1385 1362
f 1358 1366 1336
f 1370 1403 1361
f 1380 1395 1351
f 1325 1379 1362
f 1409 1438 5779
f 1354 1406 1331
f 1353 1399 1387
f 1367 1399 1353
f 1392 1377 1384
f 1381 1329 1332
f 1402 1373 1331
f 1377 1381 1332
f 1351 1372 1325
f 1387 1374 1359
f 1362 1385 1431
f 1366 1384 1336
f 1398 1364 1355
f 1359 1374 1328
f 1393 1368 1348
f 1390 1375 1378
f 1373 1393 1348
f 1386 1396 1347
f 1412 1413 1387
f 1363 1390 1344
f 1373 1349 1331
f 1398 1355 1357
f 1388 1391 1371
f 1344 1330 1363
f 1380 1351 1369
f 1360 1365 1341
f 1386 1347 1328
f 1362 1342 1345
f 1389 1383 1334
f 1358 1336 1327
f 1346 1387 1359
f 1400 1354 1350
f 1370 1361 1356
f 1353 1387 1346
f 1373 1348 1349
f 1390 1378 1344
f 1338 1341 1388
f 1376 1367 1323
f 1335 1384 1377
f 1339 1352 5758
f 5758 5764 1339
f 1395 1372 1351
f 1364 1352 1355
f 1347 1389 1324
f 1361 1360 1333
f 1367 1353 1320
f 1378 1376 1323
f 1389 1334 1324
f 1338 1388 1371
f 1384 1337 1336
f 1400 1338 1371
f 1383 1382 1334
f 1333 1360 1341
f 1369 1351 1316
f 1357 1355 1326
f 1346 1359 1317
f 1355 1352 1315
f 1334 1382 1340
f 1302 1347 1324
f 1345 1294 1362
f 1343 1330 1344
f 1356 1361 1313
f 1377 1332 1335
f 1363 1330 1309
f 1321 1400 1350
f 1327 1336 1322
f 1400 1321 1338
f 1316 1351 1325
f 1352 1339 1315
f 1361 1333 1313
f 1368 1314 1348
f 1341 1307 1333
f 3843 1369 1316
f 1308 1354 1331
f 1315 1339 5710
f 1331 1406 1402
f 1329 1311 1332
f 1343 1309 1330
f 1350 1354 1308
f 1328 1301 1359
f 1329 1309 1311
f 1368 1326 1318
f 1326 1355 1315
f 1301 1328 1347
f 1329 1363 1309
f 1345 1342 1298
f 1325 1362 1294
f 1334 1340 1297
f 1301 1317 1359
f 1342 1358 1298
f 1349 1348 1314
f 1334 1297 1324
f 1335 1337 1384
f 1325 1294 1316
f 1349 1308 1331
f 1308 1349 1290
f 1347 1302 1301
f 1317 1320 1346
f 1318 1326 1287
f 1317 1301 1306
f 1349 1314 1290
f 1320 1312 1323
f 1332 1311 1335
f 1350 1308 1321
f 1343 9662 1303
f 1298 1358 1327
f 1309 1343 1303
f 1314 1368 1318
f 1320 1353 1346
f 1296 1315 5710
f 1313 1333 1273
f 1340 1300 1297
f 1345 1298 1281
f 1294 1345 1281
f 9662 1291 1303
f 1306 1312 1317
f 1337 1310 1322
f 5641 1296 5710
f 1378 1323 1319
f 1366 1422 1415
f 9664 1338 1321
f 1303 1304 1309
f 1311 1309 1289
f 1305 1319 1323
f 1333 9663 1282
f 1333 1282 1273
f 1312 1320 1317
f 1323 1293 1305
f 1301 1302 1258
f 1356 1272 1299
f 1272 1356 1313
f 1323 1312 1293
f 1303 1291 1285
f 1289 1309 1304
f 1287 1252 1318
f 1316 1294 1277
f 1308 1290 1265
f 1301 1258 1306
f 1304 1303 1285
f 1278 1300 1299
f 1293 1312 1292
f 1276 1310 1335
f 1335 1311 1276
f 1315 1296 1295
f 1302 1324 1297
f 1313 1273 1272
f 1314 1318 1288
f 1298 1271 1284
f 1316 1277 1280
f 5621 1321 1308
f 1294 1281 1277
f 1290 1314 1288
f 1311 1289 1283
f 1288 1318 1259
f 1304 1285 1289
f 1295 1296 5615
f 3799 3823 3830
f 1276 1311 1264
f 5615 1296 5641
f 9664 1321 5621
f 1298 1322 1271
f 1265 1290 1288
f 1368 1357 1326
f 1308 1286 5621
f 1292 1312 1306
f 1322 1274 1271
f 1285 1291 1268
f 1274 1322 1310
f 1275 1310 1276
f 1298 1284 1281
f 1252 1287 1279
f 9663 5623 1282
f 1299 1272 1267
f 1326 1279 1287
f 1268 1305 1293
f 1326 1315 1279
f 1308 1265 1286
f 1302 1297 1270
f 1289 1285 1257
f 1266 1311 1283
f 1259 1318 1252
f 1258 1302 1270
f 1282 5623 5584
f 1278 1297 1300
f 1293 1269 1268
f 1273 1282 5584
f 1279 1315 1295
f 1278 1299 9661
f 1278 1263 1297
f 1257 1285 1268
f 1274 1310 1275
f 1268 1291 1305
f 1283 1289 1257
f 1265 9660 1286
f 1292 1306 1258
f 1281 1261 1237
f 1277 1281 1237
f 1259 1251 1288
f 1279 1295 5533
f 1281 1284 1261
f 1297 1263 1270
f 5605 5584 5623
f 1284 1271 1261
f 1277 1260 1280
f 1265 1288 9660
f 1293 1292 1262
f 1299 1267 9661
f 1293 1262 1242
f 1271 1274 1250
f 1271 1250 1261
f 1250 1275 1244
f 1277 1237 1255
f 1269 1293 1242
f 1256 1257 1268
f 1327 1322 1298
f 1337 1322 1336
f 1277 1255 1260
f 1262 1292 1258
f 1311 1266 1264
f 1272 1273 1247
f 1278 9661 1249
f 1295 5615 1248
f 5533 1295 1248
f 1232 1258 1270
f 1273 5584 1247
f 1256 1268 1269
f 9661 1245 1249
f 1267 1272 1247
f 1274 1275 1250
f 1259 1252 1251
f 5789 5754 5739
f 9661 1267 1238
f 1242 1253 1269
f 1267 1247 7004
f 1267 7004 1238
f 1253 1256 1269
f 1275 1276 1244
f 1254 1264 1236
f 1246 1283 1257
f 1254 1244 1276
f 1243 1262 1258
f 1399 1367 1376
f 1375 1376 1378
f 1323 1367 1320
f 1241 1257 1256
f 1252 1279 1251
f 1243 1258 1232
f 1245 9661 1238
f 1261 1250 1237
f 1270 1263 1232
f 1266 1283 1246
f 5615 5576 1248
f 1241 1256 1253
f 3734 3774 1280
f 1263 1278 1249
f 1255 1231 1260
f 1266 1246 1233
f 1250 1244 2189
f 1262 1243 1242
f 1263 1249 2191
f 1242 1228 1253
f 3734 9783 3774
f 1236 1266 1233
f 1237 1250 2189
f 1239 1254 1236
f 5557 5570 9664
f 1236 1264 1266
f 1234 1251 1279
f 7025 5522 5557
f 1249 1245 1230
f 7004 1247 5523
f 1279 7001 1234
f 1228 1242 1243
f 1240 9660 1251
f 2184 1241 1253
f 1240 1251 7019
f 2189 1244 1229
f 1251 9660 1288
f 1231 1255 1235
f 2184 1253 1228
f 1229 1254 1239
f 1229 1244 1254
f 1279 5533 7001
f 1232 1263 2191
f 4180 3701 1260
f 1249 1230 2187
f 1235 1237 2189
f 2191 1249 2187
f 2187 1230 1227
f 2183 1233 1246
f 1231 1235 2179
f 1260 1231 2179
f 4180 1260 2179
f 1246 2157 2183
f 1238 7004 2185
f 1233 2181 1236
f 1234 7003 7019
f 5584 5523 1247
f 1236 2181 1239
f 7003 1234 7001
f 1230 1238 2185
f 2184 1228 2190
f 2178 1241 2184
f 7019 1251 1234
f 1232 2191 2188
f 2191 2186 2166
f 2186 2191 2187
f 1228 1232 2188
f 2174 1228 2188
f 1232 1228 1243
f 6962 6932 6771
f 2188 2166 2174
f 2178 2177 1241
f 1246 1257 1241
f 1235 2189 2179
f 1246 2177 2157
f 1254 1276 1264
f 1255 1237 1235
f 2238 1219 1189
f 2238 1189 1151
f 1188 2212 1161
f 1224 2220 1225
f 1160 1211 1217
f 1197 1221 2210
f 2209 2225 2210
f 2222 2196 1153
f 1199 3690 4198
f 1209 2202 1208
f 1166 2205 2203
f 1216 2227 1211
f 1186 2200 1204
f 1166 1210 2205
f 1209 1116 2203
f 2203 1116 1166
f 2219 2220 1089
f 2272 2279 2346
f 4198 2247 1215
f 1199 4198 1215
f 1214 1218 1145
f 1220 1191 1124
f 1210 1190 2205
f 2220 1224 9655
f 1206 1200 9640
f 2232 1206 1217
f 1217 1206 1160
f 2200 1186 2198
f 1178 1221 1187
f 2209 2208 2225
f 1219 1196 1189
f 1089 2237 2219
f 1221 1197 1187
f 1195 2211 1114
f 1172 1199 1215
f 1147 1202 2192
f 1173 1212 1142
f 1177 2201 1133
f 1226 2238 1151
f 1185 2197 1183
f 2192 1194 1147
f 1218 2229 1145
f 1220 1171 1191
f 2202 5498 1208
f 1207 5510 5498
f 2200 2226 1204
f 2452 2448 2523
f 1130 1212 1202
f 1142 1212 1130
f 2229 2199 1145
f 1203 1195 1181
f 1199 1156 3690
f 1133 2201 2193
f 2202 1213 1207
f 1211 1160 1216
f 1137 2211 1193
f 1201 1190 1167
f 1158 1206 9640
f 1185 1183 1168
f 1213 2242 1207
f 2209 1192 1184
f 1198 1226 1138
f 1207 5498 2202
f 1208 1116 1209
f 1093 2294 1174
f 9642 2194 1165
f 1156 3692 3690
f 2314 2367 2335
f 1202 1147 1130
f 2220 9655 9656
f 1182 1205 1164
f 1197 2198 1170
f 1170 2198 1186
f 1197 1159 1187
f 2196 1181 1176
f 1180 2193 2221
f 1144 1189 1196
f 1089 2220 9656
f 1205 1222 1164
f 1182 1141 1134
f 2309 2295 1195
f 1153 3685 2222
f 2195 1212 1173
f 2199 1173 1175
f 1172 2209 1184
f 1179 2224 1124
f 2247 2208 1215
f 1136 2228 1138
f 1164 1222 1216
f 1150 1186 1185
f 1184 1192 1162
f 1204 2215 2244
f 2204 2294 1093
f 1178 1187 1159
f 1139 1129 1199
f 1129 1156 1199
f 1191 1171 1123
f 1195 1169 1181
f 1192 2209 1178
f 2337 2390 2293
f 2345 2390 2337
f 1178 1159 1152
f 1162 1192 1152
f 1181 1169 1176
f 1175 1173 1142
f 1190 1125 1167
f 2233 2228 1136
f 1180 1110 2193
f 2193 2239 2221
f 1192 1178 1152
f 1150 1185 1168
f 1052 1180 1179
f 1128 1188 1161
f 1216 1160 1135
f 1152 1163 1162
f 1163 1154 1162
f 1172 1184 1154
f 1153 2196 1176
f 1214 1145 1144
f 1201 1167 1171
f 1174 2294 2233
f 1170 1186 1150
f 1148 1168 1111
f 1145 2199 1175
f 1179 1124 1038
f 1171 1167 1123
f 1144 1196 1214
f 1189 1060 1151
f 1216 1127 1164
f 1139 1199 1140
f 1184 1162 1154
f 1157 1191 1123
f 1125 1051 1167
f 1089 1165 2237
f 1158 9640 9641
f 1193 1134 1137
f 1143 1197 1170
f 1172 1140 1199
f 2808 2684 2773
f 2836 2811 2722
f 2602 2652 2611
f 1172 1215 2209
f 1111 1183 3689
f 1154 1163 1131
f 1144 1145 1105
f 1060 1189 1132
f 1182 1164 1141
f 1168 1183 1111
f 1165 1089 1104
f 1216 1135 1127
f 1159 1197 1143
f 1186 1204 1185
f 1149 1172 1154
f 1155 1150 1168
f 9659 1163 1152
f 1208 1113 1118
f 1125 1210 1166
f 1141 1164 1127
f 1146 1149 1154
f 3677 1153 1176
f 1119 1133 2193
f 1109 1145 1175
f 9642 1165 1104
f 1131 1163 9659
f 1155 1168 1148
f 1131 1146 1154
f 1145 1109 1105
f 1157 1123 1126
f 5498 5510 5501
f 9653 1224 1062
f 1149 1140 1172
f 1110 1119 2193
f 1190 1210 1125
f 5496 1113 5498
f 1116 1108 1166
f 1096 1140 1149
f 1120 1129 1139
f 1225 1188 1128
f 1139 1140 1120
f 1056 1175 1142
f 1208 1047 1116
f 1131 9659 1101
f 1155 1121 1150
f 7634 1156 1129
f 1123 1167 1082
f 9659 1159 1122
f 1085 1176 1169
f 1147 1194 1106
f 1095 1177 1133
f 1082 1167 1051
f 1208 1118 1047
f 1122 1159 1143
f 1112 1158 9641
f 1052 1110 1180
f 1125 1166 1108
f 1132 1144 1098
f 1086 1148 1111
f 1183 4193 3689
f 1111 3689 3628
f 1170 1150 1121
f 1142 1130 1076
f 1132 1189 1144
f 1117 1170 1121
f 1056 1142 1067
f 1126 1123 1063
f 1098 1144 1105
f 1224 1225 1072
f 1091 9659 1122
f 3677 1176 1085
f 1047 1108 1116
f 1226 1030 1103
f 9642 1104 1042
f 1117 1143 1170
f 1194 1177 1106
f 1226 1151 1030
f 1093 1174 1064
f 1224 1072 1062
f 1137 1094 1115
f 1080 1101 9659
f 1068 1114 1115
f 1129 1120 1107
f 7634 1129 1107
f 1147 1106 1130
f 1067 1142 1076
f 1128 1072 1225
f 1117 1122 1143
f 1146 1131 1101
f 1085 1169 1068
f 1038 1052 1179
f 1132 1098 1060
f 1117 1049 1122
f 1049 1102 1122
f 1123 1082 1063
f 1135 1059 1127
f 7634 1107 7612
f 1106 1177 1095
f 1075 1119 1110
f 1097 1140 1096
f 1148 1121 1155
f 1114 2211 1115
f 1099 1105 1109
f 1174 2233 1136
f 1136 1064 1174
f 1077 1158 1037
f 1059 1158 1077
f 1053 1094 1134
f 1097 1071 1100
f 3628 1086 1111
f 1098 1105 1099
f 1097 1120 1140
f 1064 1136 1012
f 1148 1086 1048
f 1138 1226 1103
f 1136 1138 967
f 1158 1112 1037
f 1035 1127 1059
f 1148 1048 1121
f 1100 1107 1097
f 1169 1114 1068
f 1090 1118 5468
f 1051 1125 1108
f 9649 9653 1062
f 1079 1101 1080
f 1047 1118 1069
f 1157 1126 1031
f 1082 1051 1084
f 1065 1060 1055
f 1107 1083 1070
f 1130 1106 1028
f 1099 1109 1039
f 1019 1048 1086
f 1114 1169 1195
f 1063 1082 1074
f 1135 1158 1059
f 1092 1096 1149
f 1107 1120 1097
f 1149 1146 1092
f 1068 1115 985
f 1134 1141 1053
f 1102 1049 1017
f 1102 1032 1088
f 1066 1092 1079
f 1007 1133 1119
f 1051 1108 976
f 1061 1071 1096
f 1151 1060 1065
f 1088 1087 1079
f 1079 1087 1066
f 1079 1146 1101
f 1092 1146 1079
f 1039 1109 1056
f 1080 1088 1079
f 3668 3628 3689
f 997 1157 1033
f 1031 1126 1063
f 1088 1081 1087
f 1060 1098 1054
f 1093 1064 1078
f 1104 1089 998
f 1117 1048 1049
f 1097 1096 1071
f 993 1075 1110
f 1032 1102 1017
f 1027 1095 1007
f 1089 9652 998
f 1108 1047 976
f 1103 1044 1006
f 1103 1030 1044
f 1070 7612 1107
f 1106 1095 1027
f 1058 1081 1088
f 1057 1092 1066
f 1061 1096 1092
f 1083 1100 1071
f 1068 985 1036
f 1118 1113 5468
f 1063 1074 1009
f 1138 1103 967
f 1095 1133 1007
f 1016 1067 1076
f 1074 1082 1025
f 1098 1099 1054
f 1136 967 1012
f 1112 9641 9639
f 1081 1058 1057
f 2211 1137 1115
f 1007 1119 1075
f 1047 1069 1050
f 1011 1083 1071
f 1130 1028 1013
f 1106 1027 1028
f 1208 5498 1113
f 1069 1118 1090
f 967 1103 1006
f 1061 1092 1041
f 1052 1010 1110
f 1084 1051 976
f 1045 1057 1058
f 1021 1090 5468
f 1104 998 1042
f 1091 1122 1102
f 1092 1057 1045
f 1085 1068 3658
f 1069 1040 1050
f 1069 1090 1040
f 1157 1031 1033
f 1043 1072 1128
f 1127 1035 1141
f 1082 1084 982
f 1029 1078 1064
f 1020 1043 1073
f 1072 1001 1062
f 1045 1041 1092
f 1094 992 1115
f 1068 1046 3658
f 976 1047 1018
f 1026 1056 1067
f 1060 1054 9644
f 1060 9644 9645
f 1088 1032 1058
f 992 985 1115
f 1021 5468 1022
f 975 1063 1009
f 1017 1049 958
f 1070 1083 1011
f 2277 2322 2355
f 2239 2423 2338
f 975 1031 1063
f 1055 1060 9645
f 1026 1067 984
f 1006 1044 996
f 1054 1099 1004
f 1064 1012 1029
f 1141 934 1053
f 1014 1058 1032
f 1014 1045 1058
f 1061 1041 1024
f 977 1040 1090
f 1056 1026 1039
f 1055 9645 983
f 1076 1130 1016
f 1034 997 1033
f 1044 1030 995
f 1073 1029 1020
f 1062 1001 980
f 9649 1062 980
f 979 1011 1071
f 1099 1039 1004
f 1037 1112 972
f 972 1077 1037
f 1041 1045 1024
f 995 1030 1065
f 1141 1035 934
f 1014 1032 965
f 1046 1036 991
f 1046 991 3658
f 1109 1175 1056
f 958 1049 990
f 977 1090 1021
f 1018 1047 1050
f 1043 1001 1072
f 9651 998 9652
f 1074 1025 968
f 9620 1077 972
f 1046 1068 1036
f 1130 1013 1016
f 1067 1016 984
f 1009 1074 968
f 1049 1048 990
f 999 965 1032
f 1043 1020 1001
f 1124 1157 997
f 1124 997 1038
f 988 1029 1012
f 1010 1052 987
f 985 991 1036
f 1065 1030 1151
f 1028 1027 1000
f 1025 1082 982
f 1012 967 959
f 1016 1013 969
f 993 981 1075
f 1026 1005 1039
f 979 1071 1061
f 896 1019 1086
f 992 1094 1053
f 1044 952 996
f 995 1065 954
f 896 1086 3628
f 1002 1028 1000
f 1013 1028 1002
f 1005 1026 955
f 961 991 985
f 1039 1005 946
f 952 1044 995
f 971 950 1053
f 989 1022 5447
f 977 970 1040
f 1016 969 938
f 1010 964 994
f 1038 997 987
f 1112 9639 1003
f 1013 1002 930
f 984 1016 938
f 967 1006 941
f 945 998 9651
f 1042 998 973
f 1015 1017 958
f 990 1048 1019
f 988 1012 959
f 1073 1078 1029
f 1053 934 971
f 1124 1191 1157
f 1052 1038 987
f 904 1031 963
f 1006 996 941
f 1021 960 977
f 963 1031 975
f 980 1001 974
f 985 992 949
f 991 961 947
f 954 1055 983
f 986 1004 946
f 956 1035 9625
f 1053 950 992
f 965 1024 1014
f 964 1010 987
f 1050 944 1018
f 1035 1059 9625
f 1035 956 934
f 992 950 949
f 965 999 962
f 942 961 985
f 969 1013 933
f 1034 1033 904
f 979 1061 1024
f 987 997 1034
f 974 1001 1020
f 1033 1031 904
f 1026 984 948
f 955 1026 948
f 960 1021 989
f 933 1013 930
f 1050 1040 970
f 1004 1039 946
f 962 999 1015
f 2210 1221 1178
f 1048 1117 1121
f 976 877 982
f 993 994 981
f 1009 968 931
f 990 1019 1023
f 1137 1134 1094
f 5447 901 989
f 939 1007 1075
f 1034 904 905
f 871 970 977
f 908 970 871
f 1050 970 944
f 943 984 938
f 3642 3658 947
f 1008 1007 939
f 1075 981 939
f 881 967 941
f 951 971 934
f 985 949 978
f 926 981 964
f 956 9625 9618
f 979 1024 925
f 954 1065 1055
f 9624 9620 972
f 950 971 951
f 5435 872 901
f 919 1002 1000
f 981 994 964
f 943 948 984
f 1009 913 975
f 1015 999 1017
f 1023 958 990
f 928 1019 896
f 985 978 942
f 5460 5469 5451
f 5447 5446 5435
f 1002 919 930
f 913 1009 931
f 894 955 948
f 978 949 942
f 961 942 900
f 969 933 938
f 912 935 988
f 3658 991 947
f 944 970 891
f 957 982 907
f 929 995 954
f 1011 979 7581
f 998 945 927
f 1023 1019 928
f 912 988 959
f 937 933 930
f 945 9651 9650
f 949 953 942
f 963 975 932
f 884 974 966
f 924 964 987
f 944 877 1018
f 982 877 907
f 902 959 881
f 892 973 998
f 872 5435 5418
f 884 966 935
f 951 909 950
f 909 949 950
f 5447 5435 901
f 964 924 926
f 1112 1003 910
f 958 1023 899
f 908 891 970
f 863 944 891
f 919 1000 921
f 953 949 909
f 895 939 981
f 955 894 923
f 922 996 952
f 1015 958 843
f 919 875 930
f 938 882 943
f 937 930 920
f 936 996 922
f 1005 955 946
f 912 959 902
f 912 880 935
f 935 880 884
f 924 987 914
f 938 933 882
f 914 1034 905
f 936 906 941
f 986 946 923
f 892 998 927
f 923 946 955
f 977 960 878
f 963 932 904
f 882 933 917
f 875 920 930
f 922 952 916
f 917 933 937
f 850 943 882
f 940 925 962
f 961 903 947
f 914 987 1034
f 989 901 878
f 957 852 1025
f 881 941 906
f 9654 974 884
f 961 900 869
f 887 986 923
f 995 929 9657
f 886 1003 9639
f 934 956 915
f 931 968 852
f 9657 929 911
f 3629 3642 947
f 877 944 863
f 976 1018 877
f 886 9639 9643
f 871 977 878
f 911 929 9647
f 927 945 873
f 956 9618 915
f 934 861 918
f 899 1023 928
f 905 904 883
f 934 915 861
f 3629 947 903
f 943 894 948
f 918 909 951
f 932 975 831
f 959 967 881
f 1088 1091 1102
f 999 1032 1017
f 765 958 899
f 926 924 890
f 921 939 895
f 895 981 862
f 954 9647 929
f 883 904 932
f 936 941 996
f 842 972 910
f 914 890 924
f 875 919 849
f 916 9657 893
f 9657 911 865
f 858 912 902
f 972 1112 910
f 9624 972 842
f 898 925 940
f 943 850 894
f 876 923 894
f 902 881 825
f 857 927 873
f 7581 979 925
f 917 937 870
f 889 937 920
f 922 916 893
f 790 909 918
f 868 953 909
f 863 891 755
f 881 906 936
f 880 912 858
f 7581 925 898
f 870 937 889
f 876 887 923
f 897 3629 903
f 848 920 875
f 975 913 831
f 907 860 957
f 849 919 921
f 858 902 825
f 859 927 857
f 827 961 800
f 890 914 840
f 893 9657 865
f 892 927 859
f 1024 1045 1014
f 835 940 962
f 921 1000 939
f 931 791 913
f 953 900 942
f 901 872 669
f 815 850 882
f 881 936 825
f 922 874 936
f 9654 884 802
f 815 882 917
f 931 852 791
f 3624 897 879
f 797 791 852
f 782 884 880
f 918 861 837
f 839 917 870
f 888 926 890
f 853 877 763
f 897 903 834
f 763 877 863
f 887 804 885
f 922 893 874
f 800 961 869
f 871 878 832
f 873 9654 802
f 851 867 843
f 835 962 867
f 871 832 816
f 761 871 816
f 846 957 860
f 1008 939 1000
f 825 936 874
f 925 1024 965
f 925 965 962
f 751 872 5340
f 669 854 901
f 840 914 883
f 889 920 844
f 920 848 844
f 865 885 826
f 9643 807 886
f 847 835 867
f 817 7581 898
f 903 827 833
f 853 907 877
f 928 896 805
f 804 887 876
f 885 804 821
f 856 910 1003
f 909 790 868
f 860 907 853
f 845 921 895
f 876 894 830
f 842 910 856
f 1015 843 867
f 3613 879 855
f 819 895 862
f 844 848 828
f 880 858 782
f 856 1003 886
f 9618 9622 915
f 868 824 900
f 839 815 917
f 821 826 885
f 802 884 782
f 869 900 824
f 854 878 901
f 743 888 841
f 743 862 888
f 819 862 743
f 866 897 834
f 761 908 871
f 846 860 780
f 858 825 809
f 914 905 883
f 918 951 934
f 748 790 818
f 790 918 818
f 834 903 833
f 849 921 845
f 762 878 854
f 761 816 778
f 860 853 780
f 773 831 913
f 841 888 890
f 804 876 830
f 874 865 787
f 830 850 815
f 894 850 830
f 859 864 808
f 861 798 837
f 832 878 762
f 849 848 875
f 814 848 849
f 814 828 848
f 836 889 823
f 915 9622 812
f 879 866 855
f 857 873 864
f 840 883 777
f 829 802 782
f 857 864 859
f 838 915 806
f 827 800 3591
f 791 773 913
f 899 928 803
f 853 763 780
f 822 870 836
f 775 858 809
f 879 897 866
f 797 852 846
f 809 825 795
f 775 782 858
f 886 760 856
f 819 743 730
f 795 874 787
f 843 765 688
f 866 813 855
f 836 870 889
f 889 844 823
f 874 893 865
f 851 843 719
f 836 823 779
f 804 830 776
f 825 874 795
f 806 915 812
f 3610 855 813
f 3607 3610 813
f 841 890 783
f 886 807 760
f 869 824 800
f 669 872 751
f 777 883 770
f 796 849 845
f 799 826 821
f 827 3605 833
f 890 840 783
f 776 830 815
f 822 839 870
f 844 828 789
f 865 826 787
f 713 899 803
f 866 834 813
f 811 842 856
f 821 804 744
f 821 744 799
f 736 802 829
f 928 805 803
f 834 833 813
f 816 832 762
f 960 989 878
f 755 908 761
f 763 755 793
f 789 828 769
f 787 826 799
f 690 840 777
f 883 932 770
f 822 836 779
f 740 845 819
f 751 5340 738
f 807 753 760
f 813 833 3605
f 770 932 831
f 846 852 957
f 804 776 737
f 843 688 719
f 810 818 837
f 7669 7041 7663
f 808 801 820
f 765 899 713
f 697 940 835
f 800 824 752
f 752 3599 800
f 908 755 891
f 839 772 815
f 818 786 748
f 835 9635 697
f 824 735 752
f 804 737 744
f 779 823 749
f 843 958 765
f 845 895 819
f 787 754 795
f 758 847 867
f 769 814 796
f 801 864 802
f 789 769 785
f 766 775 809
f 732 856 760
f 810 792 786
f 772 839 822
f 820 807 808
f 753 807 820
f 697 817 940
f 824 788 715
f 726 845 740
f 806 812 9626
f 806 784 838
f 810 798 792
f 654 867 851
f 868 900 953
f 797 846 9629
f 791 9629 705
f 809 795 766
f 796 845 726
f 790 748 689
f 784 806 9626
f 810 837 798
f 738 5340 5292
f 778 816 742
f 750 841 706
f 799 754 787
f 759 779 749
f 829 782 764
f 9626 781 784
f 818 918 837
f 982 957 1025
f 968 1025 852
f 9629 846 741
f 783 690 706
f 769 731 9638
f 795 754 766
f 784 798 838
f 776 815 734
f 775 766 739
f 739 782 775
f 778 742 687
f 745 779 759
f 784 781 774
f 791 797 9629
f 745 822 779
f 785 769 9638
f 785 747 771
f 703 751 767
f 690 783 840
f 731 796 726
f 828 814 769
f 808 864 801
f 770 831 773
f 9631 730 743
f 940 817 898
f 715 790 689
f 849 796 814
f 747 785 9638
f 729 856 732
f 788 868 790
f 689 748 707
f 793 755 724
f 730 725 819
f 820 801 757
f 718 748 746
f 740 819 725
f 743 841 691
f 736 829 764
f 794 771 9637
f 756 774 781
f 764 782 739
f 709 760 753
f 738 5292 5257
f 734 815 772
f 754 739 766
f 732 760 709
f 751 738 625
f 734 772 745
f 776 734 737
f 771 789 785
f 827 903 961
f 669 751 703
f 757 801 736
f 757 753 820
f 771 747 9637
f 677 774 756
f 786 774 746
f 751 625 767
f 653 846 780
f 824 715 735
f 653 763 793
f 653 780 763
f 769 796 731
f 772 822 745
f 722 735 715
f 770 690 777
f 739 733 764
f 9631 743 645
f 724 761 712
f 728 737 734
f 734 745 733
f 744 754 799
f 736 764 733
f 864 873 802
f 805 693 803
f 733 745 759
f 711 743 691
f 794 789 771
f 2468 2509 2471
f 731 726 686
f 744 737 728
f 754 744 728
f 739 754 728
f 710 736 733
f 747 720 9637
f 715 788 790
f 773 791 705
f 728 734 733
f 691 841 750
f 728 733 739
f 654 758 867
f 709 753 757
f 717 716 727
f 781 698 671
f 9632 768 694
f 684 705 9629
f 704 759 749
f 714 732 709
f 729 811 856
f 727 729 723
f 727 716 729
f 740 725 726
f 733 704 710
f 757 736 710
f 721 747 685
f 698 781 9626
f 756 781 671
f 656 688 713
f 752 735 722
f 733 759 704
f 723 9637 720
f 729 732 723
f 707 748 647
f 693 805 3585
f 757 710 709
f 746 774 677
f 758 694 847
f 656 713 803
f 718 746 677
f 778 712 761
f 723 732 714
f 667 758 654
f 770 773 705
f 802 736 801
f 664 748 718
f 628 762 681
f 702 709 710
f 695 721 685
f 716 717 682
f 748 786 746
f 654 851 638
f 770 705 676
f 704 749 9636
f 702 714 709
f 702 708 714
f 708 723 714
f 710 704 702
f 702 9636 708
f 677 756 670
f 704 9636 702
f 688 765 713
f 5255 817 697
f 742 816 628
f 717 695 682
f 841 783 706
f 621 669 703
f 657 851 719
f 697 699 5219
f 656 803 693
f 703 767 701
f 638 851 657
f 680 715 689
f 756 671 670
f 690 770 676
f 674 9632 694
f 5198 697 5219
f 693 3585 624
f 653 793 672
f 1084 976 982
f 750 706 634
f 600 684 9629
f 645 743 711
f 685 665 695
f 625 738 622
f 726 651 686
f 700 731 683
f 683 685 700
f 664 633 647
f 692 752 722
f 706 690 676
f 705 684 676
f 600 9629 679
f 683 731 686
f 667 654 655
f 680 707 629
f 689 707 680
f 674 9633 9632
f 682 695 661
f 698 9621 671
f 719 688 609
f 674 694 667
f 5257 5274 5195
f 651 726 725
f 675 665 685
f 661 695 665
f 663 686 651
f 711 691 666
f 622 5257 5195
f 683 686 663
f 768 847 694
f 694 758 667
f 614 656 693
f 9630 722 680
f 621 703 701
f 648 741 846
f 678 682 662
f 668 750 634
f 679 741 652
f 612 685 683
f 767 625 696
f 701 767 696
f 681 669 621
f 712 778 658
f 677 670 640
f 627 706 676
f 706 627 634
f 650 676 684
f 674 667 637
f 793 724 672
f 661 662 682
f 671 9621 577
f 680 629 635
f 692 722 673
f 666 615 711
f 711 615 630
f 662 665 675
f 626 664 718
f 712 658 642
f 672 724 712
f 9630 680 660
f 630 645 711
f 644 3581 673
f 778 687 658
f 846 653 648
f 763 863 755
f 5260 5227 5232
f 662 661 665
f 654 638 655
f 664 626 633
f 816 762 628
f 638 657 609
f 5140 674 637
f 660 680 635
f 650 684 600
f 600 679 631
f 652 648 587
f 660 635 3575
f 649 701 696
f 672 712 646
f 609 656 593
f 673 722 643
f 660 3575 9630
f 722 715 680
f 673 3571 644
f 628 681 632
f 639 701 649
f 9617 678 662
f 718 677 640
f 673 643 3571
f 581 671 577
f 718 640 608
f 722 9630 643
f 5195 5201 604
f 646 712 642
f 671 581 670
f 3575 3573 9630
f 658 687 564
f 613 663 651
f 683 663 613
f 3573 3575 3578
f 612 683 613
f 645 630 599
f 718 608 626
f 9630 3573 3571
f 640 636 608
f 742 628 575
f 632 681 621
f 657 719 609
f 604 5201 5155
f 679 592 631
f 653 672 641
f 619 662 675
f 623 3575 635
f 646 554 641
f 548 668 634
f 651 645 599
f 618 624 3583
f 561 642 658
f 648 653 641
f 633 626 601
f 629 647 607
f 5195 594 622
f 5195 604 594
f 738 5257 622
f 687 742 564
f 609 688 656
f 614 693 573
f 650 600 553
f 630 615 591
f 589 637 667
f 589 667 655
f 639 649 590
f 574 624 618
f 3570 623 610
f 854 681 762
f 581 577 562
f 636 640 602
f 5167 5155 5249
f 575 628 632
f 9617 662 606
f 602 640 670
f 623 635 603
f 818 810 786
f 788 824 868
f 618 3574 580
f 605 3570 610
f 696 625 588
f 616 639 590
f 621 639 616
f 672 646 641
f 5148 5140 637
f 638 529 655
f 588 622 594
f 535 592 652
f 548 634 627
f 612 585 619
f 593 656 614
f 635 629 607
f 748 664 647
f 707 647 629
f 595 617 3574
f 696 590 649
f 5146 604 5155
f 631 592 556
f 626 608 611
f 605 595 3574
f 625 622 588
f 633 601 647
f 611 620 626
f 635 607 603
f 620 611 617
f 3574 3570 605
f 589 655 529
f 541 600 631
f 659 598 571
f 615 563 591
f 630 591 599
f 607 601 9628
f 580 3574 617
f 651 599 585
f 597 637 589
f 611 608 584
f 607 647 601
f 573 693 624
f 590 696 588
f 670 581 549
f 596 638 609
f 612 613 585
f 604 576 583
f 659 668 540
f 615 571 563
f 597 5148 637
f 546 590 582
f 646 642 567
f 652 587 535
f 602 670 549
f 491 609 593
f 608 636 584
f 607 9628 603
f 610 595 605
f 583 594 604
f 561 658 564
f 598 659 540
f 580 617 611
f 610 9628 595
f 604 5146 569
f 576 604 569
f 540 668 548
f 595 9628 617
f 610 603 9628
f 603 610 623
f 616 632 621
f 641 554 559
f 591 563 547
f 675 612 619
f 596 529 638
f 574 573 624
f 574 618 580
f 588 594 583
f 546 616 590
f 569 5146 570
f 590 588 578
f 578 588 583
f 590 578 582
f 586 583 576
f 632 616 533
f 621 701 639
f 562 549 581
f 582 579 568
f 631 556 541
f 584 636 560
f 575 632 533
f 592 535 480
f 553 600 541
f 530 562 577
f 544 580 584
f 546 582 568
f 555 491 593
f 5143 570 5146
f 650 553 532
f 571 598 505
f 530 577 9621
f 606 537 9619
f 531 597 589
f 584 580 611
f 569 579 586
f 556 545 541
f 606 662 619
f 536 573 574
f 544 574 580
f 616 546 527
f 556 592 480
f 532 627 650
f 584 560 534
f 567 554 646
f 584 534 544
f 548 627 511
f 547 563 525
f 599 547 585
f 589 529 531
f 614 573 550
f 602 542 560
f 587 641 559
f 551 566 9619
f 544 536 574
f 568 521 546
f 642 561 567
f 573 536 550
f 543 579 557
f 561 564 515
f 679 652 592
f 562 530 523
f 593 614 550
f 587 648 641
f 511 627 532
f 619 585 552
f 599 591 547
f 585 547 552
f 557 569 538
f 586 576 569
f 579 569 557
f 554 567 522
f 541 512 553
f 571 505 514
f 520 619 552
f 542 602 549
f 534 560 542
f 480 535 473
f 558 598 540
f 520 537 606
f 5080 526 538
f 538 570 5080
f 540 548 511
f 514 563 571
f 9619 537 551
f 518 597 531
f 542 549 534
f 539 536 544
f 564 533 515
f 564 742 575
f 561 515 513
f 559 554 506
f 524 552 547
f 560 636 602
f 527 546 521
f 550 555 593
f 534 539 544
f 533 527 515
f 532 553 512
f 490 540 511
f 536 539 528
f 550 536 528
f 572 521 568
f 491 596 609
f 528 539 565
f 563 514 525
f 543 572 579
f 527 521 516
f 557 519 543
f 506 554 522
f 535 587 473
f 524 547 525
f 557 538 519
f 495 537 520
f 519 538 526
f 510 572 543
f 526 5080 517
f 517 5080 5055
f 556 454 545
f 524 525 472
f 523 565 562
f 529 596 485
f 526 517 508
f 543 519 510
f 511 532 512
f 596 491 485
f 528 565 494
f 496 530 566
f 510 521 572
f 516 521 510
f 504 469 558
f 550 528 494
f 454 556 480
f 541 545 512
f 627 676 650
f 499 565 503
f 587 559 473
f 494 565 499
f 531 529 485
f 519 526 488
f 496 523 530
f 502 555 550
f 510 519 488
f 501 527 516
f 505 558 469
f 503 523 496
f 502 550 494
f 522 567 561
f 496 566 483
f 552 495 520
f 501 515 527
f 485 491 456
f 488 526 508
f 481 510 488
f 513 515 501
f 512 545 476
f 495 551 537
f 522 561 507
f 558 447 504
f 552 524 477
f 479 491 555
f 488 441 481
f 478 559 506
f 479 555 502
f 464 518 531
f 501 516 510
f 499 503 487
f 423 493 508
f 513 501 507
f 497 525 514
f 867 962 1015
f 561 513 507
f 486 506 522
f 481 492 510
f 854 669 681
f 512 458 511
f 503 565 523
f 5080 570 5106
f 575 533 564
f 552 477 495
f 464 531 485
f 4946 509 517
f 507 501 484
f 490 511 458
f 466 503 496
f 989 1021 1022
f 458 447 490
f 488 493 482
f 441 488 433
f 527 533 616
f 458 512 476
f 524 472 477
f 483 566 475
f 498 566 551
f 492 446 459
f 522 507 484
f 484 486 522
f 498 551 495
f 538 569 570
f 492 481 446
f 545 424 476
f 481 441 474
f 612 675 685
f 520 606 619
f 460 499 487
f 446 481 474
f 478 506 486
f 484 489 452
f 475 566 461
f 471 491 450
f 502 494 460
f 4966 518 464
f 464 485 470
f 468 502 460
f 489 500 510
f 558 505 598
f 558 540 490
f 447 558 490
f 514 505 462
f 496 483 466
f 566 498 461
f 466 487 503
f 489 492 463
f 486 484 445
f 473 559 478
f 471 456 491
f 470 485 456
f 468 479 502
f 480 473 406
f 430 505 469
f 497 514 462
f 450 491 479
f 463 492 459
f 465 489 463
f 489 510 492
f 469 504 447
f 477 461 495
f 487 466 448
f 460 487 448
f 433 488 482
f 452 489 465
f 477 472 451
f 498 495 461
f 493 439 482
f 472 497 462
f 424 467 476
f 468 450 479
f 473 478 406
f 436 464 470
f 451 472 462
f 457 466 483
f 454 480 406
f 483 475 457
f 439 493 423
f 454 424 545
f 438 469 447
f 4934 464 455
f 508 509 4946
f 470 456 436
f 455 464 436
f 478 486 435
f 462 443 451
f 493 488 508
f 474 441 391
f 435 486 445
f 445 452 420
f 458 467 432
f 444 457 475
f 466 457 425
f 451 461 477
f 476 467 458
f 466 425 442
f 444 475 461
f 453 449 455
f 418 446 474
f 438 427 469
f 440 468 460
f 440 450 468
f 408 446 418
f 443 462 430
f 461 451 444
f 420 465 463
f 447 458 427
f 459 408 401
f 432 467 412
f 391 441 392
f 459 446 408
f 435 445 419
f 430 469 427
f 440 460 448
f 455 436 453
f 445 484 452
f 467 424 412
f 448 442 440
f 427 458 432
f 437 431 453
f 433 482 387
f 445 420 419
f 427 438 447
f 443 426 425
f 392 441 433
f 460 494 499
f 456 471 421
f 434 437 453
f 420 452 465
f 478 435 404
f 421 471 440
f 418 474 391
f 428 436 456
f 425 444 443
f 431 437 429
f 434 453 428
f 428 453 436
f 435 419 404
f 429 4905 431
f 437 434 429
f 508 4946 383
f 463 459 401
f 432 412 427
f 430 427 411
f 421 440 442
f 471 450 440
f 392 433 387
f 406 478 405
f 444 425 457
f 411 443 430
f 425 426 416
f 421 442 9616
f 426 443 411
f 421 428 456
f 405 478 404
f 439 423 385
f 9616 428 421
f 4905 429 4876
f 4876 429 415
f 388 4946 4828
f 413 420 463
f 410 415 416
f 9616 415 434
f 409 427 417
f 426 422 374
f 4876 415 398
f 374 416 426
f 419 420 407
f 419 407 404
f 402 422 414
f 378 422 402
f 411 414 426
f 430 462 505
f 409 411 427
f 410 416 374
f 442 425 416
f 390 508 383
f 406 399 454
f 412 399 417
f 427 412 417
f 4946 388 383
f 375 463 401
f 407 395 404
f 405 404 395
f 424 399 412
f 413 463 403
f 399 406 405
f 400 414 409
f 400 402 414
f 411 409 414
f 410 398 415
f 413 381 407
f 424 454 399
f 400 409 417
f 405 395 397
f 399 405 397
f 403 463 375
f 422 426 414
f 407 396 395
f 417 397 400
f 397 417 399
f 386 374 422
f 401 408 363
f 422 378 393
f 410 374 394
f 384 402 400
f 397 384 400
f 724 755 761
f 741 648 652
f 384 379 402
f 381 413 403
f 397 396 384
f 393 386 422
f 482 439 387
f 392 387 364
f 423 508 390
f 408 418 376
f 371 439 385
f 391 364 418
f 398 410 394
f 4876 398 355
f 364 391 392
f 401 363 349
f 377 4876 355
f 379 378 402
f 355 398 394
f 379 384 345
f 375 401 349
f 386 393 368
f 365 403 375
f 360 394 374
f 364 387 373
f 370 390 383
f 363 408 376
f 384 396 345
f 382 366 358
f 386 368 362
f 380 378 379
f 383 388 370
f 389 403 336
f 378 380 369
f 429 434 415
f 393 378 369
f 371 385 372
f 372 390 370
f 349 365 375
f 357 360 374
f 381 389 350
f 389 381 403
f 343 362 368
f 385 390 372
f 382 358 354
f 345 396 347
f 372 370 367
f 5037 4988 4828
f 396 381 350
f 380 379 344
f 357 374 362
f 4901 4876 4819
f 4607 4825 4688
f 361 366 359
f 418 364 376
f 344 379 329
f 374 386 362
f 370 382 367
f 347 396 350
f 393 369 368
f 380 344 321
f 361 358 366
f 369 380 356
f 362 343 316
f 371 372 367
f 364 373 340
f 353 369 356
f 333 354 358
f 355 394 323
f 349 363 351
f 448 466 442
f 333 358 361
f 359 352 341
f 334 361 359
f 340 376 364
f 357 362 316
f 4694 355 339
f 373 371 331
f 379 345 329
f 345 347 348
f 355 323 339
f 387 439 371
f 387 371 373
f 361 334 333
f 423 390 385
f 368 369 308
f 332 367 346
f 367 332 331
f 350 389 326
f 323 394 360
f 321 313 356
f 338 346 354
f 342 4694 339
f 341 352 337
f 351 363 328
f 320 343 368
f 320 368 308
f 336 365 322
f 332 346 338
f 331 340 373
f 389 336 335
f 389 335 326
f 363 376 328
f 294 344 329
f 345 348 329
f 356 380 321
f 347 350 330
f 338 354 333
f 369 301 308
f 331 332 324
f 376 340 328
f 316 343 320
f 336 290 335
f 290 336 322
f 333 334 314
f 294 329 281
f 369 353 301
f 509 508 517
f 9615 4922 4884
f 365 349 318
f 332 338 314
f 314 324 332
f 341 325 334
f 314 338 333
f 350 326 293
f 321 344 294
f 360 357 302
f 352 359 4804
f 4544 4646 4694
f 357 316 319
f 314 334 325
f 329 348 281
f 323 302 277
f 325 327 310
f 293 326 311
f 356 313 312
f 282 342 339
f 327 4599 310
f 9614 328 331
f 312 353 356
f 326 335 311
f 282 339 323
f 318 351 317
f 322 365 298
f 325 315 314
f 318 317 298
f 342 4544 4694
f 325 310 315
f 365 318 298
f 295 347 247
f 324 314 300
f 330 350 293
f 347 330 247
f 348 347 295
f 365 336 403
f 328 340 331
f 314 315 304
f 286 315 310
f 286 310 303
f 315 306 304
f 322 298 296
f 289 313 321
f 307 4599 4525
f 327 325 341
f 305 324 300
f 289 321 294
f 434 428 9616
f 377 355 4694
f 302 323 360
f 316 320 260
f 303 310 307
f 300 314 309
f 319 302 357
f 315 286 297
f 318 349 351
f 281 348 295
f 260 320 308
f 4525 4576 4547
f 307 310 4599
f 319 316 275
f 381 396 407
f 309 304 306
f 309 306 299
f 290 322 296
f 275 316 260
f 4525 4547 283
f 306 315 297
f 4544 342 222
f 276 299 306
f 288 296 298
f 311 335 292
f 285 305 266
f 295 268 281
f 309 299 284
f 282 323 277
f 307 4525 269
f 279 288 265
f 297 286 280
f 291 305 300
f 287 303 307
f 276 306 297
f 292 335 290
f 334 359 341
f 341 337 327
f 287 286 303
f 278 284 299
f 288 279 270
f 251 222 342
f 291 300 284
f 296 288 258
f 258 288 270
f 353 312 219
f 276 297 264
f 291 271 266
f 287 267 286
f 272 297 280
f 251 282 256
f 309 284 300
f 4525 283 269
f 297 272 264
f 342 282 251
f 284 278 271
f 313 289 273
f 312 313 220
f 4896 4930 4856
f 327 337 4604
f 267 287 274
f 266 305 291
f 292 290 262
f 183 295 247
f 268 295 183
f 255 313 273
f 287 307 274
f 249 279 265
f 330 293 197
f 271 278 250
f 268 252 281
f 294 189 289
f 301 353 242
f 301 242 240
f 4411 4544 222
f 278 276 261
f 308 301 240
f 278 299 276
f 290 296 262
f 189 294 281
f 263 272 280
f 261 250 278
f 224 285 266
f 265 285 259
f 257 280 246
f 258 262 296
f 255 220 313
f 283 4471 188
f 233 268 183
f 185 319 275
f 246 286 267
f 241 258 270
f 151 319 185
f 243 269 283
f 286 246 280
f 256 282 277
f 302 319 151
f 283 188 243
f 274 307 269
f 273 289 189
f 274 269 239
f 272 263 248
f 264 272 248
f 250 261 227
f 252 268 233
f 254 248 263
f 254 263 257
f 264 248 245
f 245 261 264
f 267 274 228
f 9613 292 262
f 217 262 258
f 241 270 244
f 277 302 138
f 256 277 196
f 224 266 271
f 265 259 249
f 224 271 250
f 270 225 244
f 189 281 252
f 269 243 239
f 253 261 245
f 259 285 210
f 263 280 257
f 274 239 228
f 246 267 226
f 284 271 291
f 226 267 228
f 270 279 225
f 247 330 197
f 242 353 219
f 240 165 308
f 260 308 165
f 230 250 227
f 258 241 217
f 4471 4547 4481
f 245 248 238
f 220 219 312
f 302 151 138
f 231 257 246
f 248 254 238
f 254 257 236
f 249 259 218
f 223 200 262
f 180 247 197
f 203 239 204
f 246 226 198
f 262 200 9613
f 231 207 257
f 237 250 230
f 208 241 232
f 188 4471 221
f 236 257 207
f 183 247 180
f 225 279 249
f 217 223 262
f 231 246 198
f 234 245 238
f 238 254 236
f 244 225 201
f 218 259 235
f 4471 117 221
f 228 212 226
f 225 249 218
f 198 226 215
f 201 225 211
f 237 224 250
f 241 244 232
f 253 245 234
f 228 239 203
f 273 189 229
f 259 210 192
f 216 244 201
f 225 218 211
f 235 259 192
f 256 3968 251
f 253 234 227
f 210 224 186
f 192 210 193
f 217 241 208
f 213 232 244
f 239 243 204
f 228 203 212
f 182 215 226
f 224 237 186
f 182 226 212
f 227 187 230
f 244 216 213
f 234 238 190
f 216 201 142
f 260 169 275
f 222 251 199
f 203 204 209
f 193 210 202
f 170 218 235
f 166 211 218
f 219 220 162
f 231 198 214
f 196 277 138
f 3968 256 196
f 206 171 236
f 169 260 165
f 227 234 187
f 220 255 162
f 219 205 242
f 233 183 184
f 184 183 156
f 4362 222 199
f 164 238 236
f 4427 4442 4480
f 199 251 3968
f 213 158 232
f 204 243 188
f 164 236 171
f 202 210 194
f 201 211 191
f 133 233 184
f 204 175 209
f 176 217 208
f 238 164 190
f 237 230 186
f 170 166 218
f 9613 200 195
f 120 204 188
f 194 210 186
f 211 166 155
f 219 162 205
f 223 217 126
f 126 217 176
f 133 252 233
f 204 157 175
f 187 234 190
f 185 275 169
f 242 205 108
f 240 242 108
f 207 231 214
f 252 133 172
f 212 203 163
f 182 212 163
f 206 207 145
f 161 255 229
f 207 214 145
f 163 203 209
f 157 120 160
f 214 198 150
f 145 171 206
f 187 179 186
f 108 1933 240
f 1951 151 185
f 175 168 174
f 178 186 137
f 178 194 186
f 202 194 178
f 192 193 181
f 177 192 181
f 170 192 152
f 193 202 181
f 181 202 173
f 162 255 161
f 186 179 137
f 179 187 141
f 170 235 192
f 213 216 1911
f 180 197 154
f 154 156 180
f 110 3968 196
f 1951 185 169
f 216 142 134
f 117 4481 1883
f 214 150 159
f 149 190 164
f 129 169 121
f 3967 4362 199
f 173 202 178
f 143 170 152
f 189 252 172
f 146 182 163
f 211 144 191
f 208 158 1929
f 240 1933 165
f 149 141 187
f 155 166 135
f 158 213 1949
f 1911 216 134
f 153 167 174
f 159 1925 214
f 187 190 149
f 153 174 147
f 174 168 147
f 168 157 107
f 170 143 166
f 1949 1929 158
f 1925 145 214
f 128 159 150
f 125 195 200
f 1951 169 129
f 144 155 140
f 163 209 175
f 163 175 174
f 163 174 167
f 177 181 132
f 116 192 177
f 144 211 155
f 164 171 119
f 116 152 192
f 166 143 135
f 176 208 1929
f 127 178 137
f 1929 148 176
f 121 169 165
f 107 157 160
f 159 128 124
f 125 200 223
f 167 153 147
f 187 186 230
f 149 164 119
f 156 183 180
f 1920 229 189
f 1894 221 117
f 167 113 163
f 179 1939 137
f 173 178 136
f 140 155 135
f 181 173 111
f 223 126 1936
f 1935 195 125
f 136 178 127
f 142 201 191
f 1920 189 172
f 171 145 123
f 139 112 215
f 125 223 1936
f 110 196 138
f 188 221 1910
f 120 188 1910
f 122 152 116
f 142 191 1923
f 126 176 148
f 1931 160 120
f 163 113 146
f 139 182 146
f 171 123 119
f 144 140 131
f 142 1923 134
f 158 208 232
f 150 215 112
f 137 1939 127
f 147 168 1946
f 205 162 130
f 1940 138 151
f 215 182 139
f 173 136 111
f 121 165 1933
f 167 147 113
f 109 1925 159
f 145 1925 1888
f 161 229 1920
f 107 1946 168
f 1923 144 131
f 1912 135 143
f 1951 1940 151
f 1945 160 1931
f 109 124 1881
f 156 154 1863
f 205 130 108
f 147 1946 106
f 119 123 1899
f 1904 1939 141
f 191 144 1923
f 168 175 157
f 139 146 104
f 111 132 181
f 1950 156 1863
f 133 184 1885
f 128 150 112
f 114 131 140
f 184 156 1950
f 221 1894 1910
f 1939 179 141
f 127 1939 103
f 172 1886 1920
f 207 206 236
f 109 159 124
f 1904 141 1905
f 154 1935 1928
f 138 1880 110
f 105 124 128
f 1886 133 1885
f 1886 172 133
f 138 1940 1880
f 1952 113 1941
f 1952 146 113
f 1938 1946 107
f 136 127 115
f 177 132 116
f 117 1883 1826
f 117 1826 1894
f 127 103 115
f 141 149 1905
f 1911 1949 213
f 3969 3968 110
f 1927 1931 120
f 112 139 104
f 1905 149 118
f 119 1922 1937
f 1947 113 106
f 128 112 105
f 1941 113 1947
f 111 136 115
f 119 1937 1932
f 122 143 152
f 1923 131 1924
f 1863 154 1928
f 1883 6192 1834
f 1735 1894 1769
f 309 314 304
f 1910 1927 120
f 107 1860 1942
f 157 204 120
f 107 1942 1938
f 1952 1941 1944
f 106 1946 1917
f 113 147 106
f 106 1917 9612
f 1758 1673 1868
f 104 146 1952
f 150 198 215
f 9682 1889 109
f 1801 1840 1785
f 1848 1851 1907
f 1875 1830 1909
f 118 119 1932
f 118 149 119
f 111 1870 132
f 132 1870 116
f 1905 1903 1907
f 1915 131 114
f 1913 1915 114
f 135 1912 1921
f 1921 114 135
f 140 135 114
f 1823 1819 1924
f 1911 134 1843
f 1702 1740 1678
f 1879 126 148
f 125 1906 1935
f 1885 184 1950
f 229 255 273
f 1586 1522 1616
f 1847 1773 161
f 1948 1951 129
f 3966 199 3968
f 1802 1902 1933
f 8420 8389 4310
f 4301 4303 19
f 4301 19 101
f 14 9 101
f 102 4301 101
f 19 14 101
f 101 9 100
f 4297 102 101
f 4297 101 100
f 4289 4297 100
f 95 98 99
f 94 98 95
f 86 99 98
f 94 95 89
f 97 86 83
f 92 95 80
f 91 99 93
f 92 89 95
f 80 95 96
f 96 85 78
f 86 98 88
f 86 87 84
f 89 90 94
f 90 88 98
f 90 98 94
f 91 93 79
f 93 99 97
f 78 80 96
f 91 79 85
f 90 89 68
f 81 92 80
f 97 99 86
f 90 77 88
f 74 83 67
f 93 74 76
f 88 75 87
f 78 69 80
f 83 84 67
f 82 78 85
f 79 82 85
f 75 84 87
f 62 82 79
f 68 89 73
f 62 79 76
f 79 93 76
f 78 82 66
f 78 66 69
f 82 62 66
f 83 86 84
f 71 89 92
f 81 71 92
f 57 90 68
f 69 81 80
f 93 83 74
f 3324 88 77
f 81 69 63
f 75 88 3324
f 74 67 53
f 75 61 67
f 69 66 64
f 72 74 53
f 72 76 74
f 90 65 77
f 3324 60 75
f 86 88 87
f 93 97 83
f 66 62 51
f 67 84 75
f 57 68 45
f 57 65 90
f 71 81 56
f 71 73 89
f 56 81 63
f 67 61 59
f 70 67 59
f 64 63 69
f 67 70 53
f 75 60 61
f 68 73 45
f 66 51 64
f 72 53 55
f 52 54 64
f 70 58 53
f 54 63 64
f 62 72 49
f 60 3305 3292
f 46 52 64
f 59 61 3292
f 3298 57 45
f 61 60 3292
f 65 57 3276
f 3298 3276 57
f 72 55 49
f 62 49 51
f 56 63 54
f 56 73 71
f 55 53 58
f 47 54 43
f 48 45 73
f 55 58 50
f 47 44 56
f 48 73 56
f 58 70 3259
f 51 24 39
f 48 56 44
f 37 58 3259
f 39 46 64
f 39 64 51
f 24 51 49
f 41 52 46
f 49 50 35
f 43 38 47
f 35 50 36
f 50 58 34
f 36 50 34
f 3324 77 65
f 37 34 58
f 38 42 47
f 47 56 54
f 43 54 52
f 43 52 41
f 44 47 42
f 37 3259 40
f 28 38 43
f 70 59 3259
f 49 35 24
f 28 43 41
f 34 40 33
f 46 30 41
f 40 34 37
f 36 31 35
f 34 33 31
f 55 50 49
f 72 62 76
f 3261 48 44
f 40 3248 32
f 32 33 40
f 33 32 31
f 30 28 41
f 59 3262 3259
f 31 29 35
f 44 42 3241
f 38 28 25
f 46 39 30
f 27 31 32
f 42 38 25
f 3248 27 32
f 35 29 26
f 29 31 27
f 35 26 24
f 3248 3224 27
f 20 28 30
f 39 24 23
f 30 39 23
f 31 36 34
f 26 29 27
f 25 28 20
f 24 26 22
f 27 18 26
f 21 25 20
f 3261 45 48
f 26 18 22
f 17 24 22
f 21 4303 25
f 4303 42 25
f 23 20 30
f 16 17 22
f 4303 21 19
f 18 27 3217
f 14 19 15
f 15 21 20
f 20 23 15
f 19 21 15
f 18 3189 22
f 16 22 12
f 16 13 17
f 15 23 10
f 16 12 11
f 3117 22 3189
f 12 22 3117
f 13 8 10
f 23 17 10
f 10 17 13
f 13 11 8
f 11 13 16
f 3073 3092 3135
f 10 8 4
f 9 10 4
f 9 4 100
f 8 11 6
f 6 5 8
f 4 8 7
f 11 12 6
f 23 24 17
f 14 15 10
f 14 10 9
f 7 5 3039
f 5 6 3039
f 3039 6 3100
f 4 2998 100
f 2998 7 3039
f 5 7 8
f 4 7 2998
f 2998 3039 3031
f 4300 102 4297
