v 677.362 19.2103 718.467
v 331.249 -245.583 825.904
v 334.063 -237.119 822.807
v 328.274 -240.342 832.058
v 346.606 -219.921 832.429
v 328.102 -229.253 835.489
v 338.072 -246.053 837.285
v 363.357 -243.809 836.56
v 360.67 -243.887 842.59
v 330.348 -230.03 842.075
v 283.552 -229.63 886.061
v 345.891 -201.463 855.342
v 317.35 -241.946 874.525
v 331.773 -214.544 848.668
v 336.053 -238.528 843.983
v 332.143 -204.337 865.263
v 325.449 -199.782 874.475
v 281.439 -218.925 891.145
v 296.961 -210.636 890.276
v 344.418 -237.887 873.922
v 333.548 -186.265 881.007
v 349.058 -227.856 883.736
v 273.248 -235.329 900.089
v 281.202 -209.11 902.774
v 265.925 -234.607 916.986
v 271.928 -196.549 927.198
v 299.742 -233.764 907.844
v 312.808 -186.31 901.693
v 329.289 -176.936 902.58
v 246.034 -228.101 923.115
v 367.131 -191.634 898.971
v 312.966 -208.407 933.331
v 252.341 -232.258 928.691
v 297.07 -185.459 924.774
v 237.345 -213.353 930.408
v 307.817 -223.579 925.267
v 293.237 -185.205 936.634
v 309.566 -189.719 933.893
v 228.592 -221.648 950.648
v 240.599 -225.373 954.067
v 269.861 -229.441 939.468
v 230.249 -220.478 940.561
v 242.753 -195.593 958.38
v 225.397 -210.164 957.701
v 262.063 -194.252 955.135
v 256.136 -222.659 955.317
v 227.025 -205.168 951.448
v 249.125 -206.867 963.973
v 234.822 -216.268 965.688
v 232.928 -201.289 964.068
v 349.833 -252.737 827.123
v 489.056 -113.325 178.912
v 539.573 -35.898 171.342
v 519.402 -67.8839 171.097
v 569.019 8.30164 191.308
v 476.524 -111.528 189.504
v 489.978 -126.324 191.17
v 602.946 53.9201 175.712
v 513.242 -110.533 181.121
v 523.765 -95.0881 189.533
v 573.851 9.10911 173.632
v 634.26 -176.417 175.947
v 493.141 -127.589 181.996
v 535.111 -78.0826 194.564
v 562.693 -107.025 195.153
v 493.512 -107.381 188.598
v 530.832 -57.5115 181.005
v 647.053 -158.143 185.827
v 619.406 -153.047 206.362
v 520.807 -120.583 192.626
v 487.88 -123.79 200.785
v 598.552 -123.199 207.992
v 509.449 -135.356 190.334
v 506.38 -93.197 199.846
v 540.468 -73.6083 198.693
v 548.548 -23.1021 186.969
v 563.555 -18.8945 175.379
v 551.424 -123.464 187.782
v 517.639 -94.665 190.908
v 657.377 -148.243 207.641
v 506.284 -117.906 197.5
v 517.452 -127.964 196.832
v 547.124 -110.897 218.699
v 544.264 -53.1872 194.928
v 622.05 -146.438 187.373
v 625.784 -157.384 215.021
v 519.323 -115.144 209.64
v 553.903 -13.8578 187.595
v 566.035 -11.8358 184.825
v 516.659 -104.389 215.118
v 484.172 -113.556 207.053
v 559.171 2.23353 188.761
v 579.068 -123.8 217.43
v 515.662 -89.6982 200.884
v 587.361 34.7009 190.306
v 607.781 -120.981 224.164
v 520.413 -70.7962 203.843
v 502.53 -116.626 216.266
v 499.341 -106.072 201.576
v 661.803 -171.816 193.721
v 572.261 -116.997 219.161
v 549.31 -32.4217 200.205
v 677.155 -169.062 195.159
v 575.623 -108.927 205.46
v 534.09 -108.595 214.443
v 565.795 8.21639 205.548
v 570.158 11.4046 197.009
v 504.524 -105.661 222.714
v 528.529 -108.283 210.858
v 538.896 -130.713 206.031
v 546.367 -42.25 184.885
v 540.128 -113.753 221.958
v 562.772 -89.3192 215.984
v 620.852 -126.903 231.75
v 680.07 -137.429 233.853
v 514.958 -80.5675 233.062
v 528.741 -59.4633 223.653
v 558.299 8.18642 213.644
v 518.162 -77.5185 216.926
v 538.54 -33.1165 223.588
v 510.272 -82.3994 215.594
v 523.351 -48.7384 217.128
v 566.848 25.9104 224.132
v 553.763 -71.0289 241.396
v 619.565 -147.066 225.747
v 584.504 33.9464 216.126
v 532.168 -21.6222 230.451
v 553.955 -15.4792 222.717
v 533.465 -22.4035 226.179
v 528.434 -83.5883 233.153
v 525.526 -46.1906 224.678
v 664.776 -143.102 241.566
v 552.582 -9.45154 232.546
v 514.686 -101.702 227.857
v 631.724 -142.115 236.505
v 538.085 -42.5906 234.895
v 543.926 -6.05313 235.911
v 562.067 2.97414 220.822
v 543.829 -73.0712 243.006
v 618.609 -120.395 233.813
v 646.784 -131.786 232.97
v 550.537 -3.34923 244.554
v 655.542 -116.855 276.816
v 546.872 -27.6454 243.713
v 547.144 -49.0658 255.033
v 610.151 61.1038 240.513
v 539.746 -40.6629 243.25
v 533.348 -58.0516 253.026
v 580.057 33.9967 252.34
v 583.306 36.7892 245.71
v 617.341 -109.674 262.753
v 566.114 -74.2483 244.002
v 573.91 -87.5486 259.293
v 602.112 -102.549 264.379
v 587.405 -98.6693 255.656
v 555.254 -58.2657 252.719
v 560.758 15.9846 246.812
v 557.517 -35.3168 265.492
v 556.613 -7.72193 269.918
v 618.612 -122.182 272.358
v 545.566 -32.0247 262.499
v 556.878 2.67027 252.512
v 588.101 46.9684 242.977
v 623.137 -120.491 277.869
v 555.053 4.79095 254.339
v 588.672 43.6946 257.645
v 560.585 9.41408 261.236
v 654.839 -123.358 248.741
v 620.168 71.2139 264.79
v 566.365 -18.0648 270.371
v 600.428 -79.266 306.075
v 574.633 -97.3062 256.883
v 576.724 17.3502 285.784
v 579.695 32.3725 277.439
v 576.733 -71.2471 273.255
v 662.785 -129.292 264.061
v 575.852 -8.32148 304.234
v 587.547 45.6317 265.584
v 636.114 -89.6353 307.37
v 588.748 -56.8123 322.096
v 576.182 28.1111 287.801
v 594.351 -93.1997 266.952
v 572.134 -12.5431 311.12
v 573.82 -68.1049 294.573
v 562.499 -23.9851 274.287
v 615.642 -103.553 296.28
v 616.599 -87.6973 301.508
v 647.521 -98.8819 292.328
v 592.57 48.1906 280.565
v 605.2 54.1778 291.547
v 568.141 -33.5236 302.628
v 612.893 62.8146 301.566
v 606.087 47.6665 301.378
v 584.888 25.7083 291.696
v 601.242 -62.3635 335.34
v 616.412 -69.7657 333.991
v 580.318 -42.9105 326.79
v 593.142 45.0816 295.205
v 610.743 53.8612 312.29
v 591.606 32.7127 304.626
v 636.416 -74.7243 331.676
v 588.865 28.0692 322.434
v 619.061 60.5915 307.639
v 579.341 -40.7662 316.557
v 590.686 17.7348 344.737
v 619.511 -89.6701 318.914
v 651.446 -91.5231 317.188
v 579.121 -51.2522 331.408
v 576.494 -50.8717 335.086
v 595.326 -59.3297 333.491
v 586.476 3.63236 343.443
v 577.957 -28.6841 323.956
v 584.878 -46.4508 331.278
v 587.452 4.69074 335.465
v 611.349 -76.9116 338.551
v 649.314 -80.0234 340.652
v 585.036 -68.8875 341.164
v 576.727 -36.8391 341.124
v 586.536 -32.2521 344.37
v 609.973 35.9963 362.149
v 587.818 -61.524 361.148
v 624.326 -70.4973 342.451
v 665.424 -97.2862 346.067
v 678.24 -76.7466 342.77
v 597.224 28.8962 347.586
v 663.826 -79.7972 338.942
v 561.984 -33.9052 355.291
v 597.707 -84.2256 351.542
v 600.07 16.2333 362.479
v 640.74 -92.5078 346.572
v 621.404 -93.772 354.243
v 584.736 -23.8444 356.678
v 600.73 12.3874 358.711
v 639.715 -107.913 370.107
v 655.172 -102.047 360.749
v 674.689 -88.0321 351.047
v 685.308 -94.1006 349.577
v 662.795 -99.1988 356.147
v 636.712 -80.7006 351.5
v 591.189 -87.2006 361.12
v 647.044 -114.49 363.537
v 619.499 -102.577 359.122
v 623.488 -79.8671 352.201
v 595.13 -14.7863 361.896
v 594.021 -80.05 355.081
v 611.075 -78.5041 363.098
v 675.942 -105.504 354.585
v 608.947 -103.33 367.427
v 564.06 -39.4431 372.365
v 636.79 -89.5349 365.371
v 590.019 -72.9443 373.074
v 582.855 -50.9615 355.842
v 605.932 35.492 362.821
v 578.714 -5.71687 366.322
v 681.133 -104.269 364.509
v 565.01 -22.6115 364.516
v 575.077 -85.7438 395.909
v 641.461 -127.035 378.425
v 641.511 -92.1638 366.583
v 561.559 -20.8247 376.51
v 613.635 46.3835 364.321
v 598.132 8.68447 366.239
v 569.003 -80.1568 397.654
v 606.154 -82.9736 384.221
v 588.871 10.3348 365.728
v 572.255 -6.38167 369.694
v 638.995 -103.865 395.558
v 609.607 -94.5015 379.28
v 609.756 40.1764 371.987
v 585.195 28.0188 376.183
v 643.367 -134.733 393.101
v 633.691 -95.1352 385.617
v 686.558 -109.666 377.787
v 581.634 26.4163 382.075
v 619.784 -142.408 392.499
v 612.36 -137.178 398.656
v 605.896 26.7526 381.368
v 609.231 45.9622 388.842
v 593.892 -107.095 393.028
v 629.252 -117.758 392.942
v 615.756 -109.68 368.896
v 602.107 -118.425 381.934
v 576.153 -73.3635 392.193
v 562.73 -16.4546 407.872
v 669.101 -103.401 382.86
v 588.89 -53.5531 391.843
v 592.443 -87.5477 384.286
v 587.606 4.4429 376.611
v 588.582 11.8984 390.017
v 639.615 -118.672 389.05
v 624.422 55.9658 376.783
v 645.381 -139.398 408.784
v 630.426 -153.761 404.104
v 610.194 52.9881 381.643
v 612.525 -170.667 413.233
v 609.037 42.1794 386.315
v 613.124 42.4088 383.646
v 608.081 59.8583 386.822
v 688.566 -117.481 395.402
v 584.706 -101.582 415.724
v 614.363 67.4784 394.959
v 600.07 -173.222 419.311
v 679.572 -110.489 405.066
v 694.033 -108.058 392.762
v 594.162 -85.8079 401.624
v 571.791 -111.983 409.515
v 583.158 -51.7684 420.921
v 590.632 -166.105 419.683
v 574.281 -186.881 421.363
v 628.439 56.2895 390.007
v 601.031 -163.25 422.738
v 668.888 -110.974 410.912
v 585.087 -187.79 418.729
v 564.919 -114.346 413.064
v 552.873 -104.685 421.1
v 594.135 -92.3785 405.466
v 593.653 36.1892 394.687
v 629.314 -171.166 433.509
v 558.153 -63.8586 412.579
v 581.093 -172.191 433.847
v 589.209 -54.9385 407.392
v 587.057 38.4154 409.841
v 569.349 -182.729 426.53
v 609.56 -159.482 407.494
v 693.303 -119.789 417.059
v 614.321 -132.148 434.752
v 585.836 -8.66621 406.02
v 555.645 -196.235 434.401
v 541.075 -206.766 436.303
v 572.026 -93.1936 432.127
v 577.859 -19.313 418.081
v 563.711 -27.2068 415.675
v 613.663 46.5312 397.78
v 562.765 -54.3968 418.606
v 548.063 -90.7434 430.242
v 567.436 -35.4446 400.069
v 564.613 -12.3169 437.477
v 684.329 -123.422 453.368
v 652.849 -126.437 408.245
v 673.564 -117.172 453.077
v 575.031 -80.71 416.892
v 567.81 -189.448 438.814
v 594.519 -159.961 447.46
v 578.428 -116.583 431.178
v 567.141 -82.0217 440.307
v 613.27 47.3237 446.563
v 625.25 -116.368 416.783
v 627.57 -106.538 419.597
v 534.736 -207.386 444.432
v 698.846 -104.188 411.532
v 568.851 -117.071 418.263
v 593.481 -122.029 444.994
v 579.745 -42.6947 426.345
v 536.617 -91.9593 438.786
v 570.97 -38.4998 445.969
v 545.537 -101.741 447.631
v 519.791 -67.0379 450.022
v 593.503 21.8383 419.021
v 536.57 -207.715 467.42
v 639.208 -160.993 440.22
v 567.517 -108.135 447.65
v 696.163 -126.865 445.634
v 495.907 -95.8098 453.627
v 546.587 -38.3533 445.804
v 577.89 -177.237 457.202
v 519.647 -107.15 448.043
v 514.403 -114.863 452.797
v 508.71 -110.486 450.18
v 581.302 -16.908 421.275
v 653.131 -127.897 468.318
v 542.274 -122.526 452.318
v 572.573 -181.111 461.511
v 578.557 -123.308 447.558
v 605.024 -154.081 440.232
v 665.587 -116.403 446.889
v 559.877 -114.932 453.721
v 563.918 -188.384 457.172
v 518.577 -55.0036 457.262
v 567.701 -128.44 455.779
v 539.486 -58.6638 465.636
v 534.607 -122.756 460.244
v 480.543 -89.2061 457.735
v 491.776 -106.057 461.304
v 462.466 -82.1762 460.33
v 614.896 68.6348 411.202
v 466.495 -98.2038 463.772
v 519.246 -44.6459 468.043
v 588.105 33.5082 413.457
v 482.308 -71.9962 464.416
v 602.138 -145.948 470.767
v 544.258 -102.64 454.882
v 594.64 -155.178 473.617
v 508.118 -90.0176 466.189
v 556.964 -63.3938 430.678
v 628.253 54.6955 446.108
v 526.218 -111.69 465.16
v 460.788 -93.1161 464.096
v 610.95 -130.799 463.133
v 595.287 23.2033 462.915
v 608.425 52.413 460.062
v 569.702 1.21525 463.339
v 479.842 -97.9761 464.477
v 659.462 -118.879 460.725
v 693.291 -118.163 445.473
v 464.362 -72.7007 461.702
v 558.831 -36.935 443.403
v 459.468 -104.818 478.017
v 546.4 -17.8471 462.986
v 489.049 -57.6118 474.616
v 615.939 -109.37 456.375
v 476.427 -104.735 485.193
v 592.298 -156.978 491.047
v 576.662 -12.9065 437.792
v 529.643 -96.8159 464.76
v 457.094 -103.665 484.248
v 514.456 -43.7261 469.486
v 481.943 -87.9363 478.305
v 509.649 -108.5 471.28
v 485.821 -108.593 484.058
v 494.852 -77.8535 482.653
v 642.014 -158.123 464.055
v 544.248 -111.285 485.43
v 592.68 -133.418 466.389
v 516.152 -65.0509 472.397
v 460.567 -69.3409 472.438
v 593.998 35.652 453.904
v 707.818 -120.757 455.141
v 598.107 -148.064 478.19
v 502.814 -63.3066 479.772
v 561.247 -188.324 472.143
v 456.853 -102.812 495.05
v 461.578 -64.1989 481.657
v 516.711 -203.759 488.583
v 598.838 -125.521 465.411
v 464.642 -58.1569 483.06
v 544.931 -53.9055 465.628
v 575.763 -121.579 490.879
v 686.016 -120.715 465.97
v 500.595 -46.9932 489.165
v 465.609 -33.3744 506.247
v 571.949 -27.5275 469.209
v 564.474 -122.518 483.731
v 514.629 -104.835 498.868
v 532.81 -115.351 493.437
v 597.44 -135.163 484.347
v 585.367 27.3156 496.788
v 506.694 -110.181 483.008
v 495.809 -89.4324 496.14
v 679.087 -120.743 476.121
v 579.792 -164.087 506.454
v 558.548 -192.937 496.133
v 480.838 -48.2984 491.761
v 642.057 56.2984 481.713
v 471.286 -94.2855 492.083
v 503.066 -24.7102 494.736
v 501.703 -64.4816 502.216
v 577.891 13.2678 494.094
v 504.082 -209.916 500.718
v 550.443 -6.43046 477.632
v 551.172 -116.868 479.786
v 510.026 -76.1222 498.666
v 487.433 -44.4114 489.883
v 535.814 -12.9681 482.231
v 586.109 11.1458 478.41
v 523.624 -25.0455 492.485
v 624.876 -163.53 516.241
v 525.029 -206.089 515
v 699.267 -116.084 497.549
v 639.227 55.1936 492.789
v 463.496 -84.8582 519.307
v 547.17 -195.059 520.946
v 456.864 -90.0974 506.41
v 570.504 11.7435 493.867
v 599.55 36.3566 504.577
v 507.537 -75.4961 510.439
v 473.014 -97.8161 507.326
v 537.897 -3.28267 490.517
v 609.286 -115.218 490.315
v 464.688 -36.6605 499.388
v 591.314 -149.017 506.059
v 487.407 -28.6573 504.037
v 513.75 -9.43541 496.819
v 472.186 -87.7661 503.656
v 531.551 -24.4195 493.488
v 641.223 -149.649 493.103
v 491.261 -5.73423 514.518
v 569.537 -16.4752 494.06
v 554.862 3.00605 501.194
v 475.753 -15.8435 509.387
v 599.549 -126.893 517.904
v 472.822 -15.553 512.456
v 693.665 -127.457 473.544
v 531.302 -99.6343 511.135
v 494.775 -51.3866 514.299
v 590.378 -139.209 515.697
v 479.192 -63.3045 525.273
v 498.355 -66.5715 517.187
v 608.336 -112.483 513.06
v 656.249 -110.355 521.52
v 561.66 -181.974 524.159
v 525.847 4.66229 517.475
v 491.105 -101.645 522.602
v 597.989 34.5211 510.844
v 582.467 -113.232 516.602
v 544.68 -111.649 510.169
v 561.619 -7.40235 502.37
v 572.702 -171.774 519.912
v 704.51 -118.629 488.387
v 506.323 -105.706 523.889
v 521.807 -1.1253 524.625
v 504.502 -53.9541 529.788
v 494.216 -27.6494 526.038
v 566.059 -170.038 542.095
v 530.044 1.84818 501.056
v 477.176 -91.029 530.147
v 632.211 58.2536 494.07
v 552.282 -186.404 547.809
v 579.915 -154.753 525.162
v 525.533 2.94482 526.981
v 540.176 8.60892 532.083
v 547.09 -93.7886 526.046
v 668.712 -118.41 518.943
v 521.841 -57.6699 516.291
v 520.623 -45.2809 520.32
v 465.322 -63.7433 524.258
v 517.079 6.99107 527.728
v 514.478 7.896 512.771
v 569.003 0.353222 520.24
v 478.16 -70.2964 545.482
v 479.015 -3.13086 522.576
v 685.206 -112.07 527.914
v 643.684 -129.349 523.95
v 487.197 -85.7202 532.04
v 629.616 50.367 504.94
v 575.439 7.91431 514.11
v 516.189 16.8038 524.497
v 489.367 -55.645 536.419
v 561.505 10.2812 522.564
v 674.011 -110.109 529.7
v 598.712 -103.375 554.919
v 552.043 -181.604 547.155
v 591.591 -102.198 539.738
v 606.241 38.4823 512.805
v 692.071 -111.473 522.586
v 567.731 -93.4655 542.54
v 514.247 -76.2163 551.992
v 482.29 -54.4249 535.942
v 602.372 26.5403 528.144
v 654.606 -109.832 541.332
v 586.049 20.9722 533.665
v 527.823 13.2875 526.389
v 594.536 -132.141 536.848
v 498.038 -49.1859 535.658
v 683.778 -116.34 536.208
v 521.309 -47.5301 543.598
v 698.631 -110.887 534.611
v 528.801 -94.0143 549.415
v 572.102 12.4268 545.874
v 500.181 -4.86685 543.846
v 549.764 -183.256 560.487
v 710.972 -118.935 534.546
v 513.107 -87.1082 541.263
v 491.24 19.4229 555.716
v 675.652 -122.43 540.201
v 578.816 12.6666 534.97
v 679.849 -112.791 540.063
v 675.696 -112.128 535.969
v 616.008 36.8315 524.979
v 692.545 -122.399 539.818
v 489.133 -74.8916 555.211
v 518.932 27.4774 544.857
v 696.718 -116.871 551.02
v 701.771 -119.169 546.925
v 530.914 -38.6548 547.393
v 530.268 -31.5645 543.066
v 707.755 -114.878 545.441
v 679.411 -125.149 554.186
v 665.065 -111.45 549.283
v 471.198 -47.2989 553.629
v 578.905 -76.9836 563.778
v 510.468 -21.2705 558.3
v 715.97 -130.007 546.266
v 590.329 19.5406 528.413
v 530.704 22.4589 556.94
v 616.934 -153.848 562.011
v 650.436 34.8894 541.438
v 603.612 9.36907 554.488
v 651.046 -126.564 556.742
v 523.293 20.6446 551.336
v 646.654 -126.452 543.909
v 598.56 17.4154 552.697
v 519.544 -35.0238 563.492
v 598.932 -96.7732 547.014
v 475.338 -51.1837 560.038
v 582.785 -144.902 558.913
v 704.485 -125.011 559.989
v 658.511 -120.374 557.584
v 688.54 -123.229 553.622
v 493.563 26.7195 556.279
v 628.736 -147.99 560.923
v 488.758 -33.7611 572.374
v 670.675 -132.238 564.621
v 560.497 11.5868 545.95
v 663.508 -121.893 560.94
v 609.813 -79.3276 569.619
v 513.598 -56.9 573.919
v 675.214 -126.45 563.077
v 580.91 -62.3811 579.027
v 629.14 -150.382 570.535
v 548.275 -178.261 576.083
v 694.089 -124.851 563.709
v 508.392 4.85356 558.054
v 669.489 -127.725 569.996
v 546.717 18.4401 566.987
v 539.835 -176.785 582.044
v 590.351 -109.636 570.44
v 612.838 -149.982 583.361
v 686.089 -134.748 562.095
v 630.624 -144.177 577.843
v 639.855 -134.551 567.81
v 660.844 -121.531 570.098
v 536.653 -59.2585 574.518
v 589.609 9.8383 559.47
v 515.741 40.6041 580.541
v 557.362 -165.677 585.508
v 511.233 -27.3696 577.012
v 473.926 -39.6548 573.374
v 582.052 9.39798 564.734
v 543.112 -171.867 605.591
v 600.972 -75.5285 571.392
v 634.645 13.8484 561.906
v 653.392 14.568 562.325
v 487.381 -13.5296 576.352
v 694.637 -124.876 572.163
v 603.937 -97.2937 568.189
v 489.927 -6.84419 567.893
v 575.266 9.06642 568.745
v 665.038 -118.935 575.628
v 602.024 -100.983 574.27
v 617.584 -104.988 582.977
v 593.125 -164.326 -207.016
v 628.245 -207.908 -184.969
v 581.258 -217.844 -183.902
v 622.063 -168.196 -206.125
v 620.36 -215.552 -212.327
v 622.216 -124.972 -233.012
v 624.555 -194.587 -201.342
v 599.97 -179.208 -190.894
v 604.554 -213.037 -201.741
v 629.07 -201.392 -179.807
v 614.23 -82.6104 -199.962
v 601.985 -156.087 -190.927
v 576.011 -215.153 -161.571
v 614.328 -119.274 -201.177
v 604.87 -102.343 -168.961
v 612.021 -188.035 -204.102
v 623.37 -213.3 -191.128
v 585.325 -223.902 -194.603
v 622.351 -192.881 -171.769
v 609.057 -111.03 -153.569
v 580.496 -232.563 -171.627
v 591.483 -158.844 -197.651
v 610.51 -123.847 -180.459
v 614.939 -153.443 -156.13
v 607.172 -187.06 -172.956
v 609.603 -208.311 -158.266
v 632.459 -156.773 -169.802
v 615.006 -188.808 -150.06
v 595.622 -172.368 -148.453
v 598.554 -182.389 -137.951
v 564.438 -219.268 -135.461
v 591.131 -142.295 -144.269
v 568.547 -213.948 -140.031
v 595.361 -132.848 -114.606
v 580.077 -153.896 -132.996
v 582.359 -156.789 -163.484
v 619.308 -191.991 -139.995
v 624.6 -128.271 -104.233
v 604.062 -116.487 -131.973
v 614.877 -185.403 -103.049
v 598.834 -206.087 -154.863
v 617.616 -200.626 -139.612
v 619.527 -138.938 -101.258
v 597.126 -64.9288 -133.118
v 568.816 -226.741 -106.175
v 602.87 -98.5128 -123.153
v 598.842 -171.909 -112.21
v 622.399 -123.54 -128.344
v 583.772 -211.726 -140.303
v 598.981 -178.314 -108.401
v 553.762 -207.781 -70.0994
v 595.071 -76.2459 -137.699
v 610.891 -186.304 -78.9882
v 594.986 -105.178 -95.1891
v 607.24 -194.843 -96.7589
v 628.458 -137.31 -117.932
v 574.809 -132.998 -97.1472
v 601.679 -200.916 -116.313
v 583.095 -198.169 -89.6684
v 550.163 -191.599 -66.7861
v 551.561 -200.465 -87.2729
v 595.335 -161.63 -87.0942
v 599.274 -110.586 -123.922
v 611.188 -136.614 -91.311
v 563.209 -191.028 -71.8186
v 586.475 -157.349 -110.217
v 593.37 -51.0158 -91.7859
v 619.882 -126.419 -82.8674
v 578.62 -187.045 -54.888
v 577.64 -232.046 -58.2462
v 611.584 -107.587 -64.7537
v 555.331 -206.089 -39.4499
v 587.02 -86.1288 -55.4195
v 572.405 -137.875 -53.3608
v 604.921 -171.216 -54.3502
v 593.815 -192.531 -84.9512
v 594.939 -170.151 -68.5144
v 546.534 -193.907 -23.3206
v 595.147 -121.675 -69.0818
v 542.1 -181.7 -13.1562
v 569.075 -135.592 -79.5923
v 565.896 -126.067 -66.6846
v 608.363 -176.32 -72.4752
v 589.983 -175.814 -30.4198
v 593.313 -77.1685 -58.7654
v 569.552 -222.577 -70.9757
v 587.175 -50.249 -59.8471
v 592.029 -155.144 -55.2235
v 606.372 -105.465 -75.9496
v 588.616 -90.8582 -55.0135
v 607.758 -119.46 -44.457
v 544.957 -182.14 -37.544
v 601.152 -39.8954 -67.1199
v 604.474 -169.934 -24.5525
v 562.276 -117.007 -2.21417
v 599.9 -181.152 -41.9149
v 568.019 -202.17 -12.3157
v 564.493 -174.168 -9.44127
v 600.275 -110.447 -18.9523
v 591.963 -30.4084 -46.3656
v 590.295 -147.215 -30.336
v 565.236 -115.773 -40.8039
v 630.649 -212.622 -22.1952
v 588.393 -107.816 -17.5604
v 593.54 -159.606 -35.7408
v 598.817 -150.73 4.90404
v 609.211 -28.6452 -13.864
v 606.071 -102.53 -23.4586
v 561.591 -99.4353 -4.24921
v 581.15 -223.999 -14.2751
v 593.807 -82.893 -15.6304
v 582.504 -162.28 9.27375
v 635.909 -211.772 -12.3273
v 581.926 -22.4033 31.4717
v 590.641 -147.172 -1.86627
v 543.2 -167.649 0.791518
v 589.187 -60.4282 -20.3637
v 558.736 -105.407 2.29976
v 600.543 -167.596 -7.57821
v 592.178 -13.2646 -8.03315
v 593.953 -94.1379 20.4971
v 582.608 -211.933 -0.794025
v 619.422 -206.525 -4.25774
v 582.897 -136.284 -7.80615
v 595.215 -86.4159 33.4191
v 578.935 -214.962 28.4736
v 586.595 -214.301 34.7603
v 520.865 -168.799 21.6824
v 600.825 -88.5063 -12.2714
v 595.692 -144.479 33.7738
v 593.087 -228.455 -5.14594
v 493.705 -170.572 23.9607
v 578.858 -58.8404 25.7036
v 557.311 -151.149 35.2606
v 592.242 -135.119 36.1661
v 529.006 -173.294 35.5175
v 619.445 -193.784 35.2401
v 539.707 -159.11 30.3
v 528.637 -154.279 28.2121
v 492.183 -164.634 35.563
v 584.883 -9.3254 46.9376
v 521.878 -176.293 21.2741
v 488.899 -175.129 32.9914
v 510.883 -164.134 47.4024
v 587.913 -45.3839 13.3929
v 603.591 -201.24 34.0584
v 578.831 -98.7508 4.29532
v 582.889 -122.777 37.6178
v 521.179 -161.331 23.6473
v 504.48 -182.277 36.4706
v 520.654 -181.859 45.2998
v 594.334 -161.9 9.82207
v 537.182 -160.582 32.0205
v 501.685 -165.23 41.4409
v 547.758 -179.484 32.1275
v 542.614 -148.888 39.7171
v 629.121 -196.717 30.7618
v 583.958 -203.034 33.4433
v 576.893 -205.268 64.6826
v 489.445 -180.854 52.6147
v 532.646 -139.339 38.3575
v 521.402 -130.664 56.4536
v 594.547 4.77715 42.3614
v 561.857 -80.8769 36.0112
v 483.038 -173.606 48.5203
v 541.615 -173.87 54.3677
v 589.357 -11.5613 1.97466
v 541.266 -168.729 42.646
v 580.964 -77.5546 61.9859
v 577.168 -148.406 46.9433
v 514.961 -158.687 45.0231
v 513.407 -142.32 42.3119
v 481.012 -178.539 60.2374
v 525.665 -129.888 47.6057
v 580.278 -63.9412 2.71743
v 599.524 -84.9118 13.3192
v 512.865 -156.174 63.994
v 492.306 -169.174 55.5605
v 576.256 -204.043 55.7266
v 549.689 -170.618 57.7137
v 572.001 -180.025 52.8177
v 521.143 -124.458 68.9827
v 480.755 -169.002 65.2494
v 589.139 -75.2793 63.9786
v 528.824 -117.578 47.4447
v 618.732 -185.282 66.5695
v 533.821 -119.563 71.5705
v 580.96 -34.1953 63.7785
v 493.082 -177.899 70.73
v 527.008 -126.347 64.7433
v 579.689 -8.25695 67.1469
v 561.813 -102.948 50.2996
v 632.848 -197.482 55.3262
v 519.474 -184.676 57.0286
v 519.293 -181.597 70.8013
v 518.421 -133.482 74.9796
v 483.258 -153.696 73.8358
v 610.807 -185.319 67.5226
v 545.524 -172.27 68.5524
v 582.235 -203.675 70.7037
v 513.017 -141.91 77.8249
v 628.216 -187.596 72.6904
v 605.803 -5.87536 42.707
v 571.391 -67.2715 72.4711
v 579.973 -189.49 64.6296
v 552.062 -127.417 72.5179
v 490.455 -129.854 76.4419
v 592.163 -68.211 59.0286
v 585.729 -34.4882 34.1823
v 514.442 -179.956 96.9013
v 537.585 -114.455 72.0456
v 501.088 -145.962 75.8844
v 486.742 -140.433 77.8843
v 479.827 -165.118 73.0335
v 540.518 -116.591 62.7526
v 502.442 -175.607 88.1806
v 573.349 -41.9139 64.0048
v 595.926 -188.243 78.7627
v 630.357 -190.659 84.6937
v 585.782 -53.7896 66.9868
v 498.47 -146.5 98.8832
v 512.073 -110.336 93.3065
v 533.04 -93.0093 86.1753
v 506.667 -112.492 85.6365
v 557.08 -159.772 87.0468
v 534.508 -114.517 95.5004
v 586.315 -139.906 57.4436
v 512.586 -137.191 82.9497
v 531.403 -126.57 81.5085
v 590.856 17.2934 69.6549
v 497.099 -135.442 87.8253
v 569.702 -16.2538 120.863
v 560.945 -47.1051 119.854
v 519.508 -129.344 96.0426
v 580.05 -62.0052 92.7041
v 580.069 -45.8021 111.603
v 506.289 -121.992 98.9635
v 623.278 -206.188 97.7839
v 503.432 -127.18 104.25
v 529.505 -90.4844 93.7353
v 521.626 -175.508 94.1702
v 514.277 -110.145 106.943
v 521.365 -154.976 150.732
v 504.291 -103.26 98.8552
v 537.386 -158.791 111.17
v 555.097 -155.196 105.227
v 587.062 17.1574 88.7541
v 577.743 -14.1671 110.863
v 529.333 -172.113 120.438
v 538.953 -98.3854 80.9121
v 532.441 -108.73 106.119
v 581.814 -9.04945 94.858
v 571 -26.1746 102.947
v 626.171 -172.76 113.622
v 576.434 -184.26 104.757
v 576.779 -167.502 99.3849
v 586.931 -186.632 102.181
v 517.601 -131.741 116.134
v 560.004 -89.13 86.7773
v 580.085 1.82368 93.2554
v 475.545 -116.171 116.972
v 499.884 -125.893 110.746
v 498.608 -102.291 104.284
v 593.697 -174.519 111.833
v 503.458 -139.559 111.73
v 586.286 -118.976 98.6802
v 564.773 -104.212 125.634
v 541.128 -160.951 95.3842
v 540.883 -88.8082 108.758
v 558.887 -111.74 107.132
v 557.533 -68.9196 70.6862
v 471.833 -125.69 120.818
v 604.239 19.9681 98.1987
v 505.124 -119.074 121.716
v 581.861 -181.932 117.313
v 510.872 -124.633 124.932
v 557.933 -73.4087 126.213
v 579.296 -37.6556 111.152
v 594.889 29.0629 99.3079
v 501.465 -135.679 117.358
v 479.842 -141.168 127.714
v 574.205 -45.7666 125.69
v 519.786 -95.9961 110.949
v 523.822 -174.439 128.295
v 535.436 -120.595 120.564
v 609.422 -167.998 108.098
v 522.376 -88.7814 117.338
v 464.92 -127.726 130.627
v 525.956 -94.4909 120.26
v 505.807 -140.881 130.989
v 515.3 -146.2 140.228
v 486.831 -129.198 138.874
v 495.395 -124.965 132.773
v 490.895 -151.749 140.027
v 506.316 -126.81 142.258
v 577.617 -100.47 123.07
v 519.902 -101.806 129.937
v 530.587 -90.6327 138.13
v 570.46 -154.714 109.164
v 531.621 -124.544 129.547
v 575.63 -149.286 138.387
v 649.564 -179.364 141.692
v 554.679 -80.388 141.809
v 558.734 -62.2254 156.177
v 616.314 -151.186 159.285
v 459.731 -130.555 154.297
v 652.622 -193.382 105.79
v 556.818 -143.165 143.501
v 463.45 -142.065 142.554
v 472.881 -128.029 152.677
v 532.16 -164.344 152.79
v 562.932 -89.458 148.834
v 510.382 -139.601 148.114
v 536.032 -81.0891 116.414
v 560.815 -71.4171 106.226
v 486.077 -131.099 151.62
v 512.266 -127.824 143.242
v 537.484 -77.2409 142.729
v 633.846 -192.505 145.333
v 561.527 -147.363 119.368
v 516.942 -118.88 141.293
v 559.053 -42.1562 138.305
v 479.85 -142.84 156.737
v 510.042 -121.928 163.224
v 531.282 -70.5825 133.531
v 517.097 -80.9348 151.679
v 504.022 -145.609 171.165
v 512.643 -107.852 152.111
v 519.464 -93.6724 137.961
v 503.294 -148.539 153.995
v 539.924 -63.4242 151.012
v 581.028 -168.902 140.855
v 657.891 -179.316 140.273
v 470.897 -143.445 162.256
v 537.012 -79.1527 151.176
v 573.015 -136.399 188.444
v 547.506 -146.193 152.907
v 601.938 -153.757 144.667
v 513.774 -118.434 148.56
v 516.161 -82.8187 154.846
v 558.188 -35.9998 168.133
v 495.791 -121.52 153.342
v 547.875 -60.9211 156.108
v 626.499 -170.857 136.409
v 564.203 -133.464 154.894
v 514.206 -70.1274 162.263
v 602.636 46.9814 149.794
v 601.17 -144.214 166.233
v 464.876 -136.538 168.057
v 533.592 -104.431 162.325
v 534.394 -111.581 137.485
v 467.248 -120.713 180.33
v 596.74 44.5259 146.328
v 622.649 -187.178 135.215
v 538.669 -55.2019 159.717
v 531.904 -77.4373 157.533
v 494.465 -115.605 176.368
v 507.258 -111.829 176.174
v 525.523 -131.812 184.845
v 532.64 -150.798 177.731
v 555.144 -59.0592 161.475
v 509.111 -136.201 172.653
v 560.588 -27.2377 169.01
v 617.256 -140.982 186.678
v 517.657 -130.309 175.023
v 540.456 -74.4755 179.78
v 527.041 -48.3348 162.107
v 583.252 23.0038 158.266
v 515.887 -115.168 175.012
v 623.684 -174.176 183.145
v 622.851 -187.321 155.95
v 574.161 -123.332 182.352
v 571.201 -133.758 157.904
v 573.817 -23.5793 153.388
v 546.058 -29.5167 166.448
v 566.493 -23.848 172.481
v 544.401 -136.664 182.78
v 581.834 -144.228 185.708
v 652.593 -163.683 172.129
v 508.728 -79.5046 -576.745
v 522.658 -188.684 -576.024
v 555.772 -284.113 -574.891
v 531.886 -214.977 -574.614
v 526.939 -182.243 -573.327
v 539.87 -229.114 -569.663
v 521.401 -133.415 -575.093
v 529.887 -156.594 -565.553
v 552.33 -237.758 -553.67
v 519.963 -97.4213 -574.707
v 563.278 -274.182 -556.355
v 531.737 -188.869 -546.038
v 522.024 -111.335 -562.206
v 532.97 -89.4448 -555.45
v 590.768 -286.255 -533.71
v 570.755 -239.05 -531.781
v 541.211 -209.62 -542.768
v 538.179 -121.674 -542.236
v 531.751 -173.719 -545.276
v 584.008 -265.913 -529.687
v 542.956 -142.057 -533.233
v 548.615 -80.3515 -541.636
v 548.235 -126.195 -520.496
v 563.823 -201.395 -498.383
v 549.03 -172.382 -510.406
v 558.361 -103.527 -519.746
v 546.732 -127.467 -509.632
v 560.557 -169.193 -483.829
v 582.041 -228.086 -486.243
v 551.063 -130.754 -495.45
v 592.978 -257.347 -474.595
v 555.776 -103.325 -502.303
v 590.587 -266.084 -492.362
v 592.419 -227.086 -465.316
v 580.577 -142.472 -454.806
v 601.832 -119.88 -434.799
v 610.254 -222.094 -431.766
v 589.174 -145.426 -440.01
v 594.605 -173.899 -437.435
v 606.026 -194.406 -420.236
v 615.959 -227.697 -412.426
v 612.623 -210.567 -417.764
v 600.967 -190.901 -416.006
v 606.755 -214.176 -416.956
v 606.452 -212.945 -402.693
v 606.056 -204.529 -410.111
v 615.249 -231.555 -398.436
v 597.788 -146.903 -416.089
v 595.428 -197.849 -399.238
v 612.379 -156.942 -387.648
v 607.518 -152.096 -400.885
v 605.234 -228.329 -400.525
v 610.591 -217.063 -389.833
v 596.042 -207.566 -398.112
v 602.417 -195.561 -396.303
v 604.901 -202.528 -393.136
v 606.56 -216.392 -376.841
v 614.206 -199.004 -378.798
v 620.367 -235.293 -382.715
v 615.747 -227.785 -366.344
v 614.565 -174.73 -370.93
v 618.485 -247.18 -371.369
v 632.307 -222.8 -345.585
v 616.096 -214.351 -373.621
v 612.028 -222.179 -355.055
v 585.344 -231.003 -360.427
v 619.068 -219.057 -359.936
v 593.608 -225.423 -361.743
v 599.453 -144.732 -369.347
v 617.329 -192 -362.818
v 623.766 -206.767 -353.809
v 583.398 -225.554 -352.169
v 596.574 -162.955 -361.35
v 598.043 -145.204 -360.267
v 607.44 -147.772 -359.343
v 601.437 -180.228 -355.786
v 625.104 -222.364 -356.565
v 617.816 -230.985 -348.099
v 597.303 -164.662 -355.211
v 594.688 -228.291 -355.852
v 563.56 -231.475 -344.364
v 610.222 -143.949 -344.17
v 573.544 -242.384 -348.709
v 608.557 -162.913 -348.156
v 607.683 -189.618 -350.265
v 585.228 -237.218 -340.802
v 632.489 -213.19 -340.338
v 556.111 -236.392 -337.61
v 564.025 -267.107 -333.995
v 624.027 -236.884 -320.171
v 548.203 -257.684 -320.123
v 573.771 -223.668 -328.074
v 538.663 -252.488 -316.208
v 603.166 -249.593 -323.385
v 635.259 -236.433 -315.793
v 560.767 -234.789 -313.587
v 570.166 -224.414 -317.092
v 550.296 -244.925 -314.541
v 573.058 -236.717 -311.545
v 541.853 -254.801 -304.504
v 551.424 -234.455 -306.916
v 563.435 -239.189 -305.114
v 561.725 -249.719 -304.323
v 639.273 -236.652 -300.469
v 560.371 -245.491 -295.373
v 620.336 -229.369 -294.126
v 612.242 -171.309 -270.291
v 605.049 -228.171 -268.093
v 611.924 -225.317 -272.231
v 619.542 -162.463 -283.207
v 621.14 -221.662 -266.654
v 633.696 -199.923 -249.09
v 620.634 -184.702 -263.814
v 602.309 -164.205 -243.549
v 616.978 -159.049 -262.679
v 587.784 -247.037 -246.42
v 597.627 -233.672 -240.307
v 622.365 -166.404 -233.923
v 611.974 -224.147 -250.632
v 624.577 -191.344 -248.823
v 598.93 -224.885 -227.443
v 602.102 -216.336 -220.392
v 627.213 -217.763 -245.103
v 634.512 -207.627 -244.659
v 632.161 -171.006 -233.275
v 599.114 -159.501 -225.837
v 609.545 -182.088 -233.118
v 537.146 -186.232 592.226
v 645.552 -121.352 574.453
v 628.549 -119.264 579.381
v 527.167 34.497 580.182
v 638.963 15.8303 559.459
v 615.177 -13.0777 573.435
v 502.533 -43.8867 595.301
v 609.586 -9.57511 575.215
v 669.22 14.1203 566.986
v 593.34 -111.896 591.94
v 694.855 -117.859 581.309
v 682.367 -127.527 573.172
v 571.639 -152.942 583.651
v 544.242 -36.509 591.951
v 497.241 29.353 570.992
v 557.078 -55.733 583.323
v 539.554 29.6918 577.613
v 528.05 -192.35 604.531
v 676.67 -117.999 585.139
v 607.275 -110.378 583.672
v 619.17 -93.7816 583.941
v 667.584 -109.722 591.674
v 608.267 -83.4351 585.244
v 607.853 -76.0052 576.674
v 641.698 -114.875 582.748
v 627.377 -106.95 586.019
v 566.853 -51.6231 584.201
v 488.042 -25.0947 591.495
v 537.264 27.3911 584.954
v 504.186 37.993 580.809
v 620.169 -131.639 584.298
v 597.089 -13.804 579.313
v 706.684 -130.615 582.43
v 589.682 -63.8179 577.531
v 646.574 5.3258 572.346
v 608.631 -35.6305 585.42
v 581.805 -118.363 585.061
v 711.122 -123.62 584.221
v 583.819 -65.2208 587.937
v 707.518 -114.367 584.157
v 502.959 42.4885 574.5
v 546.937 20.2759 579.455
v 482.336 -11.6935 594.789
v 617.516 -28.1922 581.899
v 463.394 23.509 588.866
v 638.479 -8.72989 583.251
v 570.157 -32.9989 592.297
v 649.416 -113.764 589.845
v 710.332 -107.572 585.731
v 622.254 -40.9845 585.444
v 481.113 -33.9214 594.653
v 607.375 -134.43 599.377
v 628.643 -21.8243 579.167
v 589.577 -28.6292 591.633
v 687.856 -116.787 588.584
v 493.797 -34.0508 594.01
v 560.756 -149.967 615.616
v 596.704 -29.2607 585.907
v 676.455 -118.74 595.197
v 593.734 -118.508 606.1
v 579.051 -117.604 607.004
v 608.319 -84.9055 588.041
v 634.654 -38.2465 586.689
v 568.569 -50.3169 591.751
v 635.986 -23.5132 589.626
v 525.211 -31.2894 596.976
v 511.43 38.9917 597.957
v 517.61 -194.767 613.34
v 594.708 -74.1493 593.076
v 610.338 -33.2513 601.744
v 600.921 -33.0133 596.059
v 520.406 -175.06 624.667
v 718.984 -106.094 586.5
v 591.751 -66.6556 598.023
v 574.389 -16.9992 593.996
v 605.677 -37.9734 593.184
v 553.243 6.7096 597.207
v 485.645 -214.177 606.941
v 626.223 -41.8806 591.205
v 641.118 -38.0579 596.373
v 663.58 20.0771 605.327
v 628.919 -107.73 591.949
v 541.843 21.6614 599.259
v 480.752 25.8436 576.635
v 682.714 -125.42 599.917
v 662.603 -108.025 604.635
v 647.982 9.0806 597.833
v 707.25 -111.257 597.554
v 476.604 -213.491 627.795
v 611.158 -89.7865 601.029
v 578.404 -37.5472 596.748
v 595.072 -35.8129 603.678
v 463.207 5.61483 594.844
v 499.322 -200.708 635.308
v 524.419 -186.059 616.998
v 513.658 42.1404 601.847
v 625.661 -89.9445 590.793
v 520.5 43.6893 593.177
v 672.348 -123.56 601.149
v 637.522 -113.761 599.723
v 658.84 11.6939 577.965
v 487.367 -19.8706 608.668
v 496.491 -8.77201 611.41
v 679.739 -120.609 606.156
v 646.567 -119.669 602.715
v 600.38 -83.6159 608.999
v 711.203 -103.684 601.567
v 598.944 -51.6899 602.55
v 514.504 -26.2641 610.828
v 689.383 -122.645 609.254
v 620.328 -49.1893 602.21
v 506.856 -19.0265 613.29
v 596.597 -73.388 606.421
v 638.915 -47.2655 601.051
v 593.821 -121.077 615.118
v 659.227 -107.046 616.402
v 630.73 -127.867 619.288
v 536.496 15.3573 607.145
v 524.545 33.7637 610.566
v 442.011 -227.782 639.863
v 630.455 -40.7772 606.598
v 525.858 -184.782 631.112
v 646.804 -125.94 614.605
v 563.577 -127.026 622.259
v 493.688 -15.2153 616.495
v 701.668 -114.335 616.152
v 511.635 26.5232 616.154
v 442.219 -220.554 640.483
v 449.644 58.0341 616.786
v 646.991 4.90303 625.554
v 434.429 30.522 631.834
v 613.824 -62.2341 614.243
v 608.13 -86.5002 619.076
v 521.333 -172.114 632.561
v 621.344 -108.541 614.017
v 523.427 -1.1865 617.311
v 431.214 52.0463 629.288
v 455.163 -218.005 649.093
v 460.775 61.1962 620.237
v 495.454 -17.1853 597.695
v 624.279 -123.276 623.983
v 617.43 -94.7036 612.333
v 644.448 -39.7766 621.113
v 712.501 -109.181 614.962
v 609.141 -91.0912 623.745
v 611.361 -71.7472 619.5
v 453.989 8.74351 624.166
v 542.451 -160.228 629.371
v 512.3 9.48801 624.519
v 526.265 -175.825 643.228
v 620.169 -49.5473 618.894
v 570.555 -112.44 631.885
v 657.166 -107.85 623.586
v 591.936 -85.3139 623.295
v 721.77 -122.197 619.659
v 643.096 -47.4417 612.907
v 632.367 -46.4447 615.409
v 500.602 2.97878 618.657
v 720.104 -111.387 615.198
v 482.944 -205.93 646.162
v 515.761 23.2897 623.24
v 466.48 -210.586 652.31
v 552.784 -145.763 638.508
v 507.031 15.4074 620.747
v 675.381 -126.133 632.156
v 664.666 -123.287 628.799
v 639.549 -25.1214 621.689
v 583.443 -114.272 637.719
v 629.187 -43.302 624.379
v 698.971 -112.349 632.589
v 503.975 38.639 614.387
v 463.35 -211.207 656.587
v 670.667 -115.813 615.839
v 457.307 16.1871 644.35
v 655.966 -128.657 638.164
v 531.425 -165.513 644.437
v 625.178 -59.2886 627.538
v 686.528 -122.302 621.448
v 611.633 -91.694 633.812
v 451.131 -209.9 665.043
v 594.965 -67.5137 634.241
v 642.368 -113.587 633.996
v 521.064 -163.166 659.7
v 622.341 -108.913 633.554
v 439.714 19.8058 649.678
v 657.072 -114.227 635.633
v 631.107 -114.557 638.274
v 712.116 -110.31 626.452
v 638.895 -29.0797 637.779
v 440.563 -209.192 675.78
v 684.98 -122.364 639.859
v 590.398 -87.0873 640.559
v 726.021 -112.33 636.336
v 642.196 -120.081 650.825
v 602.529 -59.3756 639.968
v 474.973 32.2502 645.387
v 654.841 16.6526 626.755
v 448.766 75.2848 640.406
v 614.057 -109.25 652.902
v 596.962 -140.627 627.823
v 656.231 -122.954 649.367
v 635.92 -54.7031 632.944
v 457.192 76.1725 653.345
v 590.384 -73.5255 644.35
v 639.928 -9.82679 629.686
v 643.416 -43.8192 647.534
v 501.946 -164.073 676.709
v 621.905 -109.721 646.658
v 634.722 -51.2019 653.046
v 726.677 -109.906 643.304
v 472.819 50.1542 643.083
v 566.086 -101.656 665.863
v 478.222 -195.764 667.072
v 683.552 -110.35 649.195
v 572.882 -124.987 683.434
v 622.453 -120.467 650.918
v 620.872 -55.2557 653.444
v 612.802 -115.176 655.77
v 658.988 -114.327 656.576
v 617.478 -93.4299 645.781
v 615.085 -81.0582 650.523
v 440.7 -214.761 684.066
v 629.599 4.25085 642.617
v 468.737 22.4299 645.666
v 712.77 -111.311 648.471
v 696.848 -106.779 647.307
v 645.633 -105.305 658.572
v 505.898 -174.362 674.414
v 629.678 -115.386 664.694
v 596.338 -73.208 650.498
v 610.117 -59.2073 651.13
v 606.495 -72.4263 656.908
v 469.386 57.6041 635.759
v 642.88 43.5823 643.579
v 612.556 -94.6743 661.812
v 547.427 -105.825 660.722
v 535.007 -131.109 669.55
v 445.769 -203.021 695.729
v 559.503 -100.316 657.312
v 434.129 75.5009 646.185
v 472.799 -191.773 695.017
v 628.116 -40.4307 652.902
v 612.769 -43.0992 656.366
v 628.886 -26.3696 660.254
v 438.48 -208.958 688.672
v 443.304 27.3912 680.723
v 689.03 -105.439 661.117
v 573.688 -107.008 661.562
v 606.95 -84.6684 661.278
v 721.376 -107.033 667.135
v 549.774 -100.866 680.727
v 468.445 45.3867 657.803
v 709.357 -98.258 659.336
v 628.787 -102.383 666.21
v 627.877 -30.8839 657.988
v 455.662 22.6152 661.681
v 516.646 -148.99 681.396
v 627.347 15.8233 658.862
v 431.786 31.5303 685.576
v 623.229 -30.7203 659.927
v 696.443 -102.341 660.712
v 597.282 -65.8001 674.066
v 624.412 -40.5504 658.995
v 712.268 -93.6848 672.402
v 507.956 -170.009 685.429
v 623.096 -85.5674 677.488
v 633.479 -97.9767 669.297
v 730.685 -114.07 654.384
v 651.059 50.235 650.573
v 608.638 -39.5012 671.667
v 425.238 36.8388 663.158
v 420.304 64.454 659.176
v 654.992 -107.972 668.846
v 605.193 -58.9917 665.743
v 663.765 -108.561 671.371
v 505.19 -162.428 688.471
v 625.278 -37.5111 667.837
v 474.023 -189.024 703.111
v 714.541 -98.0902 667.642
v 510.233 -153.095 694.334
v 435.287 -211.861 700.797
v 457.638 80.7155 689.379
v 628.283 -35.7002 672.468
v 445.032 91.2685 689.541
v 435.685 -205.986 700.583
v 497.565 -137.812 712.548
v 639.189 31.162 666.109
v 550.883 -107.924 706.901
v 603.13 -78.9569 674.336
v 534.642 -102.714 690.696
v 443.766 -215.468 706.788
v 727.907 -86.3563 679.354
v 508.076 -145.257 699.112
v 611.586 -72.2019 691.986
v 645.296 38.1265 660.83
v 643.116 40.2205 669.273
v 447.129 -204.561 711.847
v 622.157 -81.8401 693.4
v 491.755 -171.644 702.915
v 664.446 41.8718 662.137
v 441.395 88.6922 675.96
v 624.776 -29.3644 682.73
v 575.594 -150.26 673.659
v 655.26 44.9074 670.123
v 639.645 34.8881 672.742
v 718.05 -93.0962 693.104
v 659.245 39.6633 672.566
v 628.318 13.2243 683.474
v 645.528 35.2921 672.179
v 676.205 -118.961 696.345
v 621.116 -12.418 675.309
v 492.113 -157.893 719.675
v 646.644 42.7545 677.953
v 636.148 -96.1995 687.373
v 617.464 -37.0014 678.458
v 535.525 -102.596 703.519
v 626.691 -94.1047 688.367
v 531.828 -108.981 730.635
v 605.703 -47.1964 689.183
v 435.348 -220.56 718.018
v 526.294 -112.148 698.074
v 693.654 -119.056 692.352
v 455.337 71.4735 718.464
v 453.229 -199.177 719.74
v 641.598 29.8972 685.93
v 612.689 -57.7319 723.685
v 610.179 -39.5188 686.073
v 700.942 -109.615 693.42
v 470.413 -184.228 722.427
v 419.99 54.3122 729.88
v 622.839 -6.77998 693.962
v 714.548 -98.1523 705.179
v 649.596 39.6614 685.8
v 454.911 34.106 687.923
v 415.747 79.0908 704.158
v 414.354 67.8391 705.295
v 617.949 -29.7701 694.241
v 431.331 92.2465 694.514
v 488.594 -130.673 722.117
v 623.032 -28.6568 702.007
v 639.45 28.8162 691.467
v 640.756 35.4819 691.434
v 721.262 -83.8159 680.699
v 661.09 36.6964 687.589
v 623.615 -12.2889 696.723
v 656.622 36.3409 691.905
v 549.202 -165.158 713.373
v 645.9 33.3584 691.464
v 445.411 -194.158 747.151
v 635.63 9.44723 698.17
v 684.987 32.4691 690.875
v 394.289 -233.175 745.07
v 487.63 -120.171 729.896
v 686.296 -115.214 690.63
v 650.332 46.5937 697.281
v 495.243 -143.378 720.953
v 648.545 -109.352 705.455
v 372.742 -235.494 762.861
v 662.64 38.4824 690.993
v 495.866 -131.638 733.877
v 631.614 4.5973 703.544
v 635.012 -93.9908 725.108
v 506.284 -114.18 732.25
v 644.149 44.8879 696
v 511.125 -107.875 726.961
v 673.66 -115.76 720.902
v 546.362 -138.663 732.878
v 400.298 -226.955 754.243
v 689.791 -107.932 721.225
v 631.268 1.78859 713.336
v 648.752 18.3861 719.651
v 421.892 88.3116 700.625
v 377.104 -245.39 762.649
v 719.088 -93.0395 710.84
v 627.711 -89.1515 711.14
v 668.13 23.8627 705.289
v 421.131 -208.062 754.502
v 462.354 -166.702 750.06
v 650.032 34.8096 707.583
v 644.874 6.70718 707.797
v 514.052 -111.958 736.453
v 669.415 17.1104 709.88
v 650.55 -101.115 731.126
v 539.471 -116.734 736.607
v 435.349 51.2847 746.473
v 680.324 24.3776 708.785
v 475.385 -134.823 761.263
v 622.542 -4.78036 712.843
v 533.727 -175.996 727.687
v 430.644 -198.269 760.639
v 443.099 55.6849 747.203
v 672.131 -104.915 733.441
v 635.849 7.06376 725.329
v 689.344 21.3814 714.256
v 654.666 -97.6523 739.979
v 385.07 -230.32 773.802
v 506.775 -174.47 768.469
v 622.555 -63.6328 739.163
v 395.888 -210.571 791.482
v 681.31 -90.3577 748.244
v 459.055 -136.048 785.074
v 385.438 -242.195 769.714
v 447.981 -172.41 766.006
v 495.344 -123.536 772.47
v 657.644 20.3416 723.065
v 615.677 -38.3415 733.008
v 624.815 -25.8756 733.006
v 500.913 -119.395 733.707
v 508.757 -146.97 773.864
v 689.161 -96.6956 742.038
v 669.097 -92.2061 743.332
v 419.885 -183.476 792.641
v 534.621 -131.293 748.445
v 711.841 -78.8981 734.134
v 638.752 -79.6624 746.358
v 455.429 104.443 743.741
v 676.754 21.0291 728.816
v 463.365 97.9739 745.346
v 445.859 86.4339 745.061
v 624.966 -53.565 746.613
v 420.784 96.3746 755.776
v 639.415 -0.979236 741.647
v 357.929 -234.244 799.974
v 463.518 110.106 742.268
v 474.333 -126.105 785.718
v 434.728 -171.792 781.85
v 449.62 -143.69 823.407
v 440.418 98.6716 769.101
v 652.628 -64.8409 756.189
v 461.219 86.8951 752.83
v 466.549 116.147 752.318
v 449.594 109.923 752.173
v 470.827 100.264 753.073
v 471.134 108.514 755.754
v 672.422 -0.335849 752.793
v 454.008 116.119 752.599
v 385.27 -207.708 803.878
v 645.874 -41.5541 761.218
v 691.091 -0.277397 753.372
v 707.326 -35.405 757.574
v 649.592 -11.7241 766.567
v 629.227 -24.0506 749.845
v 462.392 112.8 759.22
v 655.487 -5.14567 751.93
v 437.31 98.8758 750.378
v 454.11 109.232 759.765
v 460.646 92.3883 763.905
v 375.605 -215.587 811.626
v 447.22 -147.181 792.145
v 447.268 67.1195 751.453
v 681.36 -67.887 762.168
v 673.095 -51.8157 768.901
v 645.132 -16.4931 754.655
v 679.304 1.22289 758.266
v 447.028 81.0372 773.157
v 454.227 98.6656 762.957
v 417.173 -176.479 798.846
v 707.217 -27.2873 756.848
v 698.205 -11.2647 761.487
v 687.537 -4.71528 763.668
v 690.09 3.44266 760.014
v 454.403 116.085 767.777
v 466.388 106.232 763.457
v 445.995 -142.595 795.473
v 417.75 82.6132 787.953
v 670.096 -9.38835 769.971
v 372.067 -209.951 814.953
v 464.312 114.975 766.747
v 395.967 -181.185 819.389
v 698.792 -15.1178 766.078
v 441.893 106.198 770.869
v 457.916 83.0895 772.124
v 468.053 84.8898 774.452
v 476.73 106.832 771.754
v 449.662 121.228 771.73
v 466.85 122.151 773.283
v 440.805 102.595 775.061
v 435.556 67.0352 802.086
v 473.105 89.1503 772.841
v 458.782 80.8098 778.93
v 430.267 105.223 781.807
v 476.538 111.894 776.28
v 657.51 -37.2007 776.008
v 460.166 85.0784 782.633
v 674.804 -34.2646 778.433
v 655.801 -16.9251 775.834
v 685.259 -22.3592 773.069
v 445.262 75.0119 799.481
v 475.078 90.0726 779.663
v 427.396 -152.501 811.762
v 423.893 67.658 795.807
v 447.775 122.887 777.764
v 441.206 100.544 781.442
v 445.294 101.238 786.897
v 668.611 -8.89844 776.028
v 471.457 107.819 786.289
v 670.173 -21.9582 780.508
v 469.312 124.834 778.332
v 438.376 -140.491 822.205
v 465.79 120.706 782.021
v 443.064 93.165 782.116
v 462.436 89.2347 787.865
v 453.106 116.746 786.311
v 444.585 -205.213 815.189
v 447.726 115.182 796.379
v 470.152 99.849 799.7
v 449.456 90.0193 801.404
v 447.608 95.0441 788.287
v 424.514 105.131 786.825
v 404.231 -217.617 843.487
v 370.462 -196.947 837.259
v 463.534 117.247 788.892
v 450.389 129.389 813.085
v 380.721 -176.063 843.889
v 431.236 112.49 795.256
v 420.213 100.612 806.008
v 457.647 119.429 806.934
v 424.549 92.1491 824.824
v 429.448 70.5095 811.786
v 432.802 120.918 815.702
v 467.828 112.724 810.631
v 387.523 -157.778 868.419
v 468.916 93.682 813.231
v 471.601 122.03 817.309
v 475.623 105.09 816.539
v 459.491 88.3675 812.687
v 450.527 72.3411 842.854
v 442.484 -177.173 836.708
v 471.941 92.6177 818.15
v 471.806 118.836 824.023
v 434.577 79.4216 833.277
v 465.892 90.6748 833.18
v 357.598 -173.324 876.417
v 384.223 -162.374 857.122
v 458.9 73.8613 821.079
v 448.899 129.591 823.45
v 429.727 -167.849 848.472
v 477.798 107.08 828.749
v 471.961 91.5513 829.408
v 475.949 94.5208 839.348
v 439.507 121.81 846.69
v 399.918 -156.628 863.733
v 471.326 126.666 834.321
v 461.518 81.261 847.704
v 445.719 129.426 838.861
v 433.06 110.907 843.873
v 447.866 128.217 832.89
v 477.356 111.943 835.026
v 478.962 112.037 844.734
v 474.728 98.463 845.349
v 357.909 -210.949 899.177
v 447.119 77.5667 849.607
v 469.729 129.653 844.018
v 467.279 127.374 849.884
v 339.094 -172.566 905.074
v 473.473 112.418 849.649
v 374.155 -169.524 890.407
v 453.35 96.1667 853.533
v 472.794 84.3818 862.088
v 439.418 91.3841 845.151
v 459.17 91.5775 867.253
v 450.022 121.893 865.733
v 463.012 91.1956 848.807
v 479.583 97.5516 852.51
v 448.959 108.865 860.761
v 463.604 81.7727 865.977
v 477.672 98.2386 859.786
v 475.856 107.59 864.111
v 479.579 109.515 853.084
v 480.647 100.465 869.575
v 469.629 128.1 861.877
v 449.033 111.882 872.091
v 469.657 92.6071 872.087
v 471.136 126.649 868.508
v 454.745 121.689 871.692
v 458.307 130.626 866.875
v 476.4 102.465 873.867
v 452.854 96.3574 872.055
v 443.995 99.2151 876.98
v 462.627 122.672 873.512
v 464.486 86.1743 877.246
v 468.258 117.767 871.586
v 460.581 128.091 877.23
v 448.205 123.28 876.246
v 471.168 88.2703 881.13
v 480.865 99.5861 878.475
v 476.229 118.297 878.212
v 478.723 97.7901 882.954
v 443.018 95.1466 883.578
v 446.276 120.29 883.6
v 436.087 109.13 885.976
v 476.296 118.048 883.091
v 459.992 126.323 883.467
v 440.291 123.544 888.705
v 454.112 85.8348 886.164
v 450.878 88.9621 892.261
v 483.157 95.4679 885.536
v 472.67 85.4287 886.955
v 460 134.824 885.574
v 481.959 122.591 885.373
v 479.451 94.5277 893.564
v 438.834 89.0563 895.668
v 438.881 107.847 893.922
v 483.533 115.576 893.557
v 442.475 97.563 893.563
v 446.619 121.638 894.994
v 454.374 132.405 893.47
v 488.25 89.7706 898.324
v 445.575 80.714 897.706
v 433.461 120.84 902.473
v 433.432 130.049 901.03
v 431.78 98.8765 905.546
v 479.129 100.131 894.262
v 479.364 116.607 894.993
v 437.327 88.8956 906.49
v 433.985 134.896 908.246
v 464.391 137.311 894.683
v 474.979 81.5695 903.307
v 468.684 131.853 892.722
v 454.265 78.8102 909.745
v 469.116 138.609 898.737
v 491.25 82.6802 914.136
v 489.393 116.54 902.456
v 423.107 108.827 902.871
v 474.08 77.4371 913.878
v 426.612 99.4428 923.442
v 427.934 127.013 915.93
v 487.458 130.969 912.059
v 495.581 89.1121 917.564
v 484.195 83.5185 922.792
v 449.774 78.4804 915.848
v 493.746 115.685 909.921
v 467.023 75.2746 921.722
v 494.254 95.9553 917.943
v 441.768 78.904 923.535
v 435.923 87.5651 921.619
v 458.356 146.829 913.25
v 494.997 105.754 912.839
v 444.491 134.301 913.033
v 429.303 113.368 920.742
v 433.297 123.909 925.014
v 460.025 78.118 928.419
v 480.698 138.75 924.961
v 469.837 139.794 917.205
v 431.636 100.226 929.421
v 457.421 140.532 923.39
v 429.045 105.08 934.122
v 489.821 117.632 926.494
v 471.837 84.5075 932.635
v 497.281 106.621 925.437
v 488.892 102.273 931.019
v 484.587 124.119 926.312
v 467.354 134.166 937.966
v 488.583 97.0641 935.522
v 439.387 125.443 939.32
v 483.548 95.5691 940.406
v 482.554 130.547 936.386
v 493.023 110.337 933.35
v 442.081 132.752 944.941
v 455.058 139.503 933.565
v 485.575 108.53 952.244
v 437.065 94.8374 949.958
v 466.827 86.0605 946.614
v 462.765 139.5 950.027
v 480.703 91.3075 958.832
v 485.415 119.339 938.963
v 477.245 84.5727 959.75
v 483.111 128.244 952.599
v 487.598 97.3944 960.396
v 458.864 82.6534 951.209
v 488.59 122.688 953.735
v 441.766 123.681 957.406
v 436.449 120.756 955.923
v 437.313 107.359 949.35
v 469.27 87.1873 966.862
v 458.655 133.349 952.513
v 459.115 85.8571 966.174
v 443.333 103.108 967.624
v 449.409 126.4 964.773
v 460.199 97.0992 975.075
v 461.732 125.382 964.853
v 473.25 128.923 957.177
v 478.491 112.985 973.004
v 469.888 94.9297 976.597
v 468.097 125.835 970.466
v 438.064 111.437 962.016
v 477.581 99.3965 969.516
v 467.483 105.118 992.145
v 457.661 106.173 986.698
v 450.984 114.007 977.845
v 460.027 117.469 982.851
v 453.321 99.3326 975.706
v 466.776 100.273 989.258
v 586.912 -197.221 431.234
v 552.322 -211.127 435.065
v 610.068 -183.435 427.888
v 570.407 -194.483 437.505
v 558.076 -222.261 447.492
v 583.823 -206.189 447.891
v 543.529 -219.706 447.068
v 600.659 -196.148 440.548
v 537.114 -214.987 464.602
v 521.375 -211.205 470.183
v 520.467 -220.459 465.793
v 513.281 -225.83 472.081
v 546.021 -222.834 473.58
v 530.856 -233.547 478.366
v 509.121 -229.407 487.324
v 566.21 -221.25 491.321
v 529.38 -237.562 492.35
v 506.397 -221.51 479.084
v 541.25 -201.769 488.283
v 578.86 -218.938 469.47
v 512.571 -214.817 491.489
v 516.895 -230.627 513.085
v 509.971 -221.462 507.045
v 506.562 -217.301 509.696
v 562.499 -229.571 512.226
v 591.364 -208.747 510.14
v 513.59 -224.409 515.892
v 605.901 -197.498 504.781
v 531.531 -239.134 516.334
v 516.348 -220.849 527.228
v 552.939 -233.326 523.13
v 494.629 -233.429 526.398
v 494.323 -235.037 540.54
v 498.308 -231.035 555.071
v 500.481 -243.539 528.913
v 525.475 -213.821 537.879
v 520.69 -249.929 541.829
v 566.892 -225.681 535.825
v 500.538 -240.648 555.734
v 519.738 -217.749 553.348
v 486.692 -247.01 562.782
v 594.997 -195.049 557.29
v 533.749 -205.449 547.489
v 517.047 -246.63 563.518
v 484.484 -253.362 569.661
v 469.21 -240.607 573.675
v 515.259 -210.667 577.807
v 549.633 -233.303 576.38
v 488.472 -235.854 561.338
v 502.109 -254.685 585.098
v 522.244 -211.525 567.822
v 463.424 -236.863 586.837
v 584.518 -207.122 563.645
v 483.654 -254.518 589.238
v 493.279 -225.336 576.466
v 519.331 -202.384 593.034
v 468.724 -246.859 586.348
v 585.579 -189.691 605.571
v 722.203 -131.599 562.994
v 580.686 -254.195 -199.83
v 579.365 -263.655 -192.964
v 611.531 -329.089 -207.923
v 678.357 -268.652 -195.805
v 574.814 -310.882 -194.223
v 604.068 -243.191 -217.409
v 602.515 -246.073 -200.107
v 594.253 -300.969 -188.079
v 585.283 -327.258 -214.426
v 587.801 -329.032 -187.11
v 583.823 -255.176 -186.661
v 584.862 -279.649 -162.943
v 596.659 -259.811 -178.446
v 599.612 -255.363 -184.819
v 605.133 -300.513 -170.608
v 655.406 -321.929 -155.33
v 592.987 -326.823 -163.955
v 596.629 -291.99 -160.61
v 577.984 -268.257 -161.969
v 662.51 -296.094 -182.198
v 581.368 -262.208 -164.671
v 601.182 -254.992 -175.377
v 618.645 -333.473 -149.71
v 650.086 -326.161 -143.362
v 610.145 -319.266 -166.574
v 615.172 -264.488 -137.162
v 599.932 -326.547 -151.506
v 617.399 -315.545 -151.629
v 674.845 -272.32 -183.862
v 610.012 -298.945 -156.192
v 605.387 -267.026 -152.172
v 670.15 -290.972 -151.821
v 592.949 -281.72 -144.968
v 583.993 -272.543 -143.674
v 639.62 -330.122 -119.865
v 622.107 -295.637 -132.716
v 627.891 -305.72 -134.276
v 598.745 -252.025 -123.29
v 592.646 -269.462 -135.989
v 671.648 -310.415 -111.329
v 648.643 -295.136 -107.044
v 618.131 -265.585 -107.752
v 620.706 -332.331 -127.229
v 611.541 -290.917 -129.444
v 593.659 -272.506 -129.669
v 628.627 -253.538 -123.567
v 678.125 -283.364 -134.052
v 642.892 -325.333 -92.0453
v 626.679 -310.762 -126.314
v 629.115 -284.358 -107.449
v 629.957 -259.676 -124.025
v 647.871 -303.763 -90.8313
v 618.509 -243.879 -109.732
v 685.349 -259.271 -112.21
v 629.296 -277.558 -92.9213
v 604.794 -253.456 -126.459
v 647.688 -252.948 -100.266
v 645.528 -286.773 -101.962
v 689.116 -254.75 -90.4817
v 620.145 -267.403 -101.319
v 636.91 -243.917 -103.03
v 607.562 -240.114 -83.6707
v 658.871 -319.113 -90.5492
v 652.032 -255.954 -84.1754
v 651.874 -271.164 -68.9989
v 642.544 -244.481 -88.5464
v 645.517 -262.663 -72.5203
v 597.66 -244.76 -83.5888
v 647.705 -320.436 -79.548
v 682.419 -276.789 -104.877
v 694.333 -255.201 -62.4709
v 647.716 -304.957 -60.1777
v 647.849 -247.757 -59.626
v 682.572 -291.87 -68.8379
v 640.42 -243.138 -66.0792
v 656.002 -252.718 -68.3001
v 619.976 -232.814 -79.3297
v 638.464 -228.648 -44.7892
v 654.404 -300.805 -37.4425
v 663.985 -304.226 -37.2676
v 658.416 -277.986 -60.994
v 634.564 -226.772 -56.7699
v 635.314 -248.424 -46.8686
v 656.366 -262.226 -57.4478
v 664.926 -256.184 -28.1004
v 688.675 -273.013 -32.2429
v 654.746 -283.262 -49.3905
v 650.349 -281.433 -15.9245
v 659.245 -246.149 -47.8573
v 597.817 -237.195 -38.6687
v 607.927 -213.651 -7.47246
v 632.501 -244.764 -23.2333
v 616.394 -221.445 -42.7936
v 631.914 -240.285 -40.8901
v 656.045 -240.981 -16.9348
v 642.056 -243.968 -16.8877
v 663.343 -242.765 -13.1486
v 584.179 -229.426 -13.227
v 631.457 -233.761 0.326451
v 650.605 -276.69 -16.8202
v 643.47 -233.326 24.4373
v 672.177 -287.541 -11.8438
v 690.899 -255.666 6.63154
v 663.821 -278.299 14.3022
v 653.284 -229.796 26.9518
v 636.928 -210.082 11.4167
v 660.941 -258.61 46.9152
v 658.468 -230.49 27.7086
v 662.763 -245.28 10.5191
v 655.214 -248.722 31.7539
v 630.406 -237.989 12.7965
v 674.553 -268.523 27.5157
v 626.551 -225.544 59.9866
v 638.732 -223.85 59.1557
v 651.232 -202.256 82.5426
v 626.439 -219.043 44.2734
v 658.82 -213.245 64.6978
v 681.206 -243.662 58.2057
v 660.245 -223.611 56.1035
v 658.566 -222.836 71.4618
v 667.441 -250.796 66.9016
v 674.485 -234.676 93.6707
v 664.264 -236.545 88.1654
v 625.597 -213.921 91.8138
v 661.043 -219.506 105.071
v 684.714 -220.651 98.9333
v 638.416 -210.41 94.0176
v 660.63 -198.392 101.195
v 630.694 -200.936 128.494
v 661.766 -206.143 139.698
v 668.198 -219.611 122.269
v 660.647 -173.637 159.048
v 668.34 -178.521 188.676
v 687.965 -177.529 159.777
v 543.495 -288.56 -578.803
v 618.952 -347.754 -578.431
v 603.249 -326.63 -575.539
v 672.075 -374.809 -576.242
v 676.319 -371.099 -562.402
v 631.238 -343.025 -558.493
v 587.961 -301.672 -552.754
v 638.36 -341.377 -539.88
v 614.763 -320.486 -528.853
v 666.586 -352.979 -538.119
v 600.704 -284.656 -517.158
v 638.162 -335.541 -513.619
v 624.056 -320.855 -507.955
v 628.259 -316.736 -481.535
v 650.735 -330.129 -472.164
v 663.632 -346.854 -510.725
v 600.579 -276.176 -476.828
v 654.306 -327.592 -447.096
v 610.118 -291.162 -457.231
v 627.405 -311.148 -451.62
v 636.581 -305.217 -414.443
v 620.698 -278.624 -411.585
v 623.474 -258.338 -396.194
v 632.779 -291.988 -398.841
v 655.287 -307.476 -395.975
v 580.112 -321.568 -375.42
v 651.014 -313.609 -382.588
v 577.848 -318.103 -375.136
v 633.374 -294.403 -383.06
v 588.437 -322.053 -369.153
v 630.502 -326.107 -372.425
v 663.201 -316.683 -376.501
v 625.629 -279.255 -379.549
v 559.143 -314.95 -360.219
v 567.879 -320.214 -365.503
v 611.04 -286.696 -360.719
v 608.67 -319.619 -367.564
v 580.782 -324.537 -361.239
v 634.521 -313.649 -360.719
v 582.443 -302.619 -356.467
v 543.029 -296.316 -345.969
v 648.202 -311.688 -372.005
v 604.911 -270.828 -349.936
v 602.983 -245.271 -361.312
v 549.214 -308.184 -353.313
v 602.414 -321.529 -341.614
v 607.508 -317.141 -356.27
v 675.613 -313.755 -355.95
v 573.189 -321.934 -340.393
v 630.546 -306.261 -345.718
v 655.755 -304.388 -350.688
v 548.432 -304.257 -324.865
v 561.574 -315.771 -333.478
v 537.894 -280.558 -323.854
v 586.904 -246.629 -322.135
v 646.771 -291.373 -296.292
v 620.855 -307.129 -320.385
v 531.652 -291.02 -299.964
v 650.921 -299.345 -319.849
v 637.82 -232.614 -328.616
v 603.815 -313.755 -305.608
v 547.727 -313.432 -291.839
v 547.771 -306.082 -304.49
v 593.423 -254.559 -302.35
v 562.712 -318.185 -297.257
v 558.344 -267.338 -301.372
v 618.074 -306.768 -287.661
v 578.405 -322.165 -311.955
v 541.16 -288.195 -291.69
v 610.063 -248.7 -295.086
v 626.766 -299.549 -281.37
v 579.001 -258.723 -274.216
v 541.999 -305.995 -285.243
v 659.869 -290.293 -302.514
v 578.671 -324.231 -282.392
v 563.713 -264.797 -294.452
v 554.953 -276.133 -267.078
v 565.984 -288.975 -274.835
v 560.081 -323.966 -267.209
v 559.244 -296.003 -278.422
v 591.774 -258.759 -269.958
v 583.129 -327.819 -265.298
v 563.172 -292.745 -255.158
v 567.726 -307.538 -259.474
v 627.994 -236.864 -275.35
v 562.449 -258.523 -270.307
v 596.529 -330.323 -243.629
v 650.29 -292.365 -262.973
v 564.852 -322.078 -254.377
v 553.473 -274.353 -252.542
v 562.718 -307.903 -243.244
v 630.072 -312.799 -247.914
v 556.168 -291.361 -242.344
v 614.346 -237.343 -239.264
v 615.169 -238.489 -245.014
v 581.27 -274.86 -231.106
v 579.027 -279.144 -230.495
v 621.322 -327.675 -213.269
v 576.051 -325.957 -237.192
v 643.579 -299.878 -248.344
v 666.602 -279.983 -235.426
v 608.489 -241.684 -218.983
v 563.903 -287.157 -221.553
v 643.571 -309.079 -208.121
v 587.032 -287.285 -203.998
v 593.391 -243.038 -209.245
v 473.106 -235.276 604.921
v 485.442 -223.502 596.064
v 473.505 -227.98 602.951
v 541.194 -232.435 607.236
v 606.058 -151.258 602.744
v 727.32 -128.139 567.796
v 483.808 -243.639 609.823
v 712.173 -136.526 573.307
v 719.213 -134.433 578.239
v 464.402 -224.743 614.254
v 446.441 -230.762 618.673
v 498.445 -246.515 614.929
v 530.569 -235.567 619.898
v 463.87 -246.096 634.422
v 454.571 -238.933 646.302
v 462.839 -222.883 658.342
v 557.543 -210.864 627.344
v 554.121 -206.419 647.612
v 474.472 -239.72 656.607
v 513.929 -233.845 654.82
v 515.978 -227.135 666.213
v 485.208 -232.38 664.372
v 526.179 -222.17 661.998
v 450.578 -219.251 664.294
v 442.16 -220.028 681.626
v 572.063 -177.86 658.388
v 449.818 -228.44 686.555
v 541.146 -210.164 667.775
v 471.701 -244.741 682.836
v 431.844 -256.037 698.152
v 459.825 -232.356 679.274
v 419.095 -241.576 709.928
v 396.338 -259.154 719.157
v 507.717 -227.139 690.238
v 559.619 -182.563 678.934
v 523.799 -212.063 694.256
v 540.794 -183.588 710.73
v 440.404 -254.201 727.786
v 413.013 -263.599 716.958
v 383.925 -244.641 735.355
v 381.082 -255.096 731.497
v 479.522 -233.436 718.129
v 377.955 -257.097 744.976
v 524.459 -203.265 711.493
v 412.88 -258.784 745.247
v 456.002 -243 737.914
v 368.655 -242.983 753.501
v 391.054 -256.446 759.023
v 431.206 -247.723 753.379
v 508.838 -202.285 731.757
v 384.639 -236.982 767.94
v 399.303 -249.304 769.248
v 402.55 -250.275 774.32
v 450.085 -234.603 768.168
v 359.432 -250.757 800.131
v 401.829 -247.758 797.629
v 466.171 -222.673 765.314
v 441.924 -219.337 803.582
v 485.674 -194.482 773.456
v 369.618 -253.557 804.68
v 417.909 -235.626 805.679
v 718.689 34.0484 126.677
v 803.334 -3.88729 184.282
v 873.047 -82.1493 170.039
v 843.385 -67.8369 151.775
v 825.919 -11.9997 164.524
v 699.334 -158.47 178.292
v 835.362 -97.7878 147.663
v 812.166 -114.026 171.119
v 837.493 -21.9503 145.379
v 806.607 -10.9719 184.254
v 804.436 -1.83548 139.491
v 711.04 58.442 172.934
v 891.251 -73.1918 160.137
v 613.716 52.0313 184.446
v 834.501 -21.2437 165.584
v 738.046 44.6438 137.548
v 804.485 7.12155 172.187
v 886.905 -104.556 158.413
v 866.407 -72.7387 157.879
v 885.148 -57.2884 158.477
v 659.665 68.8295 164.007
v 788.991 -128.27 174.847
v 816.963 -35.1783 140.405
v 761.812 46.555 176.525
v 874.102 -60.1208 164.367
v 840.178 -86.9682 179.587
v 787.262 27.3615 127.354
v 652.252 69.5899 182.568
v 684.315 45.0874 162.758
v 835.455 -88.5292 176.59
v 817.606 -15.3314 172.045
v 719.334 48.1288 182.34
v 778.869 -120.407 193.834
v 693.015 61.6516 185.243
v 821.668 -65.9226 181.102
v 846.448 -122.54 167.222
v 868.613 -87.8186 177.217
v 876.737 -75.9153 190.475
v 823.047 -8.01958 207.932
v 669.899 54.4002 174.801
v 827.017 -84.9221 171.68
v 715.067 -165.406 197.043
v 854.232 -70.1338 186.753
v 814.327 -114.378 197.05
v 851.256 -76.3244 177.611
v 790.701 -112.144 210.396
v 650.234 60.0859 212.354
v 858.596 -59.2021 193.368
v 875.008 -67.4866 194.512
v 711.509 47.1256 184.566
v 776.506 36.2146 196.14
v 821.884 -109.408 204.241
v 862.362 -83.1487 194.799
v 816.937 3.01897 202
v 839.976 -66.9516 204.513
v 695.039 -138.99 216.041
v 824.174 -101.505 210.544
v 789.07 24.7815 215.062
v 766.301 -108.017 237.082
v 851.535 -62.9926 195.93
v 821.837 -33.8595 207.38
v 760.518 46.9398 213.227
v 802.459 2.01542 209.864
v 719.941 -155.421 219.841
v 703.111 69.7883 218.039
v 854.64 -117.418 191.325
v 813.208 -119.029 215.478
v 791.1 18.4493 183.599
v 856.922 -61.4985 241.052
v 858.966 -56.3796 233.651
v 857.197 -61.6867 215.168
v 849.621 -75.8389 222.13
v 765.087 -135.951 223.574
v 866.732 -77.9691 210.176
v 768.251 -129.293 199.214
v 819.68 -110.886 229.451
v 808.805 4.52043 246.36
v 802.965 18.4044 235.333
v 809.852 -112.266 233.7
v 816.11 -64.9255 202.592
v 801.113 -101.394 227.544
v 709.756 -145.183 239.483
v 827.11 -69.4382 168.28
v 613.472 63.4258 213.622
v 702.961 -137.143 229.107
v 726.392 55.4529 215.68
v 825.911 -70.6129 213.33
v 678.392 62.0124 223.594
v 724.127 -136.403 242.126
v 630.968 63.975 257.642
v 756.653 -121.477 249.469
v 658.442 76.2442 221.625
v 707.943 -131.035 267.447
v 756.334 51.799 251.585
v 785.2 24.3955 249.621
v 694.053 80.0247 270.127
v 819.854 -68.1213 213.526
v 700.817 -122.76 254.915
v 715.621 58.8657 217.726
v 672.895 73.0263 262.496
v 802.495 -31.7516 266.822
v 835.544 -57.9872 260.954
v 741.642 -118.474 261.263
v 838.435 -47.5404 229.274
v 705.463 62.7463 235.753
v 794.695 -90.3467 247.679
v 803.604 -85.3161 270.428
v 925.26 -49.112 236.537
v 643.872 59.4408 230.135
v 922.182 2.60151 230.344
v 950.396 27.3102 231.505
v 791.021 -100.554 231.056
v 935.936 -0.102699 230.204
v 769.494 39.6262 238.951
v 681.528 78.071 262.453
v 929.255 -38.6664 231.4
v 941.171 -36.388 235.175
v 838.004 -88.1326 235.264
v 689.353 -117.989 258.713
v 849.066 -42.4931 251.974
v 624.808 66.4363 253.085
v 701.073 -124.39 270.233
v 900.783 -37.261 241.168
v 818.02 -31.1299 257.115
v 755.99 -106.664 256.216
v 775.946 41.5482 249.31
v 956.26 22.0136 232.233
v 889.632 -57.5056 252.397
v 962.856 33.1843 233.101
v 922.968 -54.8931 252.242
v 624.181 70.2905 264.165
v 924.605 12.5998 239.873
v 821.904 -90.0882 227.311
v 784.829 -60.5272 294.444
v 956.926 19.563 238.463
v 935.263 16.3435 243.475
v 807.579 -77.46 260.646
v 808.152 -60.9439 276.936
v 832.679 -29.8926 260.926
v 947.121 -47.7842 244.054
v 942.229 4.74182 235.98
v 952.52 -15.0606 251.989
v 901.42 -65.1623 257.864
v 893.282 -27.1116 246.327
v 806.572 -38.0254 228.581
v 955.451 37.0286 239.893
v 982.809 -29.1854 253.968
v 775.104 -101.659 247.154
v 899.488 -11.6022 250.325
v 940.157 8.99938 245.798
v 742.614 -104.84 290.83
v 941.799 -16.5221 244.305
v 654.767 78.5417 251.143
v 825.838 -36.0442 260.577
v 967.802 -40.4316 257.999
v 862.313 -46.4786 270.028
v 820.837 -22.2079 275.099
v 826.391 -61.4124 268.624
v 924.811 10.0519 253.6
v 944.802 2.60019 256.419
v 937.671 10.0353 262.675
v 805.249 -22.6995 273.543
v 925.302 1.40531 265.425
v 967.723 -10.8695 252.984
v 994.433 -24.0937 253.36
v 739.281 -85.9119 298.818
v 970.319 -4.50862 258.916
v 690.488 -96.7376 296.626
v 752.231 -87.8319 283.652
v 997.438 10.6458 251.286
v 795.089 -8.00761 266.959
v 963.982 -33.1627 263.535
v 847.81 -49.6823 256.311
v 1003.24 -26.5384 258.702
v 777.676 -65.6312 292.968
v 987.389 -28.5957 254.342
v 633.71 75.9666 297.198
v 694.828 -97.5177 306.609
v 957.76 5.46464 260.871
v 653.706 77.6262 277.131
v 896.683 -70.6286 283.147
v 1010.92 6.09514 256.083
v 999.196 12.6682 256.256
v 924.213 -42.2045 266.308
v 796.988 -62.4138 297.649
v 813.519 -16.631 272.397
v 1000.71 -17.9697 258.887
v 983.41 -35.4725 266.19
v 973.654 -0.0244731 263.546
v 673.643 -90.774 307.034
v 974.603 -26.2552 263.251
v 767.15 -66.4905 309.314
v 1008.77 14.7064 255.309
v 908.43 -14.7007 265.582
v 711.134 74.2879 270.677
v 815.898 -24.1318 288.202
v 692.644 80.2454 301.201
v 952.528 -17.162 273.393
v 719.456 -97.063 296.573
v 919.903 -21.5977 270.69
v 998.611 -24.0281 266.301
v 910.201 -28.1551 274.972
v 946.134 -8.35159 276.344
v 985.16 -16.5221 267.632
v 978.206 -1.57176 264.988
v 963.597 5.93398 267.175
v 852.816 -62.2032 276.225
v 871.53 -29.5348 272.676
v 780.264 39.5935 288.223
v 989.634 -8.41399 267.823
v 657.189 83.1128 279.51
v 952.696 13.8672 271.586
v 754.8 50.4302 274.427
v 998.913 14.3735 265.367
v 762.797 -86.0897 288.571
v 675.126 81.4148 291.239
v 836.209 -55.0877 293.981
v 1008.87 10.5509 269.051
v 821.253 -51.3832 317.587
v 994.242 20.1595 271.207
v 729.157 67.305 295.885
v 962.576 4.31872 287.785
v 770.946 41.1189 290.246
v 704.057 -107.589 295.377
v 975.415 -9.93903 270.18
v 735.374 -74.2388 313.722
v 750.791 -70.5261 315.262
v 847.622 -79.7576 286.897
v 688.078 86.6122 299.389
v 803.523 -69.5002 288.663
v 801.024 -44.9655 294.025
v 969.466 19.2746 279.38
v 776.882 18.8252 313.786
v 982.897 10.0944 276.28
v 898.231 -52.9613 291.601
v 879.754 -26.0871 291.973
v 980.305 -3.29074 280.515
v 969.002 6.75192 274.547
v 674.977 87.5797 291.054
v 1010.3 13.0394 277.082
v 988.115 31.6333 294.836
v 963.255 -1.35614 277.87
v 810.022 -81.7039 320.546
v 733.289 -94.0377 311.056
v 706.921 81.1242 311.502
v 877.16 -24.3576 279.538
v 889.543 -33.8369 295.66
v 718.962 73.5168 299.132
v 782.21 -122.16 312.426
v 788.401 18.6417 290.095
v 685.634 -73.6071 334.671
v 786.914 2.37741 325.343
v 784.594 -111.164 313.954
v 794.71 2.94695 294.956
v 992.022 25.3285 288.238
v 778.668 -49.4035 306.224
v 691.08 -73.4497 339.932
v 989.006 31.0949 288.436
v 681.887 87.8121 308.737
v 850.907 -93.0418 301.125
v 741.432 -56.0471 330.825
v 987.238 19.3705 293.363
v 747.525 61.7814 306.678
v 783.205 15.0727 309.989
v 981.883 21.8893 296.423
v 714.214 -66.3453 339
v 730.577 -60.8545 330.996
v 766.085 -110.267 333.877
v 763.848 -46.0783 325.5
v 661.829 88.668 320.434
v 789.092 -116.421 328.421
v 792.231 -100.811 321.22
v 835.321 -39.9068 321.276
v 729.198 67.2384 333.592
v 784.562 -21.1292 319.122
v 827.189 -104.146 334.258
v 727.76 70.7678 297.278
v 815.841 -93.4228 322.609
v 703.966 -68.865 334.257
v 787.154 -109.221 328.961
v 762.28 -124.222 342.173
v 765.402 46.7249 321.577
v 801.771 -81.687 330.78
v 637.855 79.584 317.804
v 857.542 -96.2551 317.396
v 797.122 -81.3351 342.248
v 738.986 -67.9626 332.434
v 767.221 -45.204 330.622
v 733.583 -76.6441 337.162
v 770.299 -24.4029 326.028
v 762.118 -61.1868 331.936
v 686.27 -88.1854 342.009
v 766.529 -35.2013 327.33
v 718.044 -70.2912 340.713
v 726.387 71.0155 330.154
v 775.658 23.8765 335.569
v 695.406 -75.4934 346.628
v 782.177 -21.8458 334.016
v 767.959 31.6291 330.793
v 707.244 -66.9494 344.082
v 859.865 -94.1983 331.308
v 647.935 80.6856 342.354
v 700.299 -75.4622 345.527
v 793.777 -96.3022 346.854
v 697 87.3915 343.627
v 765.304 36.2761 339.274
v 692.918 -82.6818 351.44
v 795.489 -90.642 350.099
v 808.243 -54.2483 344.295
v 800.819 -110.841 348.338
v 774.951 -27.6536 343.243
v 620.439 48.4191 363.315
v 770.438 -3.9001 341.519
v 658.839 85.9523 332.182
v 679.223 90.5301 334.985
v 769.507 -15.4028 334.224
v 700.732 86.3796 326.23
v 654.112 79.7864 328.697
v 786.02 -59.0861 341.315
v 825.909 -45.6496 355.187
v 709.706 -91.4068 350.147
v 785.856 -14.8776 345.427
v 709.673 -104.162 366.55
v 690.484 -88.9303 361.879
v 721.41 -86.2388 355.005
v 763.347 -63.2659 354.57
v 768.686 -34.4726 347.494
v 739.726 -79.7274 357.582
v 703.897 -83.8165 348.427
v 814.608 -41.8723 351.508
v 670.427 84.2242 339.871
v 852.893 -91.8479 353.979
v 784.674 -24.6341 342.319
v 834.878 -103.078 356.698
v 756.425 -69.2415 362.715
v 778.881 -1.92651 344.892
v 723.003 -105.373 368.23
v 785.66 -10.2326 361.046
v 848.41 -54.116 361.014
v 661.03 79.1587 364.694
v 698.186 -92.8243 379.075
v 743.261 51.7398 357.395
v 762.541 -78.1918 361.898
v 864.932 -63.2152 344.116
v 690.123 86.201 350.609
v 763.378 10.1112 354.621
v 732.302 67.1457 337.527
v 738.507 -92.4786 361.765
v 771.862 7.53064 352.565
v 684.614 85.5967 348.363
v 828.318 -35.2583 361.198
v 757.66 -120.274 366.59
v 756.68 -106.999 384.856
v 805.557 -36.0725 358.405
v 666.1 82.7546 365.621
v 751.01 -75.2207 377.075
v 775.569 14.6389 360.062
v 839.38 -65.8464 379.05
v 704.851 -109.274 390.113
v 734.039 62.1246 369.383
v 634.929 67.2425 363.083
v 689.486 80.5424 364.049
v 640.531 70.225 370.915
v 766.52 14.2537 373.204
v 784.577 10.9818 362.944
v 749.116 43.1334 359.303
v 838.204 -101.41 372.87
v 759.16 20.8763 358.919
v 703.95 -94.196 380.772
v 763.931 -90.1577 376.503
v 730.796 -109.541 383.777
v 837.019 -49.687 364.85
v 736.733 -100.579 372.895
v 720.663 76.9461 362.7
v 788.444 -25.4867 390.013
v 839.483 -90.2521 373.498
v 731.454 69.4206 358.004
v 678.746 84.4807 366.487
v 830.804 -32.7903 374.918
v 783.7 -36.2009 355.305
v 821.346 -26.663 369.243
v 824.921 -20.4886 367.608
v 654.945 79.2238 376.156
v 745.927 -91.1251 399.582
v 755.449 -82.3067 388.375
v 759.101 -122.19 394.55
v 830.386 -107.159 366.449
v 752.684 -86.2481 396.833
v 698.984 -98.1767 393.899
v 833.479 -83.3283 385.009
v 782.58 0.597717 386.222
v 766.972 15.092 384.875
v 766.075 50.8704 382.128
v 716.214 74.2159 369.227
v 690.92 82.2308 374.068
v 849.695 -35.469 374.113
v 752.072 30.6016 376.796
v 672.06 80.8162 378.45
v 766.909 -21.7321 385.455
v 744.96 43.1678 379.723
v 771.823 37.0378 369.285
v 828.087 -22.4091 382.763
v 823.451 -5.81306 386.92
v 723.76 66.6753 375.083
v 858.76 -45.449 378.943
v 695.941 -99.8451 402.83
v 650.023 75.0867 382.279
v 840.225 -18.8978 377.566
v 838.533 -57.9801 379.92
v 739.557 -120.951 411.682
v 681.757 82.7141 380.848
v 631.884 63.0023 391.195
v 838.98 -79.472 390.135
v 813.046 -18.0321 387.829
v 720.728 66.1843 386.284
v 772.542 28.0246 369.991
v 819.755 -10.3932 379.314
v 636.783 63.6798 390.702
v 665.03 74.4332 394.979
v 736.757 51.434 386.003
v 694.868 75.4471 395.328
v 772.148 5.96961 389.979
v 727.801 65.9175 387.5
v 778.159 -118.307 397.341
v 731.438 61.1909 395.05
v 739.807 68.9562 391.905
v 875.164 -52.7459 395.49
v 769.722 49.1894 395.425
v 817.307 -12.28 403.334
v 728.271 75.7076 394.212
v 637.249 78.6867 401.491
v 836.124 -5.19415 391.241
v 831.181 -3.43241 393.149
v 745.62 -127.704 418.13
v 841.12 -37.2296 399.512
v 666.833 83.3623 397.982
v 774.968 7.29925 419.516
v 690.766 81.3633 397.551
v 873.864 -63.3947 396.44
v 644.029 74.2387 393.204
v 851.029 -87.8762 402.957
v 711.436 79.2033 390.463
v 779.016 -2.64175 408.923
v 767.574 9.65585 418.181
v 883.657 -80.5693 403.909
v 851.388 -49.4781 399.353
v 762.371 22.4558 400.853
v 739.086 -129.519 424.102
v 833.958 -12.3915 423.908
v 878.174 -82.2325 417.568
v 694.988 86.9505 408.346
v 670.175 91.0937 402.705
v 733.303 71.9257 407.44
v 799.719 -11.1433 407.923
v 724.587 67.1432 404.362
v 774.541 -121.342 428.693
v 636.403 65.6365 405.591
v 783.262 -112.183 412.943
v 645.017 70.0916 423.581
v 852.672 -68.1846 422.012
v 712.76 83.3336 408.372
v 648.906 81.1198 409.732
v 710.852 -120.768 432.157
v 636.632 80.0337 410.323
v 664.141 88.6101 412.286
v 708.783 84.0388 420.188
v 869.238 -71.6015 415.398
v 774.895 -2.15202 429.987
v 774.492 -8.23827 411.965
v 755.057 51.5665 403.511
v 777.375 -14.7085 396.118
v 806.144 -6.96332 422.918
v 768.088 46.7246 407.625
v 785.646 -9.40908 422.221
v 869.362 -72.4395 426.792
v 779.262 -108.863 472.804
v 779.712 5.30295 447.623
v 671.677 82.8274 419.162
v 848.916 -64.4261 446.082
v 714.971 71.8286 421.565
v 725.421 -131.296 458.715
v 842.613 -92.3964 445.026
v 821.27 -88.863 441.601
v 775.986 -110.117 433.365
v 687.725 64.509 483.692
v 740.056 54.7815 423.915
v 856.954 -62.638 451.967
v 765.216 20.1427 451.184
v 804.081 -97.9121 462.254
v 654.225 70.073 475.519
v 760.475 28.9189 440.968
v 718.835 71.5898 437.484
v 674.118 73.4594 447.7
v 647.707 68.4972 438.699
v 841.791 -61.5021 434.788
v 828.499 -42.3799 462.634
v 790.244 -1.66473 449.295
v 828.222 -75.3122 462.967
v 640.628 80.3629 425.495
v 784.119 -93.2873 465.542
v 775.328 4.18986 445.729
v 832.622 -29.0727 431.071
v 744.823 52.0168 439.958
v 818.657 -9.94403 444.386
v 821.007 -90.2979 474.168
v 694.589 79.801 447.224
v 685.508 72.6798 474.356
v 804.662 -0.225084 462.277
v 662.548 72.4107 452.202
v 804.847 -1.73112 476.687
v 828.187 -11.9164 450.448
v 753.967 54.1769 438.734
v 770.191 11.864 480.605
v 654.901 61.8651 482.704
v 768.633 24.468 470.305
v 751.826 -106.521 465.46
v 801.462 -83.6798 488.822
v 819.878 -17.3254 472.956
v 754.28 -100.281 479.426
v 735.148 -142.703 500.252
v 718.449 63.1462 463.319
v 784.164 -84.2114 507.701
v 754.064 -98.509 500.6
v 814.965 -68.9177 476.275
v 761.545 44.7645 448.139
v 816.106 -2.02782 474.06
v 773.968 18.5177 475.288
v 735.189 58.8896 485.793
v 780.033 -95.9647 503.563
v 787.081 15.5461 493.502
v 779.121 15.1954 477.596
v 831.249 -31.0068 495.214
v 817.766 -51.2344 495.659
v 763.088 -96.4707 509.736
v 700.116 65.7241 486.132
v 670.623 58.291 509.012
v 770.158 29.1925 488.588
v 760.967 29.537 485.399
v 750.029 -90.9446 528.345
v 744.149 45.4276 498.306
v 805.934 0.0811802 486.289
v 772.221 21.925 498.482
v 650.017 59.3955 492.812
v 813.173 -71.7747 495.722
v 727.721 58.89 500.192
v 667.898 46.8702 519.408
v 829.836 -42.0623 478.945
v 663.404 57.3707 503.53
v 751.553 42.2284 501.378
v 818.124 -60.8006 501.337
v 793.466 -74.8404 514.025
v 692.646 57.2275 506.383
v 814.475 -16.0362 512.236
v 778.875 24.7598 502.366
v 756.441 30.5279 508.637
v 778.077 21.491 510.394
v 766.379 -89.9864 508.82
v 808.591 4.32538 499.565
v 662.968 45.8085 521.259
v 647.639 54.5817 509.174
v 787.373 13.3623 515.22
v 819.567 -18.6582 515.004
v 693.545 45.6917 529.357
v 669.964 46.2761 524.62
v 768.019 -110.559 526.465
v 782.603 -65.7424 537.17
v 754.011 -86.7023 522.852
v 766.049 30.9382 523.119
v 664.927 43.0292 527.383
v 816.264 -38.6038 510.548
v 766.596 15.4067 537.566
v 668.133 44.3146 528.258
v 797.902 -52.9323 536.622
v 721.609 44.9902 524.014
v 806.935 -5.70275 535.092
v 794.664 13.3395 522.869
v 753.218 25.4799 528.154
v 755.494 -101.295 533.034
v 763.596 -74.534 542.422
v 809.845 -23.1512 535.141
v 718.079 45.9533 532.351
v 792.925 -18.9868 556.526
v 746.913 19.9012 541.823
v 740.644 -82.5678 565.51
v 703.342 30.807 552.998
v 743.836 -73.0347 562.368
v 750.802 -72.8472 -250.719
v 658.766 -96.4747 -233.107
v 655.619 -83.0971 -241.124
v 641.737 -141.374 -203.012
v 643.483 -164.103 -216.696
v 740.095 -99.4716 -222.211
v 615.585 -92.3008 -240.393
v 787.534 -105.281 -255.407
v 664.199 -70.9276 -248.463
v 602.423 -87.3629 -195.63
v 751.86 -108.56 -213.634
v 719.63 -56.1558 -225.174
v 786.727 -110.285 -226.008
v 641.176 -151.846 -228.812
v 714.004 -13.7531 -234.619
v 781.536 -147.068 -216.48
v 732.962 -70.012 -236.146
v 757.353 -59.3199 -236.266
v 761.401 -124.107 -227.727
v 652.929 -78.5121 -208.343
v 810.035 -159.229 -226.478
v 636.676 -135.469 -212.876
v 748.628 -106.373 -231.511
v 646.148 -85.3 -189.519
v 786.492 -119.183 -224.367
v 641.383 -102.309 -208.674
v 777.52 -112.891 -225.4
v 827.855 -156.033 -219.708
v 743.033 -70.5052 -215.82
v 789.709 -152.46 -212.628
v 781.29 -114.219 -196.892
v 758.58 -85.8211 -197.904
v 779.302 -131.415 -225.217
v 653.611 -20.9943 -199.714
v 758.861 -122.443 -196.892
v 715.051 -43.2236 -218.881
v 668.886 -24.0111 -210.986
v 818.236 -126.341 -188.206
v 637.32 -156.905 -181.572
v 701.158 -24.7436 -233.243
v 754.699 -117.693 -175.145
v 740.542 -73.2306 -185.602
v 803.61 -133.457 -196.008
v 649.916 -39.3401 -200.707
v 679.324 -23.4591 -196.845
v 733.832 -73.583 -176.427
v 635.083 -147.754 -200.188
v 708.628 -15.2354 -240.731
v 723.874 -16.2732 -206.888
v 724.771 -4.61365 -178.614
v 745.198 -110.484 -180.157
v 756.126 -58.1194 -213.018
v 602.69 -71.9014 -156.326
v 784.429 -118.546 -203.777
v 726.991 -70.2078 -214.795
v 640.176 -90.4029 -171.893
v 777.083 -137.578 -192.767
v 780.677 -124.154 -169.23
v 747.617 -102.451 -178.86
v 770.866 -116.512 -172.803
v 751.246 -111.776 -181.093
v 765.668 -64.7123 -185.78
v 793.758 -145.077 -199.138
v 720.828 -6.17348 -179.841
v 718.778 -46.6515 -172.792
v 755.191 -56.1086 -174.971
v 721.017 -60.3914 -182.417
v 760.317 -56.4112 -180.308
v 746.426 -63.5345 -147.941
v 707.079 -23.2512 -192.722
v 663.707 -14.9512 -165.984
v 698.224 -27.4135 -178.987
v 830.499 -122.829 -176.261
v 647.116 -77.2486 -180.78
v 775.188 -110.124 -151.629
v 737.707 -69.4598 -139.794
v 819.647 -100.139 -159.001
v 709.748 -19.3404 -132.285
v 759.781 -88.0732 -149.51
v 725.202 5.26426 -119.493
v 635.074 -48.4362 -146.065
v 844.191 -132.378 -151.129
v 802.503 -90.7644 -149.801
v 730.575 -11.1987 -152.594
v 729.26 1.966 -136.982
v 640.15 -32.7182 -148.73
v 653.756 -5.51582 -153.495
v 756.043 -92.1552 -128.497
v 628.549 -84.0346 -143.548
v 757.535 -105.158 -142.186
v 754.441 -48.7252 -119.728
v 631.109 -68.4863 -112.468
v 724.973 -61.277 -144.953
v 841.672 -129.354 -146.486
v 725.895 -28.4675 -132.406
v 764.33 -66.6164 -125.303
v 612.444 -69.7711 -124.63
v 658.796 -2.01327 -137.605
v 632.403 -56.6389 -119.229
v 817.623 -76.0076 -118.553
v 798.598 -63.3385 -122.087
v 788.859 -89.2657 -142.884
v 735.982 -60.2942 -97.7768
v 703.592 -22.0582 -119.11
v 723.457 -38.3317 -87.0548
v 633.085 -34.5925 -98.5417
v 622.589 -62.6038 -91.1985
v 829.03 -92.9555 -122.318
v 722.547 -41.6042 -114.703
v 671.458 -11.0815 -120.423
v 764.561 -68.0058 -103.965
v 830.05 -116.515 -99.1097
v 763.481 -53.8914 -127.605
v 692.456 -22.5356 -124.633
v 785.392 -35.0458 -91.2955
v 836.398 -110.638 -121.62
v 841.343 -121.822 -83.1354
v 816.66 -67.7527 -88.4022
v 627.714 -44.2082 -74.6484
v 705.421 -14.0123 -84.8172
v 801.881 -54.0105 -103.668
v 827.73 -86.3337 -82.3365
v 828.52 -95.8596 -99.7742
v 614.788 -55.5477 -79.2089
v 748.828 -46.4852 -87.5021
v 653.919 10.113 -104.906
v 659.237 20.1918 -65.3516
v 754.937 -45.3088 -77.871
v 771.533 -32.4075 -82.8554
v 728.544 -28.5669 -86.3092
v 647.185 -7.59646 -72.8468
v 839.53 -118.98 -97.5808
v 841.081 -97.1291 -59.4631
v 836.169 -96.5962 -85.5993
v 830.454 -75.6942 -74.2854
v 652.974 25.2876 -49.5959
v 630.4 -28.3103 -59.8854
v 670.747 4.74294 -81.3339
v 827.023 -123.639 -58.8719
v 853.552 -114.579 -55.5102
v 909.16 -102.584 -58.4766
v 806.798 -29.525 -57.4592
v 793.422 -17.2416 -62.568
v 748.03 -38.5955 -65.8512
v 900.04 -110.386 -69.5771
v 648.123 0.467408 -52.0887
v 649.007 17.0271 -48.3336
v 694.473 -12.786 -55.7034
v 729.52 11.6824 -87.2704
v 905.35 -99.4416 -59.5436
v 615.542 -33.5145 -28.281
v 827.353 -108.259 -43.2759
v 726.628 15.9916 -61.6438
v 826.273 -130.918 -52.0291
v 826.05 -105.945 -46.3047
v 836.387 -98.3365 -51.1122
v 688.6 -7.62144 -36.9161
v 925.263 -106.852 -36.232
v 832.517 -110.104 -43.1114
v 775.431 -9.21202 -58.5647
v 736.217 -0.595011 -72.7458
v 759.454 -18.14 -62.1452
v 737.053 8.09399 -24.0931
v 728.153 -13.2983 -27.4743
v 866.06 -103.314 -29.8826
v 723.746 -31.1359 -51.0475
v 801.658 -24.6569 -44.2965
v 622.314 -20.6919 -14.4036
v 822.395 -59.7777 -8.26154
v 923.158 -104.161 -37.2228
v 869.43 -116.978 -22.2299
v 830.984 -101.01 -11.7807
v 816.518 -55.2211 -31.8901
v 678.939 -3.43808 -57.2261
v 894.825 -109.11 -20.8761
v 828.61 -109.547 -12.3675
v 787.801 -6.022 -32.5877
v 741.942 -21.2783 -23.6186
v 710.887 5.88998 -22.5024
v 835.448 -78.6327 -36.1636
v 646.406 6.71478 -13.8263
v 820.999 -77.3923 -21.3472
v 817.765 -88.0286 -16.9561
v 836.467 -84.1715 -9.91139
v 833.673 -85.4907 -14.9108
v 670.203 16.5049 -25.676
v 659.014 37.4674 2.13028
v 796.748 -10.1473 -12.5976
v 611.294 -16.6827 17.8742
v 925.163 -102.907 -13.2104
v 835.368 -115.009 -19.2384
v 898.572 -95.8115 -9.21295
v 650.159 34.4983 3.13158
v 693.444 0.290549 14.4642
v 687.211 0.890531 7.16839
v 725.097 27.4535 -3.66063
v 887.063 -111.252 -9.87944
v 922.847 -89.0372 -15.142
v 833.747 -94.6464 17.0362
v 869.558 -104.7 -0.528024
v 729.15 27.5184 11.2793
v 820.935 -94.227 -20.1697
v 766.156 10.6688 8.3786
v 815.212 -55.0837 5.1455
v 750.883 0.716486 -5.54908
v 712.108 23.0847 11.5111
v 822.714 -43.0092 -0.727475
v 907.54 -83.1162 -7.97537
v 628.555 -8.18993 -15.306
v 918.375 -91.7092 8.85538
v 852.383 -95.7838 -14.7423
v 681.557 9.08825 -1.2349
v 734.87 -10.5298 14.5525
v 728.6 -12.7996 3.8524
v 869.713 -94.6747 10.7291
v 832.778 -76.3455 20.5578
v 817.182 -72.5078 7.03671
v 864.291 -87.8615 19.7592
v 885.681 -85.7031 -1.18979
v 734.008 18.7561 26.4569
v 822.97 -67.3326 18.7323
v 663.104 37.4546 19.4934
v 877.162 -83.8092 8.9813
v 853.951 -80.3168 11.0516
v 811.529 -20.4032 25.5971
v 817.698 -55.4416 27.7746
v 900.919 -94.8809 14.6936
v 699.076 14.5081 44.9957
v 888.795 -90.033 10.0268
v 881.638 -98.0705 22.9439
v 868.479 -83.1569 22.4306
v 902.52 -112.72 11.5916
v 730.216 -6.20031 25.7391
v 828.425 -91.208 19.2257
v 833.205 -70.6441 5.38978
v 729.536 7.75157 37.7185
v 912.632 -92.5656 16.1979
v 873.161 -87.5856 33.6442
v 816.852 -41.6419 29.8427
v 863.692 -79.2427 51.1895
v 767.53 28.1941 68.6574
v 817.448 -41.091 54.0891
v 655.547 46.7921 48.3085
v 902.559 -100.265 47.1617
v 795.425 9.95421 56.2809
v 855.104 -68.3104 36.2293
v 829.841 -52.221 57.2017
v 671.473 21.1608 42.3388
v 884.522 -100.656 29.2575
v 807.722 -20.0543 50.0889
v 738.371 3.68381 30.8176
v 683.447 12.3472 50.6066
v 902.893 -88.7472 29.4243
v 731.088 13.0683 61.6332
v 621.444 9.32033 44.8602
v 784.628 10.3521 21.3534
v 755.65 27.1811 66.743
v 875.681 -92.7117 51.4471
v 891.231 -92.3734 52.5027
v 808.245 -10.0119 78.2082
v 824.92 -50.5917 36.6156
v 828.698 -44.2543 52.4753
v 646.769 23.7159 39.6974
v 928.421 -85.8349 51.2885
v 859.809 -67.7744 56.2474
v 844.132 -58.3402 61.4901
v 648.212 33.1851 66.0547
v 909.914 -86.6911 49.275
v 882.526 -96.7634 54.9145
v 887.364 -99.6133 73.7197
v 893.637 -77.8284 60.2155
v 645.982 37.4878 103.465
v 912.223 -91.0275 70.2568
v 697.824 28.866 65.2879
v 895.487 -86.0896 83.8351
v 744.553 19.732 55.1711
v 817.511 -59.796 90.5351
v 724.496 29.1627 114.801
v 852.681 -52.8583 98.4601
v 665.63 39.1892 59.2429
v 870.001 -94.669 91.505
v 683.241 23.5806 89.1253
v 689.541 22.7441 83.2916
v 847.42 -42.4594 95.6727
v 652.794 54.0676 87.2136
v 888.735 -73.2923 71.2946
v 860.938 -85.8853 83.5523
v 800.627 0.63662 63.1579
v 908.031 -87.5558 80.3049
v 820.036 -69.4562 60.8617
v 780.35 25.9532 77.2714
v 720.813 41.8801 77.3746
v 835.279 -119.447 109.298
v 898.487 -68.2508 80.415
v 884.767 -73.7005 96.6812
v 621.309 23.257 84.4926
v 875.89 -99.5198 73.6516
v 688.056 37.8785 118.355
v 726.294 24.3024 89.4119
v 820.709 -55.5711 101.914
v 875.977 -110.338 103.512
v 896.196 -84.7288 96.6905
v 899.194 -65.6562 90.2114
v 854.428 -91.4745 112.305
v 817.556 -16.425 112.422
v 823.948 -114.926 104.23
v 674.648 33.6852 105.874
v 818.632 -21.069 120.447
v 908.153 -73.2597 102.405
v 899.702 -94.9788 103.92
v 648.936 49.4536 154.981
v 825.372 -112.589 121.541
v 811.842 -17.4392 94.9817
v 660.688 56.6996 101.976
v 909.432 -72.4327 112.428
v 706.764 44.4132 111.298
v 897.272 -85.7189 106.941
v 861.538 -94.1881 113.104
v 714.769 52.6594 133.065
v 835.329 -37.4937 112.363
v 892.796 -74.3594 114.452
v 875.104 -74.6575 120.609
v 849.152 -90.3247 124.286
v 906.675 -79.4254 116.575
v 878.471 -79.6176 100.183
v 815.039 -119.133 147.427
v 821.005 -117.989 149.142
v 607.589 40.2 148.477
v 773.906 -129.877 180.048
v 828.907 -76.8223 163.811
v 677.598 40.3488 142.549
v 864.724 -76.2246 146.463
v 811.312 -33.0598 133.753
v 885.871 -73.7609 129.276
v 704.412 -154.653 186.549
v 901.767 -66.4107 137.369
v 888.247 -92.5599 126.351
v 761.496 43.852 135.437
v 719.435 39.5073 152.084
v 803.424 -112.168 187.015
v 542.908 -33.2389 -578.005
v 720.702 74.1204 -600.19
v 538.63 -56.6714 -575.591
v 614.97 58.6443 -580.964
v 646.12 62.7845 -577.477
v 571.451 -4.18952 -575.999
v 599.096 31.9857 -575.545
v 558.159 -47.4682 -561.588
v 927.984 -18.0859 -599.875
v 741.298 78.1023 -575.194
v 936.789 -93.3758 -572.969
v 604.126 46.6425 -577.795
v 787.496 83.7688 -575.518
v 582.677 -6.47472 -558.112
v 571.578 -62.6054 -537.048
v 604.51 28.6633 -554.498
v 872.331 23.5266 -571.365
v 655.619 59.9687 -574.446
v 720.501 70.5083 -573.503
v 919.977 -42.8908 -569.903
v 925.817 -18.5941 -572.356
v 777.912 69.7676 -572.259
v 692.377 68.4877 -562.467
v 586.276 -55.0438 -520.174
v 928.149 -91.3109 -556.309
v 858.268 29.2348 -569.975
v 668.727 60.0845 -540.945
v 812.532 59.4318 -571.758
v 747.954 64.4551 -552.645
v 934.392 -122.959 -552.996
v 907.415 -14.7596 -569.748
v 592.523 6.97593 -543.691
v 717.717 69.083 -557.462
v 863.713 18.472 -548.078
v 845.767 38.8597 -549.832
v 914.451 -56.5716 -550.666
v 583.478 -75.0322 -511.25
v 790.486 62.5571 -554.702
v 621.904 36.6448 -541.529
v 606.314 13.1046 -519.122
v 902.532 -46.7438 -538.437
v 810.587 55.903 -548.651
v 594.749 -7.61492 -517.841
v 883.421 -5.90069 -550.415
v 829.602 34.4368 -525.655
v 926.585 -135.179 -516.837
v 919.642 -96.0207 -515.346
v 877.877 -26.2869 -519.185
v 641.529 32.6795 -517.028
v 684.938 59.035 -525.023
v 667.071 45.274 -517.226
v 704.061 64.7681 -528.807
v 755.595 48.557 -525.201
v 640.953 33.8736 -497.888
v 619.966 12.3418 -504.736
v 591.829 -62.8381 -492.38
v 786.846 45.4469 -524.432
v 911.569 -69.7786 -525.547
v 839.856 14.2737 -511.972
v 682.947 47.2314 -511.922
v 608.721 -13.1613 -492.217
v 856.774 -5.55856 -509.374
v 615.922 -39.6788 -469.646
v 655.546 43.31 -497.802
v 748.67 29.5428 -484.553
v 761.612 33.1236 -505.945
v 882.889 -42.8991 -508.878
v 819.845 8.24818 -490.384
v 726.828 48.0132 -506.148
v 814.646 19.5458 -511.847
v 634.093 17.5371 -480.858
v 567.057 -105.57 -479.125
v 706.198 42.6044 -497.915
v 907.56 -110.19 -478.97
v 588.073 -76.5276 -485.021
v 684.184 48.7008 -495.593
v 901.569 -71.569 -489.915
v 801.335 22.3972 -496.074
v 846.531 -18.7195 -491.092
v 694.65 38.9492 -474.631
v 856.954 -48.1312 -481.658
v 602.786 -71.5319 -466.613
v 658.832 21.5765 -463.406
v 734.516 20.9083 -471.216
v 626.404 -13.2702 -467.879
v 880.697 -84.0989 -471.435
v 797.938 11.6875 -478.077
v 722.037 24.9052 -463.589
v 859.356 -80.6192 -469.047
v 658.828 10.1412 -455.943
v 657.082 24.5311 -458.51
v 781.23 -1.6411 -457.244
v 689.252 22.5887 -458.166
v 847.168 -58.2445 -461.91
v 666.589 23.4131 -462.721
v 731.727 1.70415 -448.412
v 653.7 2.3643 -454.139
v 661.349 20.3251 -451.54
v 614.629 -104.766 -430.222
v 652.249 0.86889 -447.019
v 655.198 -5.36565 -448.723
v 661.809 7.72171 -445.222
v 655.704 16.1002 -456.428
v 673.349 16.1029 -454.012
v 652.393 -14.6196 -446.653
v 627.223 -80.7768 -437.943
v 879.262 -115.589 -453.771
v 681.82 37.4338 -448.69
v 657.566 -6.24698 -442.609
v 820.691 -16.4543 -465.152
v 664.704 -49.2966 -426.43
v 843.17 -73.9027 -440.953
v 673.079 18.8606 -445.126
v 694.309 26.3645 -447.727
v 699.393 13.9702 -449.081
v 680.462 5.18291 -436.142
v 675.332 13.531 -441.707
v 682.214 28.6063 -442.06
v 661.994 -7.93529 -427.451
v 600.371 -131.396 -418.259
v 661.313 -26.3172 -436.325
v 710.063 -4.74002 -438.321
v 880.75 -137.233 -447.55
v 802.192 -24.9672 -445.285
v 778.169 -18.1279 -436.861
v 658.692 -23.3115 -432.352
v 684.497 13.8839 -431.232
v 660.694 3.41392 -430.852
v 865.695 -110.79 -436.04
v 667.821 1.5953 -427.741
v 638.7 -98.5528 -414.419
v 667.839 19.9482 -441.097
v 662.347 15.5443 -437.429
v 686.423 20.4038 -433.49
v 649.34 -86.1728 -419.662
v 682.224 7.05719 -428.759
v 622.915 -106.943 -417.118
v 674.114 -70.2202 -412.135
v 661.073 -22.6641 -420.051
v 651.398 -96.2818 -404.196
v 654.675 -12.6275 -427.457
v 709.551 -18.2486 -429.456
v 631.141 -94.429 -404.729
v 703.454 -28.8474 -422.094
v 633.107 -110.734 -402.222
v 674.787 -91.045 -397.725
v 654.229 -30.2684 -421.987
v 612.173 -119.758 -405.322
v 665.815 -47.5368 -409.614
v 643.015 -101.271 -400.128
v 706.45 -4.62715 -412.473
v 609.791 -133.366 -397.593
v 704.88 -42.8669 -410.889
v 614.589 -138.085 -384.74
v 823.472 -87.4811 -414.057
v 657.874 -105.551 -396.159
v 709.977 -15.9992 -417.682
v 679.385 0.808829 -419.161
v 752.19 -66.2496 -401.941
v 676.327 -66.0033 -401.459
v 695.112 1.6505 -408.215
v 671.685 -14.5501 -410.164
v 849.441 -138.943 -407.557
v 610.968 -152.147 -373.004
v 675.303 -48.0929 -395.412
v 787.187 -70.0406 -407.146
v 714.012 -61.171 -401.299
v 641.041 -104.991 -388.249
v 681.029 -66.6957 -407.95
v 607.977 -131.176 -389.563
v 837.092 -124.961 -397.455
v 731.029 -81.3825 -392.765
v 684.115 -79.1559 -385.881
v 683.618 -53.8551 -376.751
v 610.822 -122.816 -372.7
v 620.436 -138.169 -366.599
v 714.819 -25.2117 -396.48
v 608.37 -140.321 -373.715
v 630.334 -125.89 -377.643
v 650.833 -119.515 -381.125
v 729.657 -70.542 -393.23
v 794.181 -85.7138 -389.299
v 657.353 -113.407 -377.965
v 660.897 -84.4843 -382.896
v 737.154 -86.2126 -378.229
v 732.038 -96.4577 -381.462
v 641.614 -119.858 -368.613
v 677.486 -88.3378 -385.065
v 827.248 -140.846 -375.755
v 722.131 -51.641 -378.946
v 609.407 -129.528 -373.721
v 672.241 -67.9428 -371.047
v 818.254 -109.057 -386.391
v 809.267 -93.1547 -391.675
v 686.31 -62.9346 -365.048
v 767.542 -82.0858 -386.309
v 758.661 -82.5486 -388.323
v 781.53 -86.9273 -381.355
v 732.915 -98.7052 -371.62
v 798.331 -83.382 -384.228
v 646.534 -121.804 -360.72
v 623.889 -128.084 -359.377
v 661.749 -78.5766 -378.283
v 819.905 -115.285 -378.988
v 753.864 -92.0823 -373.331
v 734.748 -77.4307 -373.856
v 718.731 -49.7408 -391.375
v 658.642 -133.194 -354.406
v 773.924 -91.1991 -366.061
v 669.519 -98.8 -369.229
v 824.362 -130.009 -374.434
v 625.868 -114.224 -360.853
v 671.24 -26.5497 -402.054
v 637.608 -114.474 -354.834
v 678.394 -87.0552 -356.647
v 813.893 -158.576 -356.379
v 817.346 -120.431 -371.154
v 827.653 -131.609 -370.752
v 799.484 -103.693 -369.52
v 795.132 -81.0034 -371.677
v 750.263 -89.2582 -374.204
v 729.203 -93.914 -360.111
v 787.371 -78.879 -368.241
v 638.047 -127.264 -353.201
v 827.585 -152.354 -372.232
v 750.061 -94.0888 -355.097
v 667.961 -123.155 -354.186
v 741.125 -92.4446 -360.666
v 688.255 -14.2705 -373.716
v 644.102 -121.837 -348.718
v 794.365 -96.8481 -374.219
v 827.443 -110.541 -363.002
v 644.962 -162.363 -340.44
v 817.442 -131.055 -358.241
v 664.406 -64.1945 -363.426
v 753.869 -97.0033 -362.018
v 667.65 -133.082 -338.866
v 669.568 -108.409 -355.993
v 718.251 -37.8089 -353.064
v 778.091 -101.629 -362.999
v 640.79 -217.898 -326.471
v 823.958 -116.681 -363.928
v 656.981 -151.029 -337.719
v 626.787 -149.99 -340.732
v 644.416 -178.589 -337.189
v 631.75 -142.958 -330.284
v 678.998 -80.1788 -338.153
v 686.616 -39.0668 -350.842
v 764.773 -90.0145 -353.009
v 776.577 -89.0041 -356.355
v 831.602 -116.366 -353.305
v 737.001 -89.6371 -342.829
v 623.41 -149.836 -334.412
v 652.967 -96.0444 -346.991
v 683.993 -61.1275 -356.665
v 702.209 -29.5352 -330.341
v 693.402 -28.9079 -339.021
v 779.645 -102.368 -340.295
v 754.558 -100.704 -356.472
v 618.341 -147.318 -329.755
v 746.756 -103.482 -346.991
v 731.822 -75.4403 -349.258
v 819.23 -115.722 -351.209
v 794.866 -90.1426 -341.962
v 724.902 -51.8469 -329.435
v 653.373 -166.928 -331.018
v 811.996 -132.395 -348.958
v 725.213 -48.7309 -343.287
v 824.742 -106.336 -350.331
v 654.513 -160.63 -320.354
v 824.494 -127.041 -337.793
v 657.088 -116.802 -338.358
v 817.939 -105.514 -338.316
v 712.783 -36.884 -327.437
v 810.61 -102.787 -349.336
v 649.636 -102.216 -319.643
v 665.146 -69.5956 -352.874
v 811.533 -107.593 -337.086
v 647.561 -192.858 -321.104
v 753.501 -90.3781 -341.233
v 804.911 -92.4187 -344.142
v 814.108 -144.235 -335.867
v 830.087 -123.231 -339.471
v 809.176 -118.587 -341.76
v 763.208 -98.6384 -334.776
v 676.725 -38.9318 -329.329
v 807.16 -149.658 -344.186
v 821.962 -124.219 -331.106
v 816.361 -96.2636 -338.907
v 804.671 -174.645 -323.209
v 647.662 -193.394 -306.169
v 685.311 -38.5308 -324.316
v 777.912 -120.656 -329.359
v 777.953 -114.138 -333.96
v 646.553 -214.719 -305.487
v 812.587 -140.234 -325.38
v 643.042 -100.032 -333.079
v 821.642 -135.478 -328.415
v 747.887 -102.82 -328.381
v 798.465 -117.735 -333.845
v 801.595 -90.1219 -331.51
v 800.238 -86.0788 -330.827
v 784.89 -94.8827 -332.799
v 813.467 -161.29 -322.246
v 668.583 -57.1752 -331.762
v 656.868 -131.635 -311.709
v 676.194 -99.0489 -321.853
v 808.411 -123.971 -319.305
v 820.715 -136.151 -322.765
v 788.53 -130.662 -317.969
v 627.522 -170.291 -297.822
v 788.627 -90.9633 -318.734
v 790.52 -97.2314 -320.679
v 756.77 -90.5369 -325.423
v 797.316 -135.547 -318.533
v 632.375 -102.162 -307.975
v 809.697 -132.878 -312.378
v 638.086 -185.636 -290.809
v 720.796 -52.513 -310.054
v 640.584 -215.012 -287.78
v 794.958 -107.261 -323.798
v 682.522 -92.3383 -311.074
v 713.276 -36.6926 -314.807
v 785.407 -135.942 -311.189
v 772.907 -98.8796 -309.316
v 758.1 -109.168 -293.7
v 664.917 -110.019 -283.649
v 795.848 -114.714 -309.935
v 634.615 -165.536 -306.06
v 656.889 -145.811 -295.437
v 745.05 -104.714 -328.848
v 644.991 -206.181 -286.802
v 649.511 -163.308 -294.597
v 802.02 -130.122 -308.671
v 691.827 -32.361 -307.968
v 775.62 -110.689 -314.735
v 666.209 -64.9949 -315.945
v 671.088 -48.318 -283.149
v 657.081 -109.757 -295.138
v 628.406 -110.044 -299.353
v 671.316 -71.2367 -299.368
v 781.896 -127.99 -318.896
v 792.128 -95.7208 -316.193
v 739.451 -102.825 -297.443
v 794.654 -113.521 -304.648
v 639.728 -119.609 -307.154
v 779.358 -119.243 -293.388
v 661.917 -53.9631 -293.028
v 630.968 -101.16 -284.853
v 723.185 -46.6601 -302.988
v 625.633 -162.694 -267.928
v 783.029 -101.568 -287.226
v 769.735 -94.0673 -291.931
v 708.804 -36.8152 -307.576
v 689.634 -27.4992 -293.083
v 660.313 -153.507 -293.777
v 622.317 -104.532 -285.711
v 727.459 -80.5315 -296.237
v 700.992 -33.4515 -292.208
v 668.888 -77.2113 -285.036
v 655.632 -159.38 -258.875
v 723.824 -74.7218 -285.955
v 670.909 -98.651 -263.791
v 790.347 -159.667 -285.871
v 639.291 -129.44 -273.95
v 751.642 -112.552 -285.978
v 725.699 -86.6341 -270.933
v 632.82 -167.367 -260.971
v 668.817 -35.7489 -249.89
v 730.756 -97.4293 -258.485
v 628.63 -126.576 -256.175
v 788.338 -136.088 -289.118
v 732.009 -69.0167 -280.769
v 734.855 -83.2704 -262.474
v 660.772 -55.0476 -249.671
v 686.649 -29.0948 -268.313
v 767.808 -119.584 -242.41
v 707.901 -38.348 -271.541
v 645.901 -169.01 -263.901
v 754.3 -123.088 -230.87
v 740.485 -98.7205 -266.513
v 650.715 -102.362 -213.657
v 788.916 -149.7 -278.219
v 743.355 -56.8907 -274.272
v 781.618 -123.248 -269.717
v 745.054 -59.4968 -248.363
v 723.287 -58.9952 -270.09
v 783.08 -137.924 -266.02
v 609.38 -99.7842 -231.66
v 696.961 -22.7464 -279.295
v 616.244 -110.79 -259.895
v 634.422 -164.935 -213.99
v 639.251 -138.169 -240.116
v 657.696 -39.2347 -242.986
v 793.574 -148.383 -249.692
v 644.921 -158.422 -220.541
v 791.807 -151.666 -228.541
v 654.054 -109.101 -265.568
v 643.726 -143.083 -243.147
v 777.912 -140.632 -237.374
v 629.006 -94.2855 -242.72
v 775.543 -100.087 -263.601
v 714.219 -27.0277 -249.462
v 679.688 20.9027 558.85
v 778.724 -33.967 564.475
v 720.644 28.7159 549.737
v 761.967 -53.5312 561.851
v 703.974 14.6596 566.692
v 756.237 21.0159 542.105
v 726.122 -122.424 573.508
v 787.916 5.95382 551.559
v 732.578 -74.7841 573.267
v 748.995 -91.1526 573.298
v 736.787 -57.1177 579.261
v 740.551 -82.334 583.722
v 683.488 18.6194 584.984
v 780.441 -8.66142 565.797
v 753.665 -4.89611 569.286
v 757.915 -90.1995 581.205
v 747.033 -31.4668 581.98
v 754.698 -31.9451 576.515
v 725.79 -2.41197 577.917
v 722.246 -5.35426 579.739
v 761.429 -97.0036 584.128
v 750.019 -78.0654 587.623
v 724.584 -20.0639 588.017
v 721.636 -33.0554 592.234
v 762.232 -64.1197 583.658
v 706.471 8.27731 584.177
v 735.903 -109.68 616.671
v 766.477 -83.0583 594.655
v 766.79 -62.0163 589.114
v 733.506 -52.4721 603.731
v 716.544 -17.2371 596.739
v 716.623 -38.3569 594.546
v 760.441 -71.1784 597.354
v 751.329 -50.5895 597.769
v 696.213 16.8135 592.916
v 760.297 -85.4411 607.373
v 724.134 -42.5948 593.488
v 761.191 -53.3958 614.917
v 714.119 -25.0233 607.992
v 762.521 -91.3692 602.584
v 667.744 22.5447 624.827
v 724.558 -31.0026 604.047
v 758.673 -42.2172 610.045
v 764.304 -71.123 615.874
v 743.335 -44.4261 610.262
v 759.571 -89.6365 619.02
v 727.382 -35.7683 615.761
v 750.517 -35.9871 619.644
v 762.444 -58.8356 622.374
v 710.477 -33.3739 608.39
v 711.831 -24.4247 624.793
v 737.994 -110.426 628.463
v 775.557 -92.617 611.735
v 729.467 -114.961 630.581
v 712.944 -29.8243 621.03
v 708.936 4.5857 616.322
v 734.683 -47.1497 613.15
v 741.773 -102.748 632.214
v 734.842 -34.5686 626.034
v 773.085 -64.4339 646.531
v 751.35 -45.3269 628.062
v 760.591 -30.9702 622.695
v 669.795 25.2473 629.745
v 774.442 -89.8529 627.137
v 754.631 -93.1754 633.243
v 692.686 14.5714 632.459
v 769.354 -43.0199 630.549
v 736.849 -105.949 636.88
v 722.528 -23.461 630.436
v 788.993 -97.9235 635.036
v 758.627 -39.8415 634.797
v 728.096 -29.1021 630.78
v 709.679 -29.4962 636.568
v 762.302 -97.5588 646.218
v 738.989 -40.0392 637.805
v 701.992 7.21337 639.998
v 769.169 -52.4484 643.121
v 657.167 46.2824 641.298
v 767.757 -78.9957 648.337
v 764.378 -43.4313 640.133
v 776.47 -89.9625 641.019
v 744.477 -37.366 647.007
v 745.871 -86.5731 653.387
v 686.957 34.4871 646.39
v 796.824 -79.8363 665.653
v 710.386 -11.1763 651.656
v 676.708 42.2362 652.361
v 702.011 19.1678 649.808
v 731.949 -93.9835 659.613
v 720.012 -24.7765 651.468
v 765.952 -27.3616 653.383
v 732.167 -36.6165 663.894
v 714.033 -16.2777 660.751
v 761.417 -73.9363 658.201
v 710.647 7.44906 660.664
v 725.22 -103.357 667.006
v 727.439 -89.4918 669.536
v 748.77 -71.446 665.792
v 735.962 -39.0067 662.673
v 715.833 8.12952 658.76
v 729.861 -25.6372 645.845
v 721.099 -17.9386 665.99
v 721.964 -3.60258 658.945
v 772.122 -88.3705 673.197
v 730.376 -28.3291 673.982
v 719.08 0.76216 665.786
v 760.416 -44.4243 668.632
v 736.616 -26.3606 673.291
v 750.997 -22.1402 667.626
v 723.812 -6.37076 670.845
v 754.886 -56.8381 673.78
v 760.834 -23.488 660.442
v 728.713 -10.3883 663.926
v 713.488 1.75446 670.276
v 727.786 -10.317 676.05
v 782.911 -78.2424 663.195
v 743.472 -13.2062 668.759
v 744.454 -81.567 676.857
v 732.155 -68.6606 681.484
v 716.274 -10.6257 671.849
v 759.004 -62.7949 680.575
v 749.711 -20.2397 673.957
v 787.616 -75.6758 675.242
v 666.352 42.9497 673.855
v 757.755 -29.2982 675.936
v 721.211 -8.12496 681.985
v 742.336 -0.903387 677.506
v 761.623 -42.644 682.103
v 735.189 -61.9456 685.372
v 717.055 -7.56695 679.806
v 733.132 -4.52708 675.073
v 740.108 -7.61883 686.606
v 705.418 19.5931 671.019
v 757.879 -24.6682 701.517
v 721.488 5.25192 683.019
v 712.735 3.14761 692.505
v 729.33 3.77541 692.245
v 764.097 -25.0545 692.495
v 699.526 25.9621 685.338
v 762.889 -19.3831 689.121
v 752.069 -19.838 688.105
v 699.475 16.5559 702.683
v 751.535 -18.3043 698.33
v 720.775 -1.05297 706.096
v 756.526 -12.9506 702.171
v 735.982 -28.243 709.84
v 711.092 2.81792 704.453
v 734.041 -9.46769 708.889
v 689.575 19.7197 707.678
v 725.7 -47.2528 723.342
v 694.525 20.2659 718.104
v 722.202 -66.4215 717.266
v 727.902 -29.6995 717.936
v 705.494 4.52116 722.287
v 726.874 -7.65329 715.549
v 726.339 -32.618 727.069
v 715.49 0.720024 728.902
v 716.976 -51.9581 742.014
v 720.41 -24.679 744.734
v 728.236 -25.2009 750.301
v 696.082 4.56664 740.742
v 709.618 -17.1965 744.804
v 706.23 -1.79504 741.61
v 699.087 3.06497 753.601
v 728.189 -36.5864 747.162
v 717.669 -178.701 167.316
v 853.312 -129.479 172.609
v 778.369 -165.314 165.244
v 872.229 -112.703 163.305
v 837.999 -121.739 173.048
v 837.876 -110.569 202.296
v 762.078 -157.667 192.275
v 829.026 -134.759 177.403
v 833.047 -132.678 189.525
v 770.172 -146.501 200.392
v 858.062 -97.1549 193.515
v 827.452 -132.122 196.876
v 737.286 -152.433 206.362
v 765.734 -136.332 324.713
v 770.575 -150.043 322.381
v 784.484 -127.483 321.066
v 795.334 -162.331 329.234
v 791.681 -163.884 332.023
v 769.121 -139.481 336.458
v 784.39 -150.71 330.443
v 809.264 -160.909 330.23
v 772.718 -155.886 328.637
v 826.015 -139.593 324.714
v 768.545 -127.244 325.995
v 813.721 -159.51 333.582
v 821.063 -154.844 328.466
v 833.432 -122.921 330.587
v 798.869 -131.024 331.101
v 811.745 -153.703 343.737
v 788.371 -153.545 341.383
v 837.804 -116.742 333.778
v 821.238 -145.253 349.004
v 765.168 -131.842 343.565
v 829.925 -124.316 342.598
v 785.258 -138.344 351.03
v 810.562 -111.976 360.1
v 822.149 -135.056 355.583
v 824.12 -110.199 356.257
v 856.314 -119.123 346.889
v 839.567 -109.933 356.501
v 803.408 -136.469 373.979
v 812.538 -145.764 371.786
v 820.184 -131.98 363.163
v 860.984 -123.539 360.923
v 772.326 -124.213 362.351
v 842.855 -120.273 359.589
v 817.543 -142.686 379.193
v 860.465 -113.244 357.838
v 793.742 -119.658 408.1
v 865.901 -133.893 384.241
v 848.79 -101.796 385.225
v 852.499 -121.685 392.042
v 763.754 -128.318 383.848
v 868.555 -130.764 385.082
v 862.442 -119.143 388.46
v 873.538 -128.735 397.061
v 772.512 -126.105 405.305
v 836.657 -116.43 389.411
v 821.524 -116.003 394.178
v 865.835 -110.401 401.475
v 850.007 -99.0265 402.257
v 813.318 -135.385 409.151
v 885.313 -111.614 403.129
v 873.681 -121.454 397.205
v 764.748 -124.245 417.918
v 871.316 -95.578 401.553
v 882.844 -90.1364 399.062
v 863.046 -119.811 408.047
v 765.538 -135.502 419.888
v 771.615 -126.169 422.011
v 803.532 -107.81 448.397
v 775.345 -131.368 424.267
v 788.854 -152.658 431.739
v 774.994 -129.481 428.527
v 818.964 -99.7723 436.498
v 850.48 -104.576 423.812
v 778.642 -157.21 437.042
v 863.306 -111.185 412.919
v 793.738 -140.59 430.81
v 796.626 -152.213 444.129
v 779.06 -135.296 442.427
v 865.911 -90.727 433.336
v 795.884 -143.944 445.929
v 820.635 -106.268 452.328
v 816.102 -159.281 446.749
v 757.47 -158.642 485.951
v 813.654 -146.83 446.688
v 802.892 -171.324 457.071
v 849.876 -74.3435 459.919
v 799.365 -141.772 450.415
v 784.308 -163.413 453.229
v 827.043 -153.087 454.12
v 813.688 -110.275 450.456
v 815.583 -177.354 475.581
v 776.669 -131.285 464.237
v 824.286 -170.871 461.838
v 834.163 -163.492 466.873
v 804.184 -141.649 463.96
v 780.937 -170.595 490.601
v 768.721 -124.637 467.562
v 828.808 -157.54 480.401
v 831.918 -165.131 483.64
v 763.446 -118.693 492.963
v 788.899 -136.85 483.392
v 818.392 -175.954 489.769
v 813.234 -155.974 493.273
v 829.583 -159.06 486.73
v 852.192 -161.665 491.248
v 859.407 -166.377 506.024
v 849.696 -176.305 495.881
v 795.306 -143.534 505.75
v 830.18 -188.873 506.124
v 819.074 -154.765 514.03
v 815.781 -153.966 500.926
v 782.361 -178.005 512.888
v 836.28 -161.447 508.805
v 770.41 -119.928 508.897
v 827.593 -198.044 547.551
v 847.621 -175.056 529.146
v 851.178 -184.281 520.932
v 833.187 -166.457 520.127
v 783.058 -128.297 544.734
v 837.092 -159.848 522.168
v 831.731 -193.96 537.246
v 804.384 -147.51 525.152
v 728.826 -136.778 531.299
v 773.643 -177.153 553.396
v 780.116 -126.48 535.418
v 835.773 -163.845 536.051
v 873.659 -196.982 538.001
v 842.687 -187.75 536.888
v 844.913 -178.407 538.488
v 811.525 -151.235 538.333
v 830.063 -172.443 544.284
v 783.445 -113.648 536.973
v 845.628 -176.037 546.24
v 878.48 -184.33 538.093
v 891.581 -191.153 544.538
v 756.22 -101.34 561.599
v 884.106 -201.055 545.884
v 779.423 -116.169 550.146
v 887.957 -185.08 542.872
v 808.071 -196.424 576.968
v 788.447 -134.351 556.497
v 857.727 -209.394 555.448
v 863.231 -184.803 557.767
v 892.089 -188.47 557.389
v 842.475 -171.271 573.071
v 891.26 -198.936 560.811
v 763.989 -102.731 570.63
v 849.156 -208.389 567.95
v 730.75 -130.987 561.317
v 895.213 -184.522 559.894
v 720.198 -291.726 -204.602
v 823.861 -237.399 -237.037
v 843.009 -208.307 -230.88
v 762.843 -292.755 -218.071
v 806.505 -264.086 -193.362
v 836.471 -217.645 -232.087
v 861.165 -232.745 -230.671
v 854.251 -229.504 -229.184
v 855.145 -255.391 -221.652
v 732.712 -312.148 -235.329
v 768.121 -310.227 -223.733
v 688.548 -269.009 -209.296
v 729.803 -320.544 -187.483
v 833.321 -279.367 -226.287
v 713.992 -319.479 -209.496
v 803.098 -308.065 -200.566
v 741.74 -317.639 -188.874
v 840.303 -223.948 -203.08
v 847.585 -270.849 -204.668
v 762.992 -289.139 -200.396
v 801.861 -312.839 -194.98
v 729.87 -280.433 -168.477
v 864.63 -236.238 -221.18
v 856.406 -266.381 -198.112
v 776.779 -289.953 -185.215
v 860.441 -254.412 -196.016
v 840.539 -252.754 -179.955
v 838.75 -267.842 -208.287
v 763.283 -298.257 -168.321
v 838.453 -196.497 -203.931
v 777.816 -306.059 -191.935
v 843.203 -179.328 -212.808
v 800.312 -281.149 -193.156
v 734.424 -316.546 -171.38
v 821.5 -198.057 -181.375
v 837.871 -152.711 -198.467
v 807.945 -291.615 -156.216
v 879.635 -247.939 -155.119
v 717.893 -268.769 -177.482
v 862.019 -203.783 -161
v 806.399 -263.661 -161.395
v 861.98 -234.204 -184.674
v 869.426 -226.893 -155.921
v 863.105 -198.259 -190.531
v 782.464 -305.741 -185.755
v 774.585 -279.589 -167.977
v 716.653 -253.197 -145.829
v 862.562 -263.232 -174.541
v 839.497 -140.316 -165.689
v 767.13 -284.347 -167.18
v 812.005 -290.948 -159.54
v 699.224 -251.856 -159.309
v 753.296 -310.548 -149.127
v 736.537 -306.031 -155.136
v 833.257 -192.77 -157.398
v 836.758 -168.231 -159.697
v 862.667 -181.828 -171.412
v 749.015 -307.126 -133.207
v 842.73 -229.403 -141.959
v 868.963 -193.228 -180.616
v 746.63 -268.918 -128.461
v 824.573 -199.4 -166.65
v 821.489 -179.881 -152.174
v 806.157 -280.185 -132.724
v 778.973 -265.297 -131.539
v 798.167 -265.684 -126.274
v 840.2 -156.351 -160.069
v 769.041 -296.944 -129.947
v 758.459 -278.254 -96.465
v 865.497 -168.355 -146.66
v 769.831 -300.178 -109.294
v 812.611 -241.714 -146.834
v 684.24 -261.385 -153.894
v 813.941 -250.781 -123.751
v 865.707 -247.249 -144.517
v 796.483 -281.802 -148.255
v 877.145 -254.553 -146.922
v 832.722 -179.065 -136.264
v 824.14 -242.355 -162.922
v 824.362 -169.416 -133.593
v 883.473 -247.316 -131.511
v 704.678 -238.241 -107.454
v 882.474 -231.68 -143.211
v 693.865 -247.658 -130.668
v 871.489 -169.64 -133.747
v 826.567 -150.155 -119.727
v 731.308 -249.215 -118.688
v 811.391 -276.751 -135.275
v 868.253 -179.598 -119.972
v 803.058 -257.716 -111.97
v 864.699 -202.572 -146.291
v 853.202 -180.991 -165.138
v 891.809 -218.231 -117.715
v 720.964 -237.224 -104.222
v 840.525 -141.531 -136.002
v 785.498 -266.434 -138.585
v 753.418 -265.209 -105.035
v 832.258 -164.124 -127.315
v 774.454 -269.773 -126.232
v 853.896 -230.151 -133.046
v 840.626 -159.569 -105.014
v 816.831 -220.427 -113.494
v 818.268 -258.803 -114.52
v 861.338 -138.525 -100.678
v 798.49 -237.714 -79.6791
v 871.69 -185.671 -101.075
v 878.689 -198.866 -129.555
v 893.629 -227.99 -111.539
v 697.238 -240.741 -100.714
v 817.64 -246.702 -89.4945
v 811.756 -240.497 -110.156
v 778.336 -254.498 -102.115
v 827.669 -215.712 -116.457
v 830.31 -133.18 -103.581
v 786.056 -241.697 -92.7329
v 779.918 -284.334 -83.0086
v 833.521 -163.209 -112.898
v 720.407 -224.421 -61.6738
v 873.18 -242.464 -115.315
v 784.222 -279.491 -60.201
v 862.407 -222.766 -81.1248
v 813.318 -223.376 -95.6328
v 771.086 -291.507 -79.2791
v 735.794 -241.546 -90.7242
v 891.359 -225.042 -89.0922
v 868.901 -134.217 -87.7816
v 814.395 -199.997 -72.0141
v 847.307 -209.6 -97.1113
v 748.718 -248.779 -34.0381
v 831.79 -190.565 -78.8054
v 765.525 -277.346 -74.0912
v 852.874 -201.168 -48.8406
v 877.543 -200.191 -63.4527
v 712.874 -227.314 -62.7031
v 819.488 -195.082 -79.7897
v 698.292 -242.669 -65.4536
v 741.594 -243.568 -41.6902
v 898.268 -208.522 -69.4314
v 785.933 -237.026 -57.0203
v 790.964 -231.202 -65.0501
v 713.203 -223.302 -28.182
v 833.293 -136.186 -50.9328
v 829.627 -148.656 -82.3191
v 874.964 -174.469 -75.8811
v 817.843 -179.542 -36.9014
v 900.003 -199.895 -74.5368
v 897.646 -197.325 -49.6658
v 911.643 -158.698 -68.366
v 871.487 -140.77 -73.939
v 908.171 -162.593 -63.8818
v 811.382 -243.686 -76.7589
v 894.208 -176.103 -59.1941
v 821.209 -227.473 -50.2431
v 919.362 -167.741 -59.0477
v 869.791 -153.957 -64.3433
v 702.565 -231.726 -23.4163
v 906.69 -115.549 -45.4783
v 904.032 -105.699 -66.1566
v 697.233 -244.421 -41.3548
v 795.722 -214.766 -34.5219
v 814.654 -208.511 -53.9026
v 733.699 -213.34 -22.7478
v 910.109 -145.155 -72.2419
v 927.27 -160.42 -55.3634
v 893.383 -155.227 -46.0681
v 897.633 -172.683 -30.9236
v 873.787 -184.653 -41.3537
v 733.348 -228.565 -49.4967
v 772.399 -277.401 -42.1197
v 791.318 -257.102 -29.9523
v 909.581 -135.196 -45.829
v 917.331 -156.272 -59.4418
v 907.992 -128.923 -71.2739
v 816.129 -190.509 -30.3713
v 919.984 -169.941 -52.3226
v 838.108 -177.332 -44.2215
v 818.207 -217.712 -22.2194
v 901.588 -170.407 -35.3509
v 829.209 -173.173 -41.3027
v 859.513 -181.717 -22.7705
v 945.986 -149.992 -46.9643
v 953.23 -137.673 -42.2214
v 943.872 -132.781 -44.4223
v 934.3 -156.109 -20.9947
v 823.032 -209.013 -7.11035
v 882.633 -185.024 -40.5292
v 788.631 -213.25 -18.0423
v 846.363 -186.544 -29.9226
v 739.153 -212.291 -4.62925
v 873.45 -141.899 -24.444
v 887.025 -111.131 -34.0554
v 787.684 -216.779 -9.5026
v 740.47 -234.03 -5.1249
v 908.787 -171.131 -19.8514
v 793.964 -242.698 1.39787
v 823.645 -203.406 -9.37674
v 816.206 -168.684 -12.041
v 926.18 -100.677 -28.6495
v 953.511 -137.708 -32.2182
v 700.657 -230.814 4.50375
v 873.919 -117.33 -8.86161
v 886.81 -111.631 -23.0982
v 728.003 -208.463 -2.08118
v 921.54 -158.314 -5.31257
v 785.802 -260.866 -16.4107
v 946.643 -126.422 -29.3216
v 892.183 -166.148 -3.22739
v 920.634 -121.619 -9.13809
v 933.185 -161.617 -16.6604
v 939.655 -140.192 -13.9448
v 877.682 -131.67 -15.3284
v 905.935 -166.595 -2.49611
v 925.882 -167.777 -3.04706
v 925.692 -159.766 -3.46642
v 815.755 -176.955 3.10948
v 735.124 -203.437 32.576
v 907.01 -123.595 -17.8867
v 726.683 -199.747 36.903
v 879.298 -182.242 -15.9551
v 708.809 -217.193 7.76473
v 941.977 -181.931 -4.51248
v 941.354 -116.814 -20.8781
v 841.787 -167.207 4.01194
v 757.6 -255.56 0.408176
v 891.57 -178.524 -17.1293
v 823.479 -191.712 12.5268
v 933.807 -176.379 -10.6756
v 832.014 -160.7 -8.30376
v 939.183 -137.835 -3.20772
v 936.165 -161.37 -10.9792
v 788.217 -202.836 16.5503
v 822.161 -201.844 17.9265
v 935.025 -115.101 -19.4924
v 934.99 -109.14 11.2966
v 791.188 -220.188 44.5598
v 822.139 -154.332 7.97183
v 788.644 -216.4 20.171
v 944.406 -138.998 6.48697
v 853.616 -160.802 14.2193
v 959.137 -158.379 13.6861
v 756.187 -247.73 28.116
v 770.643 -240.934 31.3367
v 801.008 -198.401 11.8775
v 921.197 -152.437 9.44701
v 741.461 -225.962 61.5728
v 859.767 -159.248 30.2014
v 924.94 -172.047 10.9661
v 937.603 -174.582 14.675
v 921.728 -116.638 6.17807
v 960.931 -143.524 17.7799
v 938.668 -128.027 9.43114
v 815.641 -163.346 30.6508
v 930.212 -168.121 35.8328
v 929.925 -111.148 25.1523
v 967.376 -147.786 33.2503
v 943.077 -156.207 26.9379
v 700.83 -215.046 38.4975
v 923.372 -114.463 22.6862
v 826.306 -145.485 28.1697
v 736.756 -220.462 41.4419
v 873.41 -154.55 29.8121
v 904.671 -142.316 29.5853
v 879.954 -139.749 43.0625
v 936.744 -118.272 35.6816
v 792.16 -194.998 24.1508
v 730.697 -199.032 53.1453
v 843.094 -144.026 42.2752
v 907.906 -144.531 41.2421
v 826.555 -133.433 59.0934
v 955.066 -145.514 44.2002
v 931.672 -110.431 39.9987
v 781.976 -231.71 46.7917
v 935.864 -110.207 41.3465
v 861.314 -130.551 73.8293
v 815.994 -148.094 39.5038
v 916.101 -162.8 58.1994
v 772.402 -227.178 50.4126
v 725.263 -192.295 85.5333
v 789.213 -220.92 55.3607
v 915.387 -159.968 35.9822
v 943.699 -101.288 38.1595
v 911.153 -155.628 43.5029
v 914.425 -108.949 44.9858
v 707.676 -200.255 58.3767
v 886.185 -138.298 49.6984
v 965.284 -130.578 38.2022
v 958.159 -114.612 40.352
v 938.743 -90.6532 48.8081
v 922.174 -103.284 49.1654
v 848.36 -148.622 52.3713
v 783.62 -177.509 79.8024
v 928.407 -130.518 60.7854
v 903.877 -104.9 52.4767
v 942.364 -141.288 48.3904
v 939.11 -98.1517 56.8547
v 897.989 -139.945 60.3978
v 902.773 -160.388 80.6184
v 796.658 -174.651 67.4044
v 852.609 -147.234 59.6439
v 815.249 -149.183 61.83
v 821.097 -172.186 50.367
v 788.278 -211.129 79.0403
v 785.206 -197.197 59.3999
v 778.676 -201.36 89.3384
v 820.675 -185.253 47.631
v 788.535 -174.48 70.3412
v 815.97 -130.423 94.7327
v 810.125 -178.199 71.3697
v 882.96 -144.319 64.223
v 831.293 -125.013 78.6808
v 947.01 -127.786 62.8666
v 717.703 -190.318 76.7675
v 744.771 -223.609 84.8723
v 695.112 -205.622 92.0323
v 924.63 -142.688 60.9686
v 771.079 -194.378 104.959
v 785.234 -186.088 106.334
v 819.804 -160.917 85.7831
v 864.849 -137.862 86.8428
v 729.755 -205.444 99.1983
v 932.715 -112.867 84.8219
v 886.079 -143.991 94.2356
v 861.389 -127.541 85.5299
v 781.778 -175.32 98.528
v 870.587 -141.889 92.2983
v 923.122 -119.714 83.2656
v 873.848 -138.733 107.474
v 712.251 -170.486 139.564
v 838.258 -129.191 89.2708
v 908.981 -132.27 89.7707
v 817.02 -146.962 103.079
v 935.892 -121.262 79.3387
v 890.065 -153.509 94.259
v 906.301 -117.016 101.902
v 747.555 -212.36 105.718
v 842.74 -122.901 101.691
v 782.816 -178.756 132.939
v 784.563 -151.127 119.926
v 760.519 -185.62 127.01
v 887.771 -135.734 116.55
v 704.96 -191.178 95.4845
v 805.854 -157.033 125.092
v 814.049 -144.352 125.075
v 911.595 -114.046 119.874
v 910.327 -119.449 119.472
v 886.952 -149.831 106.322
v 708.635 -178.877 117.141
v 729.082 -198.858 137.442
v 864.957 -140.669 113.058
v 795.469 -157.408 106.389
v 774.599 -195.853 117.111
v 860.046 -132.815 137.397
v 816.527 -120.416 122.113
v 848.987 -143.745 127.839
v 891.196 -115.817 126.475
v 776.993 -155.664 140.107
v 840.244 -139.518 166.279
v 718.1 -175.869 139.047
v 869.317 -140.914 142.05
v 729.563 -191.958 149.847
v 753.856 -175.207 162.711
v 875.616 -137.229 140.787
v 843.681 -140.413 120.423
v 740 -179.718 155.596
v 800.752 -130.175 173.336
v 833.623 -133.953 160.356
v 887.913 -119.605 122.921
v 727.203 -183.435 167.042
v 851.939 -130.66 148.48
v 887.574 -114.128 147.413
v 673.311 -388.054 -578.734
v 707.242 -385.217 -577.573
v 844.872 -363.731 -600.166
v 747.484 -372.842 -574.79
v 692.752 -376.16 -574.808
v 771.059 -375.722 -577.416
v 710.286 -374.94 -566.926
v 796.238 -364.594 -575.071
v 845.458 -363.699 -577.47
v 827.606 -354.031 -574.415
v 914.05 -269.937 -600.362
v 866.831 -335.388 -576.602
v 750.032 -368.152 -564.426
v 949.096 -219.815 -582.848
v 854.621 -337.323 -575.082
v 883.201 -306.071 -574.264
v 949.012 -217.767 -601.37
v 903.716 -282.901 -574.946
v 829.205 -343.178 -555.155
v 794.645 -361.268 -562.357
v 870.573 -318.479 -563.773
v 709.198 -354.684 -535.382
v 686.664 -355.61 -539.664
v 948.964 -217.581 -573.728
v 769.961 -351.969 -542.614
v 914.769 -255.269 -570.781
v 883.863 -300.677 -556.123
v 932.79 -228.674 -571.447
v 747.773 -347.499 -522.197
v 935.28 -123.17 -570.837
v 939.381 -204.696 -571.604
v 682.536 -352.922 -515.662
v 844.023 -324.64 -539.919
v 932.493 -164.231 -555.061
v 899.813 -266.083 -543.096
v 715.215 -353.187 -511.402
v 795.393 -336.952 -526.034
v 930.774 -210.417 -558.2
v 877.379 -286.591 -528.492
v 918.045 -228.111 -543.659
v 813.059 -325.83 -524.739
v 918.087 -188.384 -524.424
v 920.402 -152.224 -499.923
v 780.374 -334.995 -500.931
v 729.103 -340.649 -483.802
v 710.555 -347.508 -493.548
v 874.462 -272.617 -508.321
v 764.877 -333.126 -471.73
v 892.901 -250.099 -505.991
v 841.806 -295.085 -512.401
v 826.899 -301.779 -484.049
v 902.807 -219.485 -496.269
v 860.07 -285.955 -477.566
v 878.176 -273.067 -481.755
v 906.32 -183.184 -478.54
v 805.284 -315.299 -485.659
v 897.989 -229.072 -470.566
v 697.131 -340.484 -471.301
v 891.029 -254.892 -475.369
v 877.389 -267.056 -456.655
v 770.169 -316.19 -432.397
v 827.916 -296.094 -454.327
v 697.78 -328.072 -429.537
v 723.178 -329.223 -448.057
v 884.506 -238.348 -444.609
v 908.417 -150.67 -477.347
v 899.255 -202.7 -462.065
v 793.841 -313.431 -442.944
v 845.711 -272.984 -418.805
v 670.529 -324.832 -424.613
v 871.786 -202.247 -429.349
v 866.633 -253.458 -425.54
v 858.091 -213.584 -417.198
v 863.1 -224.223 -419.709
v 818.351 -293.07 -423.742
v 711.954 -307.626 -392.524
v 667.799 -309.974 -393.846
v 701.7 -306.577 -371.524
v 781.235 -300.033 -400.674
v 865.303 -210.673 -411.882
v 851.006 -214.391 -410.003
v 859.101 -240.394 -415.137
v 875.254 -244.949 -403.146
v 853.387 -248.67 -399.607
v 844.177 -243.91 -405.716
v 870.015 -216.588 -412.398
v 863.451 -172.589 -432.635
v 837.042 -251.273 -398.027
v 882.1 -236.832 -402.784
v 872.541 -229.081 -403.339
v 863.881 -221.237 -403.116
v 875.645 -254.996 -397.145
v 852.97 -205.396 -412.381
v 689.265 -310.728 -369.94
v 818.574 -268.844 -383.835
v 854.831 -231.224 -387.006
v 755.235 -290.589 -370.122
v 882.593 -244.349 -397.904
v 731.624 -294.972 -378.422
v 874.893 -229.253 -387.359
v 830.408 -263.909 -384.428
v 882.079 -247.162 -386.798
v 864.049 -226.216 -384.066
v 757.534 -293.192 -384.322
v 857.243 -275.437 -373.106
v 803.084 -279.233 -381.297
v 876.557 -240.882 -395.377
v 738.212 -313.146 -369.938
v 835.806 -192.84 -393.57
v 830.891 -226.416 -387.936
v 881.545 -240.917 -383.038
v 740.823 -320.848 -357.555
v 849.003 -221.268 -379.615
v 878.056 -257.518 -380.999
v 721.068 -311.498 -356.146
v 728.062 -321.74 -364.256
v 692.051 -321.263 -356.992
v 873.007 -235.141 -380.745
v 823.288 -233.255 -369.184
v 876.091 -252.99 -386.448
v 726.429 -330.588 -353.447
v 859.765 -233.294 -368.344
v 846.472 -218.045 -391.606
v 821.123 -230.389 -374.678
v 714.828 -302.976 -362.739
v 756.495 -339.108 -359.844
v 757.589 -349.469 -353.924
v 870.136 -243.985 -367.636
v 780.327 -277.338 -364.492
v 805.887 -261.095 -360.217
v 819.746 -184.955 -374.975
v 767.859 -329.657 -356.264
v 731.975 -323.466 -354.7
v 723.072 -324.982 -349.864
v 763.057 -351.879 -350.767
v 875.886 -247.584 -366.301
v 842.59 -283.04 -358.014
v 822.147 -178.377 -371.666
v 872.043 -261.646 -364.642
v 817.39 -209.513 -365.031
v 866.32 -267.374 -375.388
v 732.356 -330.905 -335.906
v 824.941 -254.65 -383.224
v 749.693 -329.103 -353.153
v 686.567 -337.172 -342.585
v 817.719 -230.057 -355.624
v 677.024 -309.16 -336.938
v 787.087 -336.836 -340.159
v 871.77 -256.041 -362.138
v 700.809 -325.474 -337.302
v 816.483 -267.415 -343.98
v 816.864 -196.881 -361.915
v 782.54 -320.145 -342.185
v 874.675 -259.376 -355.271
v 850.946 -225.137 -370.034
v 841.837 -219.308 -369.867
v 794.609 -286.245 -348.77
v 816.211 -218.037 -365.213
v 826.511 -182.261 -364.796
v 765.309 -363.17 -346.391
v 728.641 -339.56 -339.918
v 784.359 -308.368 -341.595
v 870.402 -252.927 -354.568
v 683.672 -320.795 -329.186
v 859.336 -242.365 -352.011
v 819.964 -223.08 -353.285
v 684.72 -340.878 -329.452
v 783.091 -364.317 -337.988
v 737.29 -323.494 -341.139
v 833.094 -193.417 -352.059
v 812.521 -212.093 -336.922
v 805.615 -173.825 -336.135
v 856.031 -287.034 -352.661
v 801.422 -304.91 -333.016
v 808.304 -257.936 -340.262
v 791.544 -361.191 -333.598
v 724.154 -337.769 -326.655
v 748.775 -326.206 -334.852
v 831.907 -185.423 -353.695
v 671.451 -302.305 -334.319
v 817.033 -179.391 -350.053
v 730.111 -349.371 -321.969
v 796.291 -287.072 -345.151
v 710.861 -327.082 -329.227
v 827.55 -186.751 -346.608
v 813.644 -203.023 -344.769
v 797.656 -273.192 -341.743
v 738.064 -309.688 -318.301
v 821.943 -192.689 -337.709
v 802.674 -351.356 -325.427
v 796.433 -278.064 -324.716
v 807.488 -328.693 -326.92
v 838.237 -296.022 -316.903
v 834.86 -213.344 -329.225
v 772.21 -360.248 -309.377
v 689.901 -342.77 -318.379
v 830.394 -283.088 -339.968
v 827.648 -214.121 -338.585
v 791.071 -302.079 -316.225
v 819.421 -215.636 -337.568
v 716.044 -349.639 -303.445
v 850.758 -226.892 -336.037
v 756.102 -326.485 -307.662
v 810.125 -288.133 -319.256
v 806.333 -269.563 -331.628
v 682.533 -297.548 -310.761
v 763.233 -350.503 -311.596
v 866.527 -263.698 -341.563
v 800.494 -336.142 -322.82
v 792.045 -339.383 -307.443
v 804.78 -200.342 -318.668
v 733.33 -350.021 -316.874
v 746.659 -309.222 -314.26
v 696.225 -351.964 -307.515
v 729.72 -357.241 -302.007
v 706.763 -357.087 -298.746
v 694.596 -311.436 -304.751
v 784.672 -358.514 -315.386
v 792.23 -291.412 -314.678
v 834.642 -209.829 -327.306
v 806.264 -304.928 -297.203
v 850.004 -286.842 -319.244
v 696.827 -339.009 -299.396
v 798.76 -211.474 -310.208
v 844.218 -220.159 -313.256
v 724.91 -357.25 -294.86
v 708.023 -348.581 -292.307
v 729.567 -301.492 -298.96
v 786.107 -321.576 -306.506
v 757.588 -353.351 -288.316
v 830.93 -210.769 -315.43
v 731.959 -348.709 -295.787
v 798.537 -288.651 -311.47
v 752.146 -310.751 -287.824
v 853.001 -254.44 -327.432
v 808.812 -171.434 -307.297
v 781.781 -322.344 -297.35
v 722.244 -325.597 -286.553
v 830.233 -264.42 -281.276
v 821.741 -309.344 -292.096
v 718.574 -343.584 -287.065
v 796.945 -187.613 -312.398
v 787.996 -300.844 -294.639
v 806.812 -207.093 -279.857
v 771.105 -356.963 -290.457
v 697.883 -324.391 -264.466
v 700.858 -303.618 -275.884
v 810.607 -214.009 -310.927
v 759.282 -356.788 -275.948
v 784.663 -306.333 -277.738
v 706.942 -328.947 -270.295
v 696.581 -319.24 -258.664
v 693.898 -298.042 -286.712
v 838.547 -214.792 -305.325
v 694.904 -326.851 -277.361
v 775.339 -338.854 -286.014
v 717.301 -322.202 -275.986
v 831.292 -299.541 -283.158
v 797.959 -213.459 -297.605
v 845.067 -232.294 -300.415
v 792.551 -195.537 -286.364
v 754.896 -329.515 -273.954
v 690.87 -284.044 -258.046
v 818.319 -305.26 -273.999
v 806.076 -182.822 -287.464
v 754.171 -319.59 -264.653
v 844.456 -245.188 -283.262
v 807.383 -308.379 -281.633
v 720.047 -311.665 -262.677
v 840.466 -246.077 -291.556
v 736.746 -294.127 -275.451
v 712.497 -317.054 -255.056
v 669.98 -285.367 -265.095
v 727.011 -296.039 -275.857
v 802.195 -289.118 -275.213
v 839.267 -217.648 -282.126
v 780.264 -320.976 -260.718
v 741.394 -296.786 -262.987
v 794.822 -205.555 -279.767
v 762.458 -312.147 -246.168
v 835.107 -263.941 -275.507
v 744.63 -300.091 -254.53
v 699.771 -320.928 -252.964
v 731.567 -293.164 -253.707
v 831.743 -200.943 -273.425
v 797.856 -287.744 -269.651
v 821.398 -276.419 -270.531
v 811.348 -289.192 -265.609
v 838.041 -243.519 -270.924
v 765.621 -354.478 -269.465
v 706.34 -302.244 -244.802
v 840.969 -208.509 -273.533
v 758.119 -332.008 -248.332
v 737.74 -293.105 -247.867
v 798.993 -194.221 -257.744
v 833.275 -249.438 -266.875
v 782.937 -327.385 -248.377
v 699.198 -278.244 -224.304
v 791.85 -282.804 -247.182
v 816.777 -286.611 -249.456
v 837.999 -203.59 -260.481
v 782.727 -307.251 -257.629
v 713.357 -322.675 -230.315
v 786.908 -338.677 -239.788
v 816.84 -281.226 -262.839
v 816.216 -256.989 -256.662
v 794.966 -328.618 -226.774
v 765.446 -350.632 -254.256
v 821.77 -254.016 -248.825
v 808.253 -275.075 -233.118
v 787.409 -166.091 -247.26
v 754.315 -292.69 -236.171
v 819.213 -195.46 -267.808
v 792.53 -311.505 -228.079
v 798.103 -188.189 -268.412
v 834.88 -233.471 -244.289
v 839.187 -217.464 -252.715
v 835.514 -279.225 -234.56
v 731.219 -320.294 -211.276
v 759.193 -290.709 -198.305
v 781.969 -325.188 -212.927
v 790.689 -294.336 -231.529
v 712.78 -312.774 -209.996
v 836.128 -188.754 -247.591
v 791.901 -165.494 -224.956
v 708.789 -289.637 -231
v 803.004 -271.308 -215.587
v 797.891 -179.142 -240.647
v 768.91 -325.004 -215.965
v 849.665 -252.746 -238.565
v 914.551 -186.505 574.575
v 805.979 -147.08 573.84
v 900.006 -201.987 569.825
v 793.142 -134.23 570.941
v 877.507 -208.481 565.483
v 819.068 -159.722 556.049
v 816.61 -200.97 579.202
v 862.244 -180.049 563.147
v 801.759 -138.205 572.496
v 812.281 -144.723 580.207
v 890.698 -209.897 593.226
v 853.543 -211.759 571.201
v 909.913 -183.449 581.378
v 872.984 -179.555 584.82
v 813.335 -149.543 586.923
v 809.55 -140.492 595.536
v 902.395 -201.033 604.315
v 766.278 -165.025 593.596
v 845.495 -169.156 592.333
v 903.496 -184.744 597.837
v 879.696 -180.316 604.769
v 729.599 -120.782 590.858
v 824.954 -143.965 602.879
v 794.655 -120.413 607.059
v 746.023 -132.988 609.056
v 824.814 -151.585 605.319
v 897.409 -189.685 620.009
v 884.345 -183.209 614.541
v 885.029 -210.478 614.517
v 860.074 -173.856 614.738
v 843.37 -207.272 620.031
v 812.238 -137.432 614.791
v 747.028 -111.134 626.49
v 884.575 -178.289 615.859
v 854.204 -206.483 629.786
v 881.49 -205.116 631.009
v 822.671 -142.704 624.572
v 767.746 -127.402 663.749
v 894.16 -199.133 628.927
v 912.275 -180.819 632.924
v 900.737 -184.722 627.387
v 898.536 -181.498 626.993
v 839.43 -161.307 621.44
v 847.774 -157.166 638.713
v 843.836 -148.062 639.136
v 835.75 -145.728 635.195
v 794.162 -173.366 645.815
v 811.628 -125.223 640.518
v 849.686 -148.068 644.327
v 809.437 -188.632 634.976
v 754.258 -107.478 635.061
v 900.129 -174.479 646.445
v 911.087 -181.063 637.593
v 807.789 -104.736 656.683
v 932.133 -178.807 649.816
v 777.606 -150.031 657.51
v 922.911 -192.945 647.46
v 843.411 -200.595 657.463
v 853.376 -149.918 657.243
v 940.72 -177.458 656.218
v 893.748 -171.06 663.567
v 908.696 -202.547 659.801
v 873.546 -204.207 665.55
v 827.62 -186.275 681.446
v 856.959 -155.73 660.78
v 847.444 -146.793 671.348
v 937.641 -177.528 670.641
v 877 -164.384 684.078
v 838.362 -137.178 673.039
v 940.015 -183.186 665.194
v 819.214 -91.9283 692.352
v 887.241 -210.946 705.903
v 916.114 -191.736 681.447
v 904.733 -178.283 686.26
v 865.969 -154.874 679.434
v 906.848 -199.974 678.003
v 914.933 -188.605 686.013
v 861.553 -197.405 703.358
v 836.058 -117.085 688.577
v 910.124 -213.974 685.789
v 901.719 -215.372 692.138
v 860.306 -138.597 697.498
v 948.417 -208.879 695.942
v 882.521 -146.247 704.85
v 883.304 -151.717 689.595
v 885.887 -149.281 695.717
v 764.401 -112.291 664.743
v 924.726 -188.334 698.983
v 878.279 -164.533 690.864
v 878.56 -156.187 707.937
v 954.505 -200.507 699.581
v 823.618 -84.9711 707.351
v 940.297 -220.496 708.126
v 964.759 -202.198 709.711
v 806.717 -79.9344 699.819
v 957.346 -215.701 715.752
v 902.678 -171.845 711.788
v 872.387 -143.664 716.131
v 930.889 -192.004 711.419
v 837.943 -90.8593 718.503
v 788.825 -100.658 716.247
v 879.818 -162.956 699.811
v 869.858 -202.174 717.596
v 908.933 -171.373 725.708
v 948.876 -214.659 725.984
v 856.595 -128.909 711.532
v 835.908 -97.5935 707.077
v 817.762 -144.89 737.293
v 820.888 -166.614 711.807
v 856.274 -188.336 732.395
v 787.521 -113.202 712.361
v 823.586 -84.8256 723.315
v 810.163 -147.494 721.603
v 792.117 -84.9622 705.812
v 842.749 -171.564 742.682
v 820.028 -128.262 752.004
v 838.528 -93.7599 722.936
v 794.219 -94.36 720.625
v 926.351 -218.874 735.829
v 922.082 -216.695 755.273
v 956.048 -202.957 723.409
v 862.694 -119.378 727.182
v 927.764 -181.662 737.715
v 940.565 -217.639 727.854
v 959.866 -224.224 756.925
v 873.38 -133.144 734.485
v 912.99 -167.426 748.254
v 865.062 -111.399 736.856
v 860.759 -101.03 746.305
v 984.688 -213.251 748.536
v 901.982 -154.246 747.196
v 891.31 -141.23 752.704
v 949.964 -189.912 746.216
v 881.128 -113.439 751.329
v 913.249 -161.277 752.604
v 967.348 -198.189 744.194
v 876.563 -124.81 747.901
v 907.943 -202.881 779.529
v 852.713 -96.0705 754.369
v 837.751 -90.0615 746.77
v 999.481 -207.041 761.263
v 862.547 -180.425 753.104
v 864.061 -100.925 760.074
v 871.637 -111.65 763.528
v 988.508 -220.139 764.369
v 943.839 -218.993 765.057
v 978.435 -198.399 765.592
v 875.79 -104.935 758.981
v 844.637 -97.6537 764.799
v 1002.29 -205.71 769.887
v 888.724 -132.121 763.698
v 924.071 -166.344 766.952
v 906.087 -142.819 768.967
v 934.679 -206.043 811.425
v 943.472 -182.593 775.925
v 969.768 -196.994 776.788
v 892.498 -175.819 803.94
v 986.704 -222.117 792.137
v 884.091 -116.372 779.234
v 1005.09 -211.333 777.169
v 1005.09 -204.259 787.609
v 831.045 -122.492 767.191
v 863.887 -144.907 799.511
v 992.411 -217.106 794.036
v 935.866 -169.562 781.942
v 972.596 -225.642 789.304
v 873.007 -107.852 774.812
v 914.247 -150.349 778.039
v 865.614 -115.533 798.499
v 993.237 -208.832 794.791
v 950.709 -219.71 801.05
v 891.384 -143.759 829.916
v 937.521 -162.946 799.727
v 886.564 -188.32 780.511
v 878.704 -110.715 801.717
v 915.202 -135.484 797.676
v 927.325 -150.503 800.13
v 974.314 -222.696 843.112
v 998.782 -234.031 818.524
v 974.545 -197.236 805.336
v 996.961 -207.978 802.003
v 940.531 -147.394 821.17
v 877.478 -168.318 796.934
v 977.187 -190.082 816.787
v 986.681 -201.37 816.406
v 935.997 -138.606 831.746
v 970.48 -181.328 828.854
v 1003.71 -207.571 829.191
v 959.292 -171.314 820.862
v 904.989 -123.428 815.134
v 912.815 -125.418 816.511
v 906.49 -122.043 828.655
v 992.347 -227.648 849.228
v 984.817 -230.103 830.13
v 967.331 -206.621 864.678
v 991.66 -190.166 845.234
v 942.392 -204.804 833.581
v 1057.71 -241.108 861.05
v 913.451 -128.16 815.136
v 1023.53 -232.556 826.538
v 953.245 -145.415 858.739
v 944.16 -196.485 853.237
v 1032.54 -218.405 850.334
v 1007.58 -204.28 835.304
v 1086.06 -238.012 896.838
v 975.097 -163.927 852.362
v 915.832 -168.674 846.386
v 1027.06 -242.866 849.533
v 918.859 -142.136 850.699
v 955.042 -143.772 872.039
v 949.022 -141.027 848.353
v 1037.95 -225.821 839.725
v 1059.09 -249.255 874.966
v 955.408 -183.148 878.695
v 1015.37 -199.206 864.596
v 955.074 -153.834 879.522
v 1057.94 -226.855 872.815
v 990.975 -165.297 883.067
v 998.836 -175.498 871.903
v 1016.79 -236.987 867.909
v 1045.97 -212.69 883.77
v 1070.96 -252.036 896.337
v 1048.13 -245.549 882.432
v 994.979 -186.27 911.644
v 1013.79 -226.003 898.09
v 1007.35 -170.53 912.711
v 1083.36 -246.073 894.767
v 1029.49 -187.807 907.504
v 1066.34 -222.108 898.873
v 1032.92 -194.816 890.963
v 1064.57 -250.96 905.773
v 1108.31 -248.199 915.789
v 1045.09 -238.337 908.954
v 1074.42 -246.921 943.292
v 1088.63 -230.84 915.524
v 1017.77 -178.883 907.193
v 1008.15 -217.483 905.264
v 1122.64 -264.166 931.242
v 1022.15 -207.755 928.732
v 1033.8 -183.796 929.618
v 1049.74 -207.881 947.708
v 1080.59 -216.634 923.694
v 1105.13 -265.025 928.939
v 1112.2 -243.133 932.697
v 1088.34 -258.289 936.516
v 1090.21 -242.893 965.288
v 1095.01 -258.354 935.018
v 1140.65 -259.871 943.411
v 1067.89 -203.751 932.006
v 1143.03 -250.921 954.989
v 1109.06 -227.481 953.589
v 1119.64 -264.986 965.737
v 1089.47 -217.421 961.618
v 1060.49 -200.817 947.737
v 1141.38 -272.755 954.757
v 1151.96 -269.107 966.002
v 1154.27 -261.354 958.696
v 1150.15 -250.093 970.23
v 1107.62 -235.676 974.165
v 1092 -237.644 968.608
v 1154.81 -256.091 975.505
v 1141.46 -265.255 977.747
v 1139.68 -247.757 980.19
v 524.066 -97.983 165.725
v 633.94 72.7825 315.025
v 648.78 -89.0807 340.224
v 600.838 -119.653 408.972
v 624.41 -103.31 408.596
v 589.268 -113.947 515.735
v 609.832 -104.842 498.52
v 606.067 -102.223 523.483
v 606.731 -109.266 466.788
v 578.484 -172.473 416.185
v 574.301 -34.1547 444.8
v 702.98 -115.482 412.461
v 687.43 -124.898 469.832
v 540.45 -107.353 455.732
v 526.259 -78.4223 464.854
v 572.313 -95.7244 515.937
v 590.063 -72.6283 567.052
v 586.639 -84.0932 542.743
v 518.436 -59.1217 528.916
v 513.014 -63.2969 522.065
v 531.044 -93.6857 523.667
v 557.58 -72.7896 555.399
v 504.024 -104.122 510.26
v 546.922 -73.7422 572.488
v 493.967 -84.5081 506.515
v 670.313 -123.819 555.569
v 615.312 -162.166 -187.215
v 612.128 -182.287 -110.46
v 635.388 -138.569 -149.686
v 631.847 -129.839 -157.071
v 514.975 -174.796 16.9644
v 508.257 -184.601 20.8657
v 571.355 -116.371 35.1615
v 569.105 -83.4251 137.776
v 587.354 -114.664 83.0762
v 568.552 -128.943 81.8458
v 557.164 -73.8367 158.696
v 524.537 -128.18 118.264
v 533.672 -92.5598 153.996
v 786.641 84.0986 -600.502
v 673.033 -387.846 -600.076
v 548.769 -25.4752 -599.902
v 916.446 -110.258 -602.315
v 606.053 -320.389 -603.086
v 852.287 38.864 -600.494
v 738.004 -378.338 -600.194
v 635.059 -360.281 -599.818
v 742.403 62.9005 -603.464
v 616.002 58.952 -600.618
v 540.151 -283.893 -600.09
v 719.538 -244.399 -601.785
v 589.647 25.5959 -600.654
v 519.578 -170.132 -600.638
v 943.41 -146.056 -600.161
v 837.501 -348.432 -603
v 877.722 8.54413 -603.114
v 529.828 -234.921 -600.341
v 697.141 45.3147 -604.228
v 508.528 -78.1431 -600.479
v 544.142 -241.286 -602.965
v 930.981 -41.2775 -600.787
v 718.971 52.65 -606.054
v 521.929 -74.4587 -602.238
v 543.75 -268.017 -330.151
v 612.507 -232.416 -363.874
v 593.382 -284.656 -346.559
v 578.09 -222.086 -336.574
v 553.391 -237.644 -303.992
v 632.067 -172.061 -345.939
v 623.607 -153.577 -326.498
v 648.513 -149.109 -338.478
v 628.924 -236.451 -266.443
v 639.497 -233.262 -284.511
v 545.117 -5.70876 603.173
v 599.637 -36.0309 586.183
v 616.251 -47.7256 601.013
v 499.824 -5.97893 621.395
v 598.589 -92.1824 623.15
v 714.478 -117.268 618.29
v 610.933 -52.6786 661.315
v 460.803 93.2101 760.222
v 443.219 91.2901 771.555
v 451.266 96.209 752.59
v 448.728 87.39 779.81
v 464.639 122.726 852.709
v 452.84 90.7802 881.399
v 456.25 76.6894 939.486
v 479.486 74.3044 924.988
v 482.106 85.0797 940.899
v 474.535 80.8342 944.477
v 445.261 89.7538 943.317
v 619.007 -259.336 -139.106
v 604.469 -259.19 -145.69
v 641.023 -304.031 -384.145
v 628.257 -315.562 -377.399
v 602.139 -326.724 -380.253
v 620.453 -297.626 -373.201
v 678.174 -324.349 -365.286
v 868.947 -99.9543 104.026
v 857.881 -105.764 124.387
v 899.276 -93.6946 52.7521
v 850.154 -105.802 147.228
v 874.632 -94.0783 104.183
v 958.014 36.0499 232.061
v 927.032 -22.3217 233.48
v 957.72 29.2039 244.492
v 789.407 -6.64052 292.82
v 979.511 -23.3408 257.175
v 975.804 -7.47754 256.213
v 1011.36 4.51541 251.813
v 980.965 -18.2633 260.11
v 1007.46 10.6154 249.02
v 956.039 12.4104 284.114
v 1007.59 18.0346 276.993
v 1006.19 20.2455 268.671
v 798.402 -45.8911 342.419
v 775.06 -48.9687 349.89
v 777.69 -133.831 311.067
v 769.154 -34.7914 362.653
v 769.298 -51.3787 347.159
v 785.766 -88.907 332.054
v 770.132 -71.1627 352.207
v 802.268 -69.5574 334.636
v 765.79 -87.7991 348.401
v 806.986 -101.208 345.283
v 826.179 -113.143 350.05
v 801.674 -128.133 343.131
v 803.214 -142.679 333.541
v 820.509 -107.46 357.884
v 731.252 -60.9035 336.475
v 765.059 -26.1031 367.963
v 784.172 -9.77033 375.687
v 814.646 -47.2351 353.252
v 829.243 -39.9726 374.417
v 751.377 -106.327 413.202
v 749.884 61.3239 379.854
v 772.893 -76.7618 540.824
v 767.72 -120.211 436.318
v 740.023 -106.817 -213.247
v 766.797 -89.2046 -123.1
v 824.262 -172.782 -249.899
v 778.797 -120.531 -173.127
v 734.462 -27.2493 -18.6257
v 737.114 -40.1227 -54.2224
v 747.99 -107.322 -154.159
v 840.426 -143.946 -111.618
v 829.738 -135.593 -82.7181
v 727.813 -22.5787 -68.0931
v 725.967 -23.5176 -20.1039
v 869.821 -142.819 -35.2331
v 881.178 -141.985 -29.9161
v 887.17 -155.56 -33.2004
v 876.176 -145.583 -31.8018
v 896.081 -167.399 -40.8699
v 885.96 -131.182 -48.1481
v 911.042 -97.9302 19.789
v 829.174 -82.8437 43.5507
v 829.897 -66.4005 76.6719
v 670.663 33.5928 -447.847
v 678.351 21.4651 -459.123
v 667.385 -101.34 -390.666
v 727.329 -75.2263 -351.003
v 832.865 -118.871 -362.07
v 670.698 -85.3916 -349.348
v 782.445 -107.412 -319.22
v 717.637 -41.6486 597.388
v 730.601 -64.6594 587.721
v 739.484 -65.9294 591.994
v 759.958 -95.4048 635.308
v 728.859 -18.5061 679.736
v 823.903 -237.75 -233.472
v 825.191 -229.185 -218.929
v 834.572 -261.5 -249.121
v 885.844 -182.761 -84.0156
v 922.747 -141.341 -35.5356
v 913.032 -135.437 -30.4207
v 880.366 -229.941 -410.655
v 868.978 -238.79 -408.394
v 866.887 -234.261 -412.236
v 864.45 -229.951 -400.952
v 726.405 -298.663 -367.361
v 802.213 -338.912 -331.006
v 749.318 -319.991 -367.103
v 801.868 -259.995 -350.36
v 775.571 -295.279 -352.249
v 745.429 -295.497 -368.779
v 789.242 -270.074 -355.98
v 869.377 -261.986 -383.557
v 835.067 -220.349 -363.426
v 729.359 -316.461 -308.023
v 796.79 -294.86 -288.349
f 3018 3021 3039
f 3005 3084 3021
f 4812 230 216
f 330 335 380
f 1 1540 3677
f 3677 1532 1
f 1527 1571 1464
f 2312 2351 4914
f 2312 2340 2351
f 509 4830 557
f 847 868 852
f 4808 4807 4809
f 4808 4802 4807
f 4805 4809 4799
f 4468 4507 4463
f 4468 4539 4507
f 4463 4471 4468
f 4484 4491 5000
f 5000 4437 4484
f 4459 4449 5000
f 4417 4430 4412
f 4417 4431 4432
f 4429 4419 4450
f 4419 4429 4394
f 4407 4435 4403
f 4356 4368 4386
f 4368 4395 4386
f 4428 4377 4358
f 4385 4358 4337
f 4999 4428 4358
f 4377 4337 4358
f 4448 4999 4454
f 4448 4428 4999
f 4999 4444 4454
f 4998 4362 4382
f 4362 4998 4335
f 4335 4998 4326
f 4995 4996 4994
f 4348 4995 4994
f 4992 4995 4348
f 4373 4994 4996
f 4324 4990 4995
f 4364 4384 4376
f 4348 4994 4369
f 4342 4992 4348
f 4376 4351 4364
f 4990 4324 4332
f 4392 4384 4364
f 4378 4991 4369
f 4369 4991 4364
f 4995 4990 4313
f 4995 4992 4324
f 4378 4994 4373
f 4390 4991 4378
f 4993 4373 4996
f 4991 4392 4364
f 4351 4343 4342
f 4376 4343 4351
f 4341 4990 4331
f 4319 4989 4312
f 4300 4304 4301
f 4391 4403 4993
f 4317 4304 4300
f 4367 4391 4359
f 4421 4403 4391
f 4421 4391 4367
f 4420 4421 4367
f 4367 4359 4317
f 4317 4359 4304
f 4299 4314 4308
f 4988 4986 4987
f 4988 4987 4298
f 4308 4987 4299
f 4987 4308 4300
f 4314 4299 4323
f 4986 4299 4987
f 4290 4289 4302
f 4302 4289 4296
f 4133 4132 4119
f 4127 4133 4119
f 4104 4095 4063
f 4054 4063 4095
f 4985 4063 4054
f 4104 4063 3017
f 4010 4984 4079
f 4079 4984 4054
f 4027 4029 4028
f 4010 4029 4027
f 4079 4029 4010
f 4983 3952 3990
f 3871 3892 3866
f 3876 3881 3852
f 4532 3852 3848
f 4532 3848 4522
f 4982 4525 4980
f 4982 4980 3854
f 4982 3854 3853
f 3881 3908 4981
f 3909 3926 3908
f 3881 3909 3908
f 4525 3848 4980
f 4500 3856 4485
f 4500 4536 3856
f 3780 3773 3783
f 3776 3788 3783
f 3776 3774 3788
f 3774 3772 3767
f 3732 3720 3724
f 3677 1540 3670
f 3643 3663 3659
f 3663 3643 3654
f 3645 4979 3659
f 3645 3636 4979
f 3637 3636 3645
f 3633 4979 3636
f 3659 4979 3643
f 3633 3627 3620
f 3602 3644 3609
f 3592 4978 3609
f 3574 4978 3592
f 4597 4978 3593
f 3609 4978 3602
f 3574 3593 4978
f 3632 3644 3602
f 3550 3540 4977
f 4977 3562 3553
f 4977 3553 3550
f 4977 3558 3562
f 3544 3540 3550
f 3560 4975 3565
f 3539 3560 3565
f 3560 3567 3578
f 3578 3570 4975
f 3539 3565 4976
f 4976 3537 3539
f 4975 3570 3565
f 3435 3459 3470
f 3435 3470 4974
f 3440 3459 3435
f 3435 4974 3419
f 3383 3419 4974
f 3459 3442 3470
f 3418 3410 3467
f 3423 3396 3408
f 3388 3403 3409
f 3403 3425 3409
f 3365 3375 3406
f 3365 3374 3375
f 3379 4973 3340
f 3352 3362 3363
f 4972 3343 3367
f 3367 3329 3357
f 3342 3329 3367
f 3387 3347 4971
f 3353 3324 3347
f 3387 4971 3390
f 3311 3310 3347
f 3332 3306 3292
f 3292 3306 3297
f 3309 3317 4970
f 4969 4968 3233
f 3233 3218 4969
f 3261 3242 3241
f 3216 3220 3208
f 3229 3257 3238
f 3229 3220 3257
f 3218 3233 3239
f 3109 3102 3094
f 3105 2222 2230
f 3105 4967 3085
f 3085 2222 3105
f 4966 4967 3009
f 2984 4966 3009
f 3020 3006 3046
f 3027 3046 3006
f 3003 3004 3000
f 3000 3004 2977
f 3020 2970 2987
f 3017 2975 4965
f 4003 2926 2943
f 2943 4063 4003
f 4063 2943 2975
f 4063 2975 3017
f 2930 4019 4009
f 3996 4964 4009
f 4011 4961 4964
f 4961 4959 4962
f 3998 4959 4961
f 4962 4036 4960
f 4036 4047 4057
f 4964 4961 4960
f 4961 4962 4960
f 3994 3996 4009
f 4011 4964 3996
f 4011 4963 4961
f 3998 4961 4963
f 4960 4036 4057
f 3998 3990 4959
f 4009 4964 2930
f 4024 4963 4011
f 2925 3988 2996
f 3947 3950 3938
f 3947 3988 2925
f 3890 3864 3901
f 2976 2996 3988
f 2984 2996 2976
f 3901 3947 3938
f 3938 3890 3901
f 3890 3854 3864
f 2951 2890 4957
f 2999 2948 3021
f 2949 2948 4958
f 2951 4957 2949
f 2915 4957 2890
f 4958 2948 2999
f 2949 4958 2951
f 4955 4956 3963
f 3944 4955 3963
f 2939 2924 2944
f 2961 2939 2944
f 2961 2957 3019
f 4956 3989 3963
f 2924 2939 4956
f 2939 3989 4956
f 2961 2944 2957
f 2917 3944 3960
f 3944 3926 3960
f 2907 2917 3960
f 2881 2896 2873
f 2873 2844 2864
f 4954 2844 2873
f 2888 2910 2854
f 4952 2998 2963
f 3036 2963 2998
f 3036 2998 3018
f 3039 3036 3018
f 2861 2888 2854
f 2827 2861 2854
f 2929 4953 2963
f 4953 4952 2963
f 2929 2910 4953
f 2990 2963 3036
f 2910 2888 4953
f 4950 4511 4544
f 2806 4950 4544
f 4460 4511 4529
f 4541 2806 4544
f 4529 4511 4950
f 2806 4541 2848
f 3488 2787 2788
f 2788 3485 3488
f 3492 3499 2791
f 3499 3492 3487
f 3495 4948 2808
f 2836 2808 4948
f 3486 3521 2799
f 3481 3486 3455
f 2799 3455 3486
f 2799 3521 2832
f 2824 2832 3521
f 2778 2733 4946
f 2766 2733 2778
f 2733 2766 2722
f 2718 2733 2722
f 2712 2730 2700
f 2712 2741 2730
f 2676 2700 2730
f 3786 2743 2688
f 2675 2756 2718
f 2756 2675 2728
f 2675 2718 4947
f 4946 2756 2728
f 2718 2715 4947
f 2670 2668 2667
f 2598 2642 2668
f 4941 2642 2598
f 2614 2620 2641
f 2641 2622 2614
f 2618 2617 2639
f 2599 4945 2596
f 2592 2596 4945
f 4944 2552 2585
f 2587 4944 2583
f 2552 4944 2587
f 4943 2604 2608
f 2578 2595 4943
f 2595 2604 4943
f 2566 3733 2586
f 3733 4935 3731
f 3733 3731 2586
f 2575 2589 2586
f 2586 2533 2575
f 2569 2551 2552
f 4942 2529 2550
f 4942 2550 4943
f 2502 2528 2568
f 2526 2532 4940
f 2532 2526 2510
f 4940 4941 2598
f 2532 4941 4940
f 2537 4941 2532
f 2493 4939 2486
f 4936 3720 4937
f 3731 3729 4938
f 3729 4935 4936
f 3731 4935 3729
f 3724 3720 4936
f 4938 3729 4934
f 4936 4935 3724
f 4934 2509 2503
f 2503 2485 2507
f 2479 2503 2509
f 4938 4934 2475
f 2533 4938 2475
f 4934 2503 2507
f 4938 2533 2586
f 4937 3720 3716
f 4934 3729 2509
f 2479 2509 2470
f 3716 3714 4937
f 3733 3724 4935
f 2474 2455 2384
f 2471 2452 4930
f 4933 2452 2467
f 2598 2579 4928
f 4932 2418 2442
f 4930 2518 2482
f 2482 2471 4930
f 2452 4927 3717
f 2670 2579 2598
f 2418 4932 2508
f 4930 4931 2518
f 2452 2448 4927
f 2525 4929 4926
f 3707 4927 3708
f 4930 2452 4933
f 2518 4932 2482
f 4931 4930 4933
f 3707 3717 4927
f 2482 4932 2442
f 2507 2485 2482
f 2579 4925 4926
f 2579 4926 4928
f 2518 4926 4925
f 2518 4925 4932
f 4929 2525 2490
f 2598 2668 2670
f 4926 4929 4928
f 2442 2477 2482
f 2482 2477 2507
f 2452 3717 2467
f 2437 2431 2454
f 2365 2425 2443
f 2417 2413 4924
f 2419 4924 2413
f 2404 2417 2424
f 2388 2413 2404
f 4923 2419 2433
f 4924 2419 4923
f 2421 2464 4922
f 2421 2362 2402
f 2454 2431 2457
f 2362 2421 4922
f 4919 4920 4921
f 2363 4918 4920
f 2369 4920 4918
f 2382 4921 2369
f 4920 2369 4921
f 4918 2363 2366
f 4921 2382 2392
f 2400 2386 2375
f 2386 2364 2375
f 2375 2346 4917
f 2375 2390 2400
f 2375 4917 2390
f 4920 2390 4917
f 2378 2363 2341
f 2453 2361 4916
f 2361 2453 2385
f 2385 2353 2361
f 2453 4916 2432
f 2463 2453 2432
f 4915 2335 2349
f 2334 4915 2349
f 4914 2322 2309
f 2326 2312 2310
f 2312 2309 2310
f 4914 2309 2312
f 2328 2326 2310
f 2322 2343 2309
f 3698 2256 2251
f 2260 2282 2203
f 2279 2240 2234
f 2282 2234 3115
f 2234 2240 3115
f 2206 3108 3115
f 2240 2206 3115
f 3110 3071 3055
f 3071 3056 4910
f 4911 3117 4912
f 2225 2244 4911
f 4912 3117 3110
f 3066 4908 3082
f 2259 2242 2254
f 3055 3071 4910
f 2286 2303 2254
f 4910 3053 4135
f 4911 4912 4909
f 4139 3029 4910
f 4139 4910 4135
f 4912 3110 3055
f 2286 2300 2323
f 2225 2254 2244
f 4911 2244 3117
f 4135 3053 3049
f 2323 2303 2286
f 3053 4910 3056
f 3086 3082 4908
f 3086 4908 4912
f 2286 2254 2225
f 2247 2254 2303
f 2247 2259 2254
f 2361 2323 2300
f 3055 3086 4912
f 4909 4912 4908
f 3049 4134 4135
f 4907 2064 4310
f 2058 2067 2060
f 4905 4904 2063
f 4904 4905 4906
f 2059 4904 4903
f 2060 4906 4905
f 2068 4906 2060
f 2063 4904 2059
f 2060 4905 2058
f 4903 4904 4906
f 1916 1934 1942
f 1916 1928 1934
f 1962 1955 1940
f 4902 4901 1954
f 1965 1962 1958
f 1949 1924 1940
f 1944 1959 1951
f 1974 1962 1965
f 1954 4901 1944
f 1955 1949 1940
f 1924 1949 4901
f 1924 4902 1920
f 4901 4902 1924
f 1944 1951 1954
f 1962 1940 1958
f 1954 1936 4902
f 4897 1795 1779
f 1795 4897 4898
f 1781 1761 1777
f 1758 1770 1749
f 1758 1772 1770
f 1747 1754 1764
f 1759 1754 1747
f 1742 1755 1748
f 1741 1742 1735
f 1741 4895 1731
f 1735 4895 1741
f 1755 1777 1761
f 1726 1720 1722
f 1724 1719 1727
f 1727 1725 1724
f 1725 1727 4895
f 1639 1623 1574
f 1618 4893 4891
f 1647 4891 4893
f 1618 4891 1593
f 1626 4893 1618
f 1654 1647 4893
f 4891 1574 1593
f 1654 4893 1648
f 1618 1593 1625
f 4892 1564 1576
f 1618 1619 1626
f 4892 1562 1564
f 1602 4892 1576
f 1570 1564 1562
f 1602 4890 1593
f 1630 1648 4893
f 1389 1388 1355
f 1364 1381 1345
f 1312 1321 1332
f 1332 1319 1312
f 4887 1279 1291
f 1292 1279 4887
f 1287 1330 1281
f 1307 1310 1295
f 1245 1232 1205
f 4884 1204 1217
f 1206 1166 1156
f 1193 1160 1173
f 4883 1160 1193
f 1264 1282 4883
f 1160 1162 1173
f 1160 4883 1212
f 4881 1138 1130
f 1138 4881 2126
f 1130 4882 4881
f 2126 2127 2134
f 1128 2127 2117
f 2117 1125 1128
f 1128 1904 2127
f 1114 1125 2117
f 4879 4880 3371
f 3358 4879 4878
f 3333 3355 4880
f 3358 3368 4880
f 3333 4880 3368
f 4879 3358 4880
f 4880 3355 3371
f 1121 4877 1122
f 1105 1091 4876
f 1105 4876 1116
f 1121 1118 4877
f 1105 1116 1118
f 3289 1092 1088
f 3303 3289 1088
f 2077 2073 2066
f 1108 4873 1110
f 1081 4874 1079
f 1087 4874 2076
f 2076 1085 1087
f 2066 4873 4875
f 2075 1102 2076
f 4875 2072 2066
f 1102 1085 2076
f 1081 2076 4874
f 4875 4873 1108
f 1108 2075 4875
f 2066 2073 4873
f 2075 1108 1102
f 4874 1087 1084
f 1086 1083 1076
f 1075 1073 1064
f 1064 1073 1063
f 1071 1063 1060
f 1063 1065 1061
f 1060 1063 1061
f 1066 1071 1060
f 4867 4869 4872
f 3127 4849 4857
f 4861 4858 4872
f 4860 4853 4869
f 4854 4871 4857
f 4867 4860 4869
f 4852 4865 4870
f 4866 4862 4869
f 4871 4867 3127
f 4871 4854 4865
f 4857 4871 3127
f 4860 4852 4864
f 4864 4233 4227
f 4853 4860 4850
f 4862 4868 4872
f 4850 4856 4853
f 4867 4872 4858
f 4869 4859 4866
f 4869 4853 4859
f 4864 4855 4860
f 4861 4872 4851
f 4860 4867 4871
f 4870 4865 3134
f 4853 4856 4859
f 4851 4872 4868
f 4857 4849 4854
f 4854 3134 4865
f 4864 4852 4233
f 4858 3127 4867
f 4869 4862 4872
f 4852 4871 4865
f 4850 4860 4855
f 4852 4860 4871
f 4855 4864 4219
f 4863 4233 4852
f 4219 4864 4227
f 4863 4852 4870
f 1007 1015 995
f 986 995 996
f 937 991 4848
f 891 991 937
f 937 4848 969
f 937 923 891
f 923 880 891
f 940 925 4847
f 4847 925 869
f 862 874 868
f 898 874 862
f 898 862 882
f 916 898 882
f 868 864 862
f 837 847 852
f 1976 1992 1997
f 2014 833 2004
f 1976 1997 2004
f 4845 906 867
f 936 907 952
f 944 4843 4846
f 907 906 4845
f 867 810 4845
f 4843 936 952
f 907 936 906
f 944 4846 1001
f 4846 4843 952
f 1001 981 944
f 4843 899 4844
f 788 832 4842
f 899 832 4844
f 788 4844 832
f 4843 917 899
f 788 775 4844
f 917 4843 944
f 782 768 789
f 782 793 776
f 789 779 782
f 779 793 782
f 4840 768 782
f 753 777 743
f 746 715 734
f 734 715 723
f 723 680 693
f 716 698 681
f 688 4839 678
f 4839 4838 678
f 678 708 711
f 678 4838 696
f 723 717 690
f 670 668 690
f 668 4837 690
f 4837 723 690
f 674 719 704
f 719 739 731
f 704 719 731
f 664 674 704
f 663 2807 4839
f 663 646 2807
f 1137 3493 3476
f 1137 1144 3493
f 1144 1137 644
f 626 1286 1189
f 630 593 605
f 4835 602 604
f 578 567 564
f 564 4835 578
f 554 566 567
f 606 570 546
f 570 606 1153
f 551 501 519
f 551 519 584
f 527 536 526
f 509 533 502
f 502 533 515
f 496 537 4834
f 4830 4831 557
f 4832 4830 509
f 557 4831 4833
f 4832 443 4830
f 4830 443 493
f 4828 574 523
f 4829 523 461
f 475 4829 461
f 4828 4829 511
f 523 4829 4828
f 475 461 448
f 497 4829 475
f 511 4829 497
f 4827 545 4825
f 580 545 4827
f 4825 505 422
f 422 505 444
f 4826 1180 580
f 608 580 1180
f 505 4825 545
f 580 4827 4826
f 433 1858 1860
f 398 423 434
f 423 398 390
f 423 445 434
f 478 434 445
f 4824 357 354
f 356 391 4824
f 354 356 4824
f 366 414 4823
f 379 371 376
f 393 414 366
f 361 376 391
f 366 4823 371
f 376 361 379
f 429 414 393
f 404 350 4821
f 350 2568 2558
f 362 4822 404
f 2558 4821 350
f 4821 362 404
f 438 404 4822
f 350 2588 2568
f 394 341 345
f 316 345 341
f 341 305 316
f 302 308 311
f 308 302 4819
f 297 296 294
f 314 315 335
f 297 277 296
f 437 352 4818
f 4817 542 4815
f 437 379 352
f 352 4814 410
f 542 4817 593
f 4815 4818 4816
f 4814 352 4813
f 373 352 379
f 437 442 379
f 4817 4815 4816
f 437 4818 4815
f 410 4818 352
f 267 290 280
f 280 290 275
f 262 254 265
f 262 244 254
f 216 226 4812
f 203 198 193
f 203 4811 192
f 192 4811 2483
f 203 192 198
f 198 181 194
f 173 159 170
f 145 161 148
f 158 161 145
f 170 161 158
f 159 161 170
f 136 142 127
f 148 116 108
f 131 117 136
f 976 101 104
f 101 153 175
f 175 104 101
f 976 104 1012
f 1015 1003 981
f 980 4848 54
f 54 4848 67
f 4810 990 961
f 4810 64 75
f 4810 75 990
f 49 50 44
f 4809 4805 4808
f 4804 4809 4807
f 4808 4805 4806
f 4798 4808 4792
f 4807 4803 4804
f 4806 4792 4808
f 4809 4804 4799
f 4804 4803 4796
f 4798 4801 4808
f 4801 4802 4808
f 4800 4805 4799
f 4800 4787 4805
f 4797 4799 4804
f 4805 4787 4806
f 4798 4792 4780
f 4803 4802 4801
f 4797 4804 4796
f 4798 4780 4791
f 4796 4803 4794
f 4801 4798 4791
f 4807 4802 4803
f 4801 4791 4793
f 4795 4799 4797
f 4792 4806 4787
f 4794 4803 4801
f 4800 4799 4795
f 4797 4796 4790
f 4800 4786 4787
f 4801 4793 4789
f 4794 4790 4796
f 4784 4794 4801
f 4788 4797 4790
f 4795 4797 4788
f 4794 4778 4790
f 4784 4801 4789
f 4783 4792 4785
f 4786 4800 4795
f 4786 4795 4782
f 4785 4787 4770
f 4781 4788 4790
f 4772 4787 4786
f 4787 4772 4770
f 4774 4795 4788
f 4790 4778 4781
f 4773 4784 4768
f 4773 4794 4784
f 4782 4795 4774
f 4780 4792 4783
f 4784 4789 4768
f 4789 4793 4777
f 4778 4794 4773
f 4793 4779 4777
f 4787 4785 4792
f 4781 4778 4751
f 4782 4772 4786
f 4788 4781 4776
f 4789 4777 4768
f 4780 4783 4771
f 4775 4781 4751
f 4779 4791 4771
f 4772 4762 4770
f 4780 4771 4791
f 4775 4776 4781
f 4782 4774 4764
f 4785 4760 4783
f 4772 4764 4756
f 4782 4764 4772
f 4778 4773 4751
f 4785 4770 4760
f 4756 4762 4772
f 4776 4775 4767
f 4768 4777 4769
f 4775 4751 4767
f 4766 4777 4779
f 4764 4774 4776
f 4788 4776 4774
f 4759 4768 4769
f 4764 4776 4765
f 4769 4777 4766
f 4771 4741 4779
f 4744 4751 4773
f 4771 4783 4748
f 4779 4793 4791
f 4756 4764 4747
f 4765 4776 4767
f 4741 4771 4748
f 4773 4759 4744
f 4767 4751 4763
f 4747 4764 4757
f 4766 4779 4724
f 4779 4741 4724
f 4767 4761 4765
f 4752 4764 4765
f 4767 4763 4761
f 4770 4762 4718
f 4748 4783 4760
f 4718 4762 4755
f 4761 4763 4750
f 4758 4763 4751
f 4754 4769 4739
f 4752 4765 4761
f 4769 4754 4759
f 4769 4766 4739
f 4752 4761 4742
f 4742 4761 4750
f 4732 4764 4752
f 4760 4718 4753
f 4750 4763 4749
f 4749 4763 4758
f 4740 4754 4739
f 4744 4759 4746
f 4746 4759 4754
f 4755 4762 4756
f 4724 4741 4743
f 4758 4751 4744
f 4756 4747 4736
f 4738 4756 4736
f 4748 4760 4753
f 4757 4736 4747
f 4728 4732 4752
f 4755 4756 4738
f 4734 4749 4758
f 4737 4736 4757
f 4755 4738 4715
f 4757 4732 4745
f 4733 4752 4742
f 4766 4724 4739
f 4732 4757 4764
f 4737 4757 4745
f 4734 4750 4749
f 4746 4758 4744
f 4750 4733 4742
f 4760 4770 4718
f 4753 4718 4709
f 4703 4741 4748
f 4728 4733 4735
f 4730 4733 4750
f 4748 4753 4729
f 4731 4750 4734
f 4728 4752 4733
f 4755 4715 4718
f 4703 4743 4741
f 4719 4735 4733
f 4725 4746 4754
f 4722 4732 4728
f 4740 4739 4700
f 4727 4734 4758
f 4727 4758 4716
f 4716 4758 4746
f 4700 4739 4724
f 4725 4754 4740
f 4738 4721 4715
f 4703 4720 4743
f 4723 4728 4735
f 4730 4719 4733
f 4723 4722 4728
f 4738 4736 4721
f 4740 4700 4717
f 4724 4743 4720
f 4734 4727 4731
f 4716 4746 4710
f 4704 4746 4725
f 4731 4727 4716
f 4705 4732 4722
f 4713 4736 4737
f 4704 4710 4746
f 4753 4709 4729
f 4730 4731 4726
f 4703 4748 4729
f 4704 4725 4712
f 4709 4718 4708
f 4716 4702 4726
f 4711 4719 4726
f 4721 4736 4713
f 4710 4707 4716
f 4731 4716 4726
f 4715 4708 4718
f 4723 4719 4714
f 4722 4723 4714
f 4693 4716 4707
f 4719 4730 4726
f 4726 4702 4701
f 4700 4724 4720
f 4712 4725 4740
f 4712 4740 4717
f 4706 4704 4691
f 4706 4710 4704
f 4654 4729 4709
f 4697 4722 4714
f 4705 4713 4745
f 4704 4712 4692
f 4700 4720 4688
f 4759 4773 4768
f 4721 4713 4695
f 4697 4714 4699
f 4701 4698 4711
f 4684 4700 4688
f 4705 4745 4732
f 4696 4707 4706
f 4715 4721 4695
f 4717 4700 4684
f 4687 4696 4706
f 4714 4711 4698
f 4696 4693 4707
f 4671 4704 4692
f 4701 4711 4726
f 4692 4712 4666
f 4690 4713 4705
f 4689 4713 4690
f 4715 4695 4664
f 4715 4664 4708
f 4717 4684 4666
f 4697 4690 4705
f 4673 4698 4701
f 4689 4695 4713
f 4745 4713 4737
f 4702 4716 4693
f 4693 4696 4687
f 4691 4704 4671
f 4687 4706 4691
f 4697 4705 4722
f 4694 4689 4690
f 4702 4693 4679
f 4697 4699 4678
f 4685 4695 4689
f 4694 4690 4680
f 4707 4710 4706
f 4701 4702 4669
f 4693 4687 4679
f 4661 4703 4659
f 4703 4661 4720
f 4659 4703 4729
f 4678 4699 4714
f 4677 4714 4698
f 4690 4697 4683
f 4669 4702 4679
f 4698 4681 4677
f 4676 4687 4691
f 4675 4694 4680
f 4662 4709 4708
f 4649 4666 4684
f 4682 4679 4687
f 4673 4681 4698
f 4694 4675 4689
f 4680 4690 4683
f 4678 4714 4677
f 4730 4750 4731
f 4685 4686 4695
f 4723 4735 4719
f 4719 4711 4714
f 4654 4709 4662
f 4673 4701 4669
f 4667 4687 4676
f 4671 4692 4665
f 4685 4689 4675
f 4677 4681 4673
f 4684 4688 4656
f 4667 4682 4687
f 4673 4669 4650
f 4680 4683 4674
f 4674 4683 4668
f 4659 4729 4654
f 4660 4695 4686
f 4670 4691 4671
f 4670 4676 4691
f 4686 4685 4658
f 4720 4661 4688
f 4666 4712 4717
f 4660 4664 4695
f 4658 4685 4663
f 4685 4675 4663
f 4674 4675 4680
f 4644 4672 4678
f 4644 4678 4677
f 4636 4673 4650
f 4636 4677 4673
f 4667 4676 4651
f 4683 4697 4678
f 4658 4660 4686
f 4624 4692 4666
f 4668 4683 4672
f 4651 4676 4670
f 4663 4675 4674
f 4644 4677 4636
f 4649 4684 4656
f 4668 4672 4652
f 4647 4657 4662
f 4669 4679 4682
f 4658 4663 4646
f 4665 4692 4624
f 4654 4662 4657
f 4645 4669 4682
f 4650 4669 4643
f 4645 4682 4667
f 4642 4667 4651
f 4638 4658 4646
f 4618 4665 4624
f 4663 4668 4653
f 4670 4639 4651
f 4646 4663 4653
f 4667 4642 4640
f 4648 4636 4650
f 4641 4658 4638
f 4639 4642 4651
f 4641 4660 4658
f 4661 4659 4655
f 4670 4665 4639
f 4630 4644 4636
f 4638 4646 4653
f 4643 4648 4650
f 4639 4665 4618
f 4652 4644 4628
f 4637 4645 4640
f 4683 4678 4672
f 4645 4667 4640
f 4647 4662 4708
f 4664 4647 4708
f 4643 4669 4645
f 4653 4668 4625
f 4630 4628 4644
f 4635 4643 4645
f 4624 4666 4649
f 4663 4674 4668
f 4629 4640 4642
f 4656 4688 4655
f 4625 4668 4652
f 4649 4656 4610
f 4642 4639 4629
f 4670 4671 4665
f 4629 4637 4640
f 4636 4632 4630
f 4648 4643 4635
f 4645 4634 4635
f 4654 4657 4584
f 4630 4632 4628
f 4631 4632 4636
f 4626 4639 4627
f 4653 4625 4638
f 4631 4636 4648
f 4652 4628 4615
f 4626 4629 4639
f 4635 4634 4620
f 4633 4647 3632
f 4654 4584 4602
f 4623 4620 4634
f 4634 4645 4637
f 4632 4631 4628
f 4631 4648 4635
f 4625 4652 4615
f 4622 4637 4629
f 4623 4637 4622
f 4638 4625 4617
f 4637 4623 4634
f 4627 4639 4618
f 4615 4628 4621
f 4628 4631 4621
f 4656 4655 4610
f 4614 4631 4635
f 4615 4621 4612
f 4610 4624 4649
f 4661 4655 4688
f 4622 4619 4623
f 4613 4623 4619
f 4621 4631 4614
f 4622 4629 4626
f 4633 4584 4657
f 4623 4613 4620
f 4625 4600 4617
f 4635 4620 4614
f 4610 4655 4593
f 4611 4621 4614
f 4620 4607 4614
f 4616 4613 4619
f 4607 4620 4613
f 4594 4600 4625
f 4621 4611 4612
f 4626 4627 4609
f 3613 4617 4600
f 4627 4618 4604
f 4618 4624 4610
f 4594 4625 4615
f 4606 4613 4616
f 4622 4626 4609
f 4608 4619 4622
f 4609 4627 4604
f 4614 4607 4611
f 4619 4608 4616
f 4655 4659 4602
f 4593 4655 4602
f 4607 4601 4598
f 4604 4618 4610
f 4604 4610 4596
f 4612 4611 4605
f 4607 4606 4601
f 4606 4616 4603
f 4608 4622 4609
f 4603 4616 4608
f 4582 4608 4609
f 4595 4612 4605
f 4601 4606 4603
f 3598 3613 4600
f 4590 4605 4611
f 4611 4607 4590
f 4615 4612 4595
f 4615 4583 4594
f 4595 4605 4590
f 4592 4615 4595
f 4598 4601 4599
f 4596 4610 4593
f 4601 4603 4599
f 4583 4615 4592
f 4603 4608 4582
f 4592 4595 4591
f 4606 4607 4613
f 4602 4584 4571
f 4599 4603 4586
f 4590 4591 4595
f 4590 4607 4589
f 4589 4607 4598
f 4633 4579 4584
f 4588 4589 4598
f 4582 4609 4581
f 4598 4599 4588
f 4592 4591 4590
f 4599 4586 4588
f 4603 4582 4585
f 4583 4592 4590
f 4587 4588 4586
f 4586 4603 4585
f 4581 4609 4604
f 4587 4586 4585
f 4573 4587 4585
f 4589 4588 4580
f 3598 4600 4570
f 4571 4584 4579
f 4578 4594 4583
f 4585 4582 4575
f 4563 4585 4575
f 4589 4583 4590
f 4580 4587 4573
f 4573 4585 4563
f 4582 4581 4577
f 4575 4582 4577
f 4594 4578 4570
f 4574 4580 4573
f 4572 4583 4589
f 4576 4580 4574
f 4576 4589 4580
f 4583 4572 4569
f 4576 4574 4567
f 4573 4566 4574
f 4553 4577 4596
f 4593 4602 4564
f 4563 4575 4557
f 4570 4578 4562
f 4563 4547 4573
f 4566 4573 4547
f 4565 4589 4576
f 4580 4588 4587
f 4567 4574 4566
f 4562 4578 4569
f 4576 4567 4565
f 4572 4589 4565
f 4564 4596 4593
f 4572 4561 4562
f 4567 4566 4560
f 4577 4604 4596
f 4558 4577 4553
f 4581 4604 4577
f 4572 4565 4561
f 4560 4566 4559
f 4565 4567 4560
f 4596 3836 4553
f 4575 4577 4558
f 4557 4549 4563
f 4566 4547 4559
f 4547 4563 4549
f 3843 4562 4550
f 4554 4565 4560
f 4548 4556 4561
f 4564 4571 3819
f 4557 4575 4558
f 3845 4571 4568
f 4555 4562 4556
f 3846 4554 4560
f 4552 4561 3841
f 3841 4565 4554
f 3836 4596 4564
f 3836 4564 3820
f 4559 3846 4560
f 3846 4559 4547
f 4555 4556 4548
f 3819 4571 3845
f 4561 4552 4548
f 4557 4558 4551
f 3843 4550 3837
f 4549 4557 4551
f 4561 4556 4562
f 4550 4548 3837
f 3842 4547 4549
f 4550 4555 4548
f 4551 4558 3844
f 4549 4551 3842
f 4539 3847 4507
f 4546 4982 3853
f 4534 4546 3855
f 4517 3849 4533
f 4515 4543 3879
f 4541 4544 4531
f 4516 3860 4526
f 4510 3866 4536
f 4531 4527 4541
f 3857 3850 4496
f 4479 4514 3858
f 4507 3847 4542
f 3861 4499 4519
f 4521 4534 4516
f 4950 4540 4517
f 4508 4950 4517
f 3850 4528 4496
f 4530 4493 4538
f 4531 4544 4511
f 3856 4535 4519
f 4530 4523 4513
f 4521 4546 4534
f 4479 3858 2133
f 4520 4513 4523
f 4502 4526 4515
f 4537 4545 4524
f 4518 4515 4538
f 4501 4950 4508
f 4493 4530 4513
f 4950 4501 4529
f 4516 4526 4502
f 4509 3857 4496
f 4532 4522 4512
f 4533 4532 4505
f 4524 4545 4509
f 4526 4543 4515
f 4499 4539 4468
f 4509 4545 3857
f 4517 4533 4505
f 4522 3848 4525
f 4505 4532 4512
f 4525 4521 4522
f 4499 3861 4539
f 4528 4510 4498
f 4482 4528 4498
f 4477 4511 4495
f 4521 4525 4982
f 4485 3856 4488
f 4520 4537 4524
f 4488 4519 4499
f 4503 4522 4521
f 3856 4519 4488
f 4517 4505 4508
f 3489 4527 4531
f 4516 4502 4504
f 4478 4509 4496
f 4522 4503 4512
f 4495 4511 4460
f 4518 4538 4493
f 4508 4492 4501
f 4495 4460 4475
f 4469 4514 4479
f 4497 4512 4503
f 4489 4479 2133
f 4515 4466 5000
f 4498 4510 4494
f 4480 4521 4504
f 4513 4506 4493
f 4481 4531 4477
f 4502 4515 5000
f 4513 4520 4506
f 4506 4520 4524
f 4492 4508 4505
f 4490 4500 4485
f 4474 4521 4480
f 4483 4512 4497
f 4487 4510 4500
f 4494 4510 4487
f 4462 4499 4468
f 4447 4529 4501
f 4496 4482 4478
f 4492 4505 4483
f 4466 4515 4518
f 4503 4521 4474
f 4498 4494 4482
f 4455 4497 4503
f 4524 4509 4465
f 4480 4504 4484
f 4465 4509 4478
f 4486 4483 4497
f 4485 4488 4499
f 4484 4504 4491
f 4486 4497 4455
f 4491 4502 5000
f 4491 4504 4502
f 4531 4511 4477
f 4462 4468 4471
f 4482 4494 4478
f 4467 4499 4462
f 4460 4529 4447
f 4485 4499 4467
f 4542 4463 4507
f 4505 4512 4483
f 4466 4518 4493
f 4475 4460 4464
f 4501 4470 4447
f 4501 4492 4476
f 4501 4476 4470
f 4542 4469 4463
f 4456 4474 4480
f 4469 4542 4514
f 4473 4485 4467
f 4452 4531 4481
f 4494 4450 4478
f 4476 4483 4486
f 4472 4493 4506
f 4484 4456 4480
f 4472 4466 4493
f 4459 5000 4466
f 4500 4490 4487
f 4455 4503 4451
f 4450 4494 4487
f 4427 4477 4440
f 4476 4486 4441
f 4476 4492 4483
f 4444 4490 4473
f 4443 4462 4471
f 4473 4467 4457
f 4506 4524 4465
f 4451 4503 4474
f 4452 4481 4458
f 4461 4506 4465
f 4444 4473 4454
f 4441 4470 4476
f 4440 4477 4495
f 4440 4495 4475
f 4443 4457 4467
f 4449 4437 5000
f 4460 4447 4464
f 4486 4455 4451
f 4446 4465 4478
f 4443 4471 4439
f 4473 4457 4454
f 4467 4462 4443
f 4427 4458 4477
f 4490 4485 4473
f 3415 3429 4452
f 4452 4458 3415
f 4429 4450 4487
f 4454 4457 4448
f 4484 4437 4456
f 4438 4474 4456
f 4453 4459 4466
f 4438 4456 4409
f 4453 4466 4472
f 4449 4459 4435
f 4478 4450 4446
f 4424 4474 4438
f 4461 4472 4506
f 4445 4453 4472
f 4475 4464 4440
f 4457 4443 4442
f 4448 4457 4442
f 4445 4472 4426
f 4447 4470 4436
f 4451 4474 4424
f 4415 4459 4453
f 4470 4441 4436
f 4446 4450 4419
f 4427 4440 4387
f 4463 4469 4433
f 4409 4456 4437
f 4434 4461 4465
f 4432 4442 4443
f 4429 4444 4404
f 4487 4444 4429
f 4446 4411 4465
f 4388 4458 4427
f 4464 4447 4436
f 4418 4441 4381
f 4487 4490 4444
f 4469 4479 2106
f 4415 4453 4445
f 4431 4448 4442
f 4436 4441 4410
f 4435 4459 4415
f 4434 4465 4411
f 4388 3415 4458
f 4439 4471 4433
f 4437 4449 4420
f 2106 4422 4469
f 4409 4437 4420
f 4431 4442 4432
f 4486 4451 4441
f 4432 4443 4439
f 4397 4427 4405
f 4423 4446 4419
f 4381 4441 4451
f 4388 4427 4397
f 4434 4426 4461
f 4408 4445 4426
f 4417 4432 4430
f 4439 4433 4412
f 4411 4446 4423
f 4408 4426 4425
f 4426 4472 4461
f 4421 4420 4449
f 4464 4436 4416
f 4471 4463 4433
f 4428 4448 4431
f 4440 4464 4416
f 4469 4422 4433
f 4439 4412 4430
f 4433 4422 4363
f 4421 4449 4407
f 4444 4999 4404
f 4387 4440 4416
f 4422 2106 2091
f 4521 4516 4504
f 4401 4397 4405
f 4427 4387 4402
f 4416 4436 4414
f 4412 4433 4380
f 4415 4445 4408
f 4436 4410 4414
f 4371 4410 4441
f 4431 4398 4428
f 4435 4415 4390
f 4423 4419 4394
f 4441 4418 4371
f 4417 4412 4400
f 4434 4411 4384
f 4413 4409 4420
f 4398 4417 4393
f 4431 4417 4398
f 4399 4435 4390
f 4413 4389 4409
f 4389 4438 4409
f 4406 4408 4425
f 4394 4429 4404
f 4358 4404 4999
f 4380 4433 4363
f 4449 4435 4407
f 4403 4421 4407
f 4425 4426 4406
f 4386 4401 4405
f 4408 4390 4415
f 4991 4408 4406
f 4367 4413 4420
f 4381 4451 4424
f 4370 4424 4438
f 4370 4438 4389
f 4374 4402 4387
f 4390 4408 4991
f 4392 4406 4434
f 4387 4416 4382
f 4412 4380 4383
f 4379 4381 4424
f 4991 4406 4392
f 4382 4416 4414
f 4414 4410 4998
f 4382 4414 4998
f 4402 4405 4427
f 4363 4422 4396
f 4399 4403 4435
f 4393 4417 4400
f 4386 4405 4402
f 4385 4404 4358
f 4397 4401 4354
f 4381 4371 4418
f 4373 4390 4378
f 4411 4423 4376
f 4354 4401 4395
f 4399 4390 4373
f 4398 4377 4428
f 4402 4374 4356
f 4410 4371 4372
f 4394 4404 4385
f 4356 4386 4402
f 4373 4993 4403
f 4395 4401 4386
f 4376 4384 4411
f 4373 4403 4399
f 4366 4400 4412
f 4379 4424 4370
f 4366 4412 4383
f 4376 4423 4394
f 4352 4381 4379
f 4353 4389 4413
f 4377 4398 4393
f 4365 4379 4370
f 4354 4395 4375
f 4410 4372 4998
f 4352 4344 4381
f 4344 4338 4381
f 4366 4383 4361
f 4381 4338 4371
f 4360 4394 4385
f 4393 4350 4377
f 4993 4359 4391
f 4365 4352 4379
f 4343 4376 4394
f 4369 4994 4378
f 4426 4434 4406
f 4392 4434 4384
f 4400 4350 4393
f 4348 4369 4364
f 4357 4370 4389
f 4347 4375 4368
f 4357 4355 4370
f 4340 4362 4335
f 4333 4366 4361
f 4321 4389 4353
f 4321 4357 4389
f 4347 4368 4356
f 4374 4382 4362
f 4347 4356 4374
f 4359 4993 4346
f 4350 4337 4377
f 4348 4364 4351
f 4354 4375 4347
f 4346 4993 4996
f 4338 4344 4334
f 4350 4400 4331
f 4357 4365 4355
f 4400 4341 4331
f 4360 4385 4328
f 4366 4341 4400
f 4317 4353 4413
f 4349 4385 4337
f 4351 4342 4348
f 4340 4347 4374
f 4346 4996 4345
f 4329 4372 4371
f 4360 4343 4394
f 4413 4367 4317
f 4334 4344 4327
f 4330 4352 4365
f 4357 4330 4365
f 4318 4327 4344
f 4342 4343 4360
f 4387 4382 4374
f 4344 4352 4330
f 4361 4907 4333
f 4385 4349 4328
f 4439 4430 4432
f 4374 4362 4340
f 4313 4345 4995
f 4366 4333 4310
f 4997 4330 4357
f 4371 4338 4319
f 4317 4321 4353
f 4998 4372 4339
f 4310 4341 4366
f 4350 4331 4332
f 4336 4344 4330
f 4325 4347 4340
f 4319 4338 4316
f 4337 4350 4332
f 4332 4349 4337
f 4360 4328 4992
f 4326 4340 4335
f 4371 4319 4312
f 4345 4322 4346
f 4342 4360 4992
f 4359 4346 4311
f 4332 4331 4990
f 4294 4341 4310
f 4907 4361 2080
f 4349 4324 4328
f 4992 4328 4324
f 4312 4329 4371
f 4336 4330 4997
f 4324 4349 4332
f 4309 4325 4340
f 4309 4340 4326
f 4339 4326 4998
f 4334 4327 4323
f 4339 4372 4329
f 4334 4316 4338
f 4316 4334 4305
f 4336 4308 4318
f 4323 4305 4334
f 4315 4990 4341
f 4333 4907 4310
f 4361 4383 4380
f 4363 4361 4380
f 4361 4363 2080
f 4295 4322 4345
f 4311 4346 4322
f 4997 4357 4321
f 4323 4318 4314
f 4355 4365 4370
f 4339 4329 4307
f 4308 4336 4997
f 4327 4318 4323
f 4307 4312 4989
f 4319 4316 4306
f 4295 4345 4320
f 4321 4300 4997
f 4315 4341 4294
f 4300 4321 4317
f 4297 4309 4326
f 4345 4996 4995
f 4319 4306 4989
f 4315 4313 4990
f 4308 4997 4300
f 4318 4344 4336
f 4314 4318 4308
f 4305 4306 4316
f 4986 4306 4305
f 2064 2059 4310
f 4326 4339 4297
f 4305 4323 4299
f 4304 4359 4311
f 3248 4325 4303
f 4303 4325 4309
f 4989 4306 4988
f 4339 4307 4297
f 4307 4296 4297
f 4296 4307 4302
f 4306 4986 4988
f 4293 4292 4294
f 4315 4320 4313
f 4315 4294 4292
f 4986 4305 4299
f 4989 4302 4307
f 4304 4311 4322
f 4310 2059 4294
f 4302 4989 4988
f 4291 4322 4295
f 4309 4297 4289
f 4294 2059 2057
f 4298 4300 4301
f 4329 4312 4307
f 4289 4297 4296
f 4987 4300 4298
f 4290 4302 4988
f 4290 4988 4298
f 4320 4345 4313
f 4285 4304 4322
f 4288 4301 4304
f 4292 4320 4315
f 4287 4309 4289
f 4298 4301 4288
f 4289 4290 4287
f 4287 4303 4309
f 4285 4322 4291
f 4292 4293 4286
f 4304 4285 4288
f 4290 4298 4281
f 4287 4283 4303
f 4368 4375 4395
f 4285 4276 4288
f 4283 4287 4290
f 4320 4292 4280
f 4291 4295 4284
f 4277 4295 4320
f 4284 4295 4277
f 4279 4292 4286
f 4280 4292 4279
f 4283 4290 4281
f 4271 4303 4283
f 4277 4320 4280
f 4291 4284 4278
f 4281 4298 4288
f 4273 4283 4281
f 4275 4281 4276
f 4269 4285 4291
f 4285 4269 4276
f 4282 4303 4271
f 4269 4291 4278
f 4286 2050 4274
f 4279 4286 4274
f 4273 4281 4275
f 4272 4278 4284
f 4288 4276 4281
f 4268 4271 4283
f 4267 4269 4278
f 3199 4282 4259
f 4268 4283 4273
f 4282 4271 4259
f 4268 4273 4275
f 4270 4275 4276
f 4284 4277 4264
f 4272 4284 4264
f 4267 4278 4272
f 4269 4270 4276
f 4264 4277 4280
f 4259 4271 4258
f 4274 2050 2047
f 4271 4268 4258
f 4261 4274 4262
f 4261 4280 4274
f 4275 4270 4265
f 4270 4269 4263
f 4263 4265 4270
f 4275 4265 4268
f 4269 4267 4266
f 4256 4258 4268
f 4260 4272 4264
f 4274 2047 2048
f 4260 4264 4261
f 4263 4269 4266
f 3171 4259 4250
f 4265 4263 4251
f 4250 4259 4258
f 4245 4260 4261
f 4264 4280 4261
f 4261 4262 4252
f 4266 4272 4257
f 4255 4263 4266
f 4257 4272 4260
f 4262 4274 4248
f 4252 4245 4261
f 4251 4256 4265
f 4249 4255 4266
f 4266 4257 4249
f 4256 4268 4265
f 4255 4251 4263
f 4248 4274 2048
f 4252 4262 4248
f 4250 4258 4254
f 4254 4258 4256
f 4238 4245 4252
f 4249 4257 4253
f 4243 4251 4255
f 4243 4255 4249
f 4253 4260 4245
f 4241 4253 4245
f 4250 4254 4247
f 4238 4252 4239
f 4249 4253 4235
f 4247 4246 4250
f 4256 4251 4244
f 4239 4252 4248
f 4240 4246 4247
f 4254 4256 4244
f 4243 4242 4251
f 4242 4244 4251
f 2042 4239 4248
f 4243 4249 4237
f 4244 4247 4254
f 4266 4267 4272
f 4240 4247 4244
f 4863 3136 4240
f 4240 4244 4242
f 4242 4243 4232
f 4240 4242 4234
f 2037 4239 2042
f 4238 4239 4223
f 4229 4241 4245
f 4234 4242 4232
f 4229 4245 4238
f 4231 4237 4235
f 4233 4240 4230
f 4223 4229 4238
f 4235 4236 4226
f 4237 4232 4243
f 4235 4226 4231
f 4239 4221 4223
f 4235 4253 4236
f 4240 4234 4230
f 4234 4232 4228
f 4236 4241 4229
f 4232 4237 4231
f 4228 4232 4231
f 4249 4235 4237
f 4227 4234 4228
f 4863 4240 4233
f 4227 4230 4234
f 4226 4236 4224
f 4231 4226 4225
f 4231 4225 4228
f 4220 4229 4223
f 4233 4230 4227
f 4226 4222 4225
f 4224 4222 4226
f 4236 4229 4220
f 4221 4239 2037
f 4224 4236 4220
f 4225 4219 4228
f 2036 4221 2037
f 4225 4222 4219
f 4220 4223 4221
f 4222 4220 4218
f 4220 4221 4218
f 4219 4227 4228
f 4218 2036 4217
f 4221 2036 4218
f 4236 4253 4241
f 4222 4224 4220
f 4219 4222 4855
f 4855 4222 4218
f 4253 4257 4260
f 4218 4217 4850
f 4218 4850 4855
f 4201 4216 3697
f 4215 4198 2235
f 4190 2217 4191
f 2217 4190 3122
f 4195 4215 4203
f 4200 4203 4212
f 4212 3112 4209
f 4202 3696 4183
f 4206 4214 3694
f 4210 4185 4207
f 4213 4201 3697
f 4186 4213 4208
f 4210 4214 4206
f 4216 4201 4191
f 4179 4192 4205
f 4184 3114 4202
f 4200 4212 4209
f 4192 4186 4208
f 4195 4203 4200
f 4205 4198 4179
f 4195 4198 4215
f 4197 3700 4207
f 4191 4201 4180
f 4183 3696 4197
f 4209 3112 3078
f 4173 4198 4195
f 4201 4213 4180
f 4198 4173 4179
f 4153 4189 4177
f 4197 4207 4185
f 4194 4181 4206
f 4193 2032 4187
f 4167 3095 4190
f 4191 4180 4172
f 4162 4197 4185
f 4206 3694 4194
f 4195 4200 4171
f 4197 3696 3700
f 4173 4195 4171
f 4185 4206 4181
f 4185 4210 4206
f 4171 4200 4209
f 4176 4186 4192
f 4194 3694 4166
f 4191 4172 4178
f 4180 4213 4186
f 3078 4182 4209
f 4176 4180 4186
f 4192 4208 4205
f 4170 4202 4183
f 4163 4170 4183
f 3074 3095 4167
f 4178 4190 4191
f 4197 4148 4183
f 4181 4194 4159
f 4165 4209 4169
f 4163 4183 4148
f 4169 4209 4182
f 4179 4173 4168
f 4184 4202 4137
f 4137 4202 4170
f 4167 4190 4178
f 4192 4143 4176
f 4158 4174 4193
f 4189 4164 4177
f 4171 4209 4165
f 3694 4204 4166
f 4189 4188 4164
f 4124 4204 4174
f 4158 4124 4174
f 4091 4194 4166
f 4197 4162 4150
f 4120 4169 4182
f 4120 4182 4175
f 4091 4159 4194
f 4196 4154 4188
f 4181 4162 4185
f 4144 4184 4152
f 4144 4196 4184
f 4161 4176 4143
f 4164 4188 4151
f 4138 4172 4180
f 4180 4176 4138
f 4151 4188 4154
f 4168 4142 4179
f 4166 4204 4124
f 4153 4177 4146
f 4196 4188 2221
f 4192 4179 4143
f 4177 4164 4146
f 4169 4155 4165
f 4142 4168 4173
f 4145 4120 4175
f 4187 4158 4193
f 4196 4144 4154
f 4155 4173 4171
f 4178 4172 4138
f 3058 3074 4141
f 4171 4165 4155
f 4155 4142 4173
f 4138 4176 4161
f 4167 4178 4157
f 4157 4178 4140
f 4149 4163 4148
f 4140 4178 4138
f 4175 4156 4113
f 4113 4136 4175
f 4169 4120 4131
f 4170 4163 4149
f 4131 4155 4169
f 4179 4142 4128
f 4122 4161 4143
f 4145 4175 4136
f 4132 4167 4157
f 4141 4167 4133
f 4184 4137 4152
f 4133 4167 4132
f 4147 4146 4164
f 4148 4150 4118
f 4143 4126 4122
f 4123 4181 4159
f 4137 4170 4149
f 4116 4157 4140
f 4126 4143 4128
f 4150 4162 4123
f 4162 4181 4123
f 4121 4153 4146
f 4133 4134 4141
f 4166 4124 4106
f 4091 4166 4106
f 4119 4135 4134
f 4081 4149 4148
f 4139 4135 4129
f 4187 4160 4130
f 4128 4142 4114
f 4101 4132 4157
f 4148 4197 4150
f 4117 4135 4119
f 4101 4157 4116
f 4119 4134 4127
f 4150 4123 4118
f 4125 4081 4148
f 4131 4142 4155
f 4161 4122 4099
f 4124 4158 4112
f 4140 4138 4102
f 4113 4156 4115
f 4127 4134 4133
f 4092 4145 4136
f 4126 4099 4122
f 4109 4131 4120
f 4130 4158 4187
f 4108 4114 4142
f 4119 4132 4110
f 4167 4141 3074
f 4138 4161 4102
f 4129 4135 4117
f 4110 4117 4119
f 4129 4117 4100
f 4112 4106 4124
f 4131 4108 4142
f 4139 4129 3017
f 4082 4115 4121
f 4108 4131 4109
f 4077 4152 4137
f 4082 4105 4115
f 4107 4145 4092
f 4146 4147 4098
f 4140 4102 4086
f 4159 4088 4123
f 4164 4151 4147
f 4129 4100 4104
f 4116 4140 4086
f 4090 4128 4114
f 4161 4099 4102
f 4130 4160 4103
f 4109 4120 4145
f 4107 4109 4145
f 4077 4111 4152
f 4064 4112 4158
f 4110 4132 4096
f 4092 4136 4113
f 4069 4115 4105
f 4129 4104 3017
f 4147 4151 4078
f 4100 4110 4097
f 4110 4096 4097
f 4103 4160 2016
f 4087 4159 4091
f 4087 4088 4159
f 4098 4121 4146
f 4112 4064 4062
f 4112 4062 4106
f 4100 4117 4110
f 4132 4101 4096
f 4088 4118 4123
f 4077 4137 4149
f 4085 4113 4115
f 4096 4101 4086
f 4128 4090 4126
f 4089 4154 4144
f 4102 4099 4094
f 4097 4096 4084
f 4151 4154 4078
f 4083 4149 4081
f 4125 4148 4118
f 4071 4109 4107
f 4098 4147 4072
f 4094 4086 4102
f 4080 4100 4097
f 4066 4130 4103
f 4109 4053 4108
f 4149 4083 4077
f 4099 4093 4067
f 4064 4158 4130
f 4130 4066 4064
f 4108 4090 4114
f 4071 4053 4109
f 4058 4050 4108
f 4126 4090 4060
f 4067 4096 4086
f 4089 4144 4111
f 4078 4154 4089
f 4041 4125 4118
f 4068 4080 4097
f 4074 4105 4082
f 4098 4072 4061
f 4067 4094 4099
f 4092 4071 4107
f 4126 4060 4059
f 4084 4096 4067
f 4069 4085 4115
f 4043 4082 4121
f 4061 4121 4098
f 4056 4097 4075
f 4062 4064 4049
f 4086 4101 4116
f 4041 4081 4125
f 4067 4086 4094
f 4085 4092 4113
f 4179 4128 4143
f 4079 4080 4068
f 4099 4126 4093
f 4054 4080 4079
f 4058 4108 4053
f 4093 4059 4073
f 4106 4035 4039
f 4076 4075 4084
f 4089 4023 4078
f 4084 4067 4076
f 4067 4093 4073
f 4068 4097 4056
f 4065 4092 4085
f 4090 4108 4050
f 4070 4087 4091
f 4106 4062 4035
f 4043 4121 4061
f 4075 4097 4084
f 4071 4092 4065
f 2001 4046 4103
f 4076 4067 4073
f 4041 4083 4081
f 4054 4095 4080
f 4072 4078 4031
f 4070 4091 4106
f 4041 4118 4051
f 4051 4118 4088
f 4056 4075 4076
f 4055 4060 4050
f 4038 4077 4083
f 4055 4076 4073
f 4059 4055 4073
f 4033 4111 4077
f 4038 4083 4041
f 4035 4062 4049
f 4033 4077 4038
f 4111 4144 4152
f 4059 4060 4055
f 4066 4049 4064
f 4026 4085 4069
f 4053 4040 4058
f 4052 4068 4056
f 4039 4070 4106
f 4012 4053 4071
f 4040 4050 4058
f 4050 4060 4090
f 4042 4072 4031
f 2982 4048 4960
f 4057 2982 4960
f 4024 4040 4053
f 4030 4050 4040
f 4069 4074 4034
f 4985 4054 4984
f 4072 4147 4078
f 4012 4024 4053
f 4079 4068 4029
f 4032 4065 4085
f 4052 4029 4068
f 4103 4046 4066
f 4036 2956 4047
f 4034 3978 4069
f 4026 4069 3978
f 4052 4056 4045
f 4030 4040 4021
f 4013 4032 4085
f 4089 4111 4006
f 4030 4055 4050
f 4051 4088 4087
f 4959 2956 4036
f 4061 4072 4042
f 4061 4042 4020
f 4038 4041 4016
f 4003 4063 4017
f 4027 4045 4030
f 4015 4087 4070
f 2955 4044 2943
f 4020 4043 4061
f 4045 4056 4030
f 4006 4111 4033
f 4023 4031 4078
f 4017 4063 4985
f 4013 4085 4026
f 4051 4087 4015
f 4055 4030 4076
f 3993 4071 4065
f 4035 4049 4008
f 4042 4031 3999
f 4029 4052 4028
f 4028 4052 4045
f 3987 4066 4002
f 4002 4066 4046
f 4960 4048 4037
f 4082 4043 4025
f 4036 4962 4959
f 4021 4040 4024
f 4020 3991 4043
f 4023 4089 4006
f 4007 4042 3999
f 4030 4056 4076
f 4012 4071 3993
f 4960 4037 4964
f 4074 4069 4105
f 4016 4041 4051
f 4025 4022 4074
f 4034 4074 4022
f 4963 4024 4012
f 4984 4018 4985
f 4027 4028 4045
f 4038 3985 4033
f 4025 4043 3991
f 4039 4014 3983
f 2001 4005 4046
f 3996 4024 4011
f 4002 4046 4005
f 3999 4031 4023
f 4021 3996 4000
f 3993 4065 4032
f 4021 4024 3996
f 4020 4042 4007
f 4015 3966 4051
f 4035 4008 4014
f 3975 4039 3983
f 3987 4049 4066
f 3977 4070 3975
f 4010 4027 4021
f 4104 4100 4080
f 4095 4104 4080
f 4021 4027 4030
f 3975 4070 4039
f 4035 4014 4039
f 4074 4082 4025
f 2956 4959 4001
f 3995 2956 4001
f 4018 4984 4010
f 4006 3997 4023
f 4003 4019 4004
f 4985 4018 4017
f 3981 4025 3991
f 4008 4049 3964
f 4000 4010 4021
f 4010 3994 4018
f 4963 4012 3992
f 4009 4003 4017
f 4032 4013 3979
f 4026 3978 3967
f 3994 4010 4000
f 3966 4016 4051
f 3998 4963 3992
f 4006 4033 3985
f 3979 4013 4026
f 3973 3991 4020
f 4034 4022 3974
f 4000 3996 3994
f 3951 4006 3986
f 3979 4026 3967
f 4004 4019 2930
f 3997 4006 3951
f 4009 4018 3994
f 3984 3992 3993
f 4020 4007 3973
f 4025 3981 3976
f 4012 3993 3992
f 3993 4032 3979
f 4022 4025 3976
f 4015 4070 3977
f 4005 3987 4002
f 3977 3975 3943
f 3980 3964 3987
f 3986 4006 3985
f 3981 3991 3973
f 4008 3964 4014
f 4001 4959 3990
f 3993 3979 3984
f 4034 3974 3978
f 3982 3980 3987
f 3987 4005 3982
f 3990 3998 4983
f 4093 4126 4059
f 4038 4016 3985
f 3956 3999 4023
f 3982 4005 1969
f 3958 3985 4016
f 3966 4015 3969
f 3970 3983 4014
f 3975 3983 3970
f 3971 3979 3967
f 3979 3971 3984
f 4015 3977 3969
f 3947 2925 3950
f 3954 3992 3984
f 3974 3967 3978
f 3968 4007 3999
f 3972 3995 4001
f 3968 3973 4007
f 3997 3951 3936
f 3962 3958 4016
f 4022 3976 3974
f 3968 3999 3956
f 3971 3954 3984
f 3982 1969 1957
f 3947 3989 3988
f 4983 3998 3992
f 3989 3947 3963
f 3935 4001 3952
f 3980 3982 3955
f 3916 3950 3972
f 3976 3981 3959
f 3935 3972 4001
f 3939 3992 3954
f 3917 3966 3969
f 3961 3986 3985
f 3975 3970 3943
f 3959 3974 3976
f 3940 3964 3928
f 3940 4014 3964
f 3977 3943 3969
f 3962 3966 3917
f 3931 3972 3935
f 3940 3970 4014
f 3969 3943 3915
f 3948 3973 3968
f 3981 3973 3948
f 3953 4983 3992
f 3916 3972 3931
f 3955 3982 1957
f 3952 4983 3953
f 3955 3928 3980
f 3974 3965 3967
f 3949 3956 3997
f 3958 3961 3985
f 3951 3986 3961
f 3968 3956 3957
f 3990 3952 4001
f 3997 3936 3949
f 3926 3932 3960
f 3965 3974 3921
f 3956 3949 3957
f 3954 3971 3927
f 3935 3952 3937
f 3951 3961 3942
f 3953 3992 3939
f 3927 3971 3965
f 3959 3981 3948
f 3942 3936 3951
f 3980 3928 3964
f 3962 3917 3914
f 3933 3943 3970
f 3969 3915 3904
f 3911 3961 3958
f 3945 3958 3962
f 3933 3970 3940
f 3921 3974 3946
f 3956 4023 3997
f 3938 3950 3916
f 3905 3974 3959
f 3918 3948 3968
f 3911 3958 3945
f 3968 3957 3918
f 3889 3953 3939
f 3944 3963 3924
f 3937 3952 3953
f 3946 3974 3905
f 3917 3969 3904
f 3947 3901 3924
f 3987 3964 4049
f 3965 3923 3927
f 3884 3954 3927
f 3928 3955 3930
f 3910 3949 3936
f 3941 3932 3902
f 3936 3912 3910
f 3940 3928 3898
f 3907 3943 3933
f 3915 3943 3907
f 3902 3932 3909
f 3948 3925 3959
f 3942 3961 3911
f 3954 3884 3939
f 3913 3941 3902
f 3929 3939 3884
f 3906 3931 3935
f 3921 3923 3965
f 3967 3965 3971
f 3905 3959 3925
f 3926 3944 3924
f 3924 3963 3947
f 3948 3918 3925
f 3909 3932 3926
f 3939 3929 3889
f 3926 3924 3908
f 3962 4016 3966
f 3919 3930 1952
f 3910 3912 3922
f 3884 3927 3923
f 3907 3933 3893
f 3920 3949 3934
f 3957 3920 3918
f 3908 3924 3901
f 3933 3940 3893
f 3916 3931 3906
f 3938 3916 3903
f 3940 3898 3893
f 3886 3906 3935
f 3937 3953 3889
f 3910 3934 3949
f 3886 3935 3937
f 3894 3921 3946
f 3904 3899 3917
f 3928 3930 3898
f 3897 3934 3910
f 3914 3917 3899
f 3918 3920 3887
f 3946 3905 3894
f 3904 3915 3900
f 3883 3897 3910
f 3945 3914 3875
f 3922 3912 3942
f 3923 3921 3894
f 3885 3907 3893
f 3868 3907 3885
f 3884 3889 3929
f 3886 3937 3889
f 3868 3915 3907
f 3923 3870 3884
f 3900 3915 3868
f 3920 3957 3949
f 3914 3945 3962
f 3892 3942 3911
f 3887 3920 3934
f 3910 3922 3883
f 3925 3918 3851
f 1957 1952 3955
f 3955 1952 3930
f 3922 3942 3891
f 3851 3918 3887
f 3911 3945 3896
f 3875 3914 3899
f 3938 3903 3890
f 3899 3904 3880
f 3881 3902 3909
f 1902 3930 3919
f 3896 3945 3875
f 3889 3888 3886
f 3873 3905 3925
f 3894 3905 3873
f 3876 3902 3881
f 3891 3942 3892
f 3889 3884 3872
f 3904 3900 3880
f 3883 3922 3891
f 3864 3908 3901
f 3891 3892 3871
f 3906 3890 3903
f 3898 3930 1902
f 3906 3903 3916
f 3888 3889 3872
f 3892 3911 3896
f 3872 3884 3870
f 3876 3913 3902
f 3873 3865 3894
f 3923 3894 3870
f 3870 3894 3865
f 3895 3913 3878
f 3879 3897 3862
f 3863 3899 3880
f 3880 3868 3847
f 3869 3906 3888
f 4543 3925 3851
f 3875 3899 3863
f 3882 3895 3878
f 3885 3893 3858
f 3886 3888 3906
f 3891 3871 3877
f 3862 3897 3867
f 4543 3873 3925
f 4536 3896 3875
f 3893 3898 3858
f 3887 3934 3897
f 3867 3897 3883
f 4537 3883 3891
f 3867 3883 4537
f 1902 3919 1927
f 3869 3888 3855
f 3866 3892 4536
f 4536 3875 3863
f 3851 3887 3879
f 3892 3896 4536
f 3865 3873 3874
f 3853 3890 3906
f 3879 3887 3897
f 3898 1902 3858
f 4981 3908 3864
f 3878 3913 3876
f 3855 3888 3872
f 3890 3853 3854
f 2813 3882 4540
f 3869 3853 3906
f 3866 3850 3871
f 3880 3861 3859
f 3879 3862 4530
f 3848 3881 4981
f 3855 3872 3870
f 3852 3881 3848
f 3912 3936 3942
f 3860 3874 3873
f 3877 3871 3857
f 3876 3852 3849
f 3861 3880 4539
f 3860 3865 3874
f 3873 4526 3860
f 4538 3879 4530
f 3849 3878 3876
f 3862 3867 4523
f 4981 3864 4980
f 4520 4523 3867
f 3870 3865 3860
f 4545 3891 3877
f 3869 3855 4546
f 4514 3885 3858
f 3864 3854 4980
f 4535 3863 3859
f 4514 4542 3885
f 4545 3877 3857
f 2806 2813 4540
f 4539 3880 3847
f 3856 4536 3863
f 3861 4519 3859
f 3848 4981 4980
f 4534 3855 3870
f 4520 3867 4537
f 3868 4542 3847
f 4537 3891 4545
f 4530 3862 4523
f 3868 3885 4542
f 3870 3860 4534
f 4534 3860 4516
f 3856 3863 4535
f 3849 3852 4532
f 4543 3851 3879
f 3859 4519 4535
f 4540 3878 4517
f 4540 4950 2806
f 4546 3853 3869
f 4517 3878 3849
f 4540 3882 3878
f 3858 1902 2133
f 4532 4533 3849
f 3880 3900 3868
f 4510 4528 3866
f 4536 4500 4510
f 3866 4528 3850
f 4526 3873 4543
f 3871 3850 3857
f 4538 4515 3879
f 4546 4521 4982
f 3863 3880 3859
f 4482 4496 4528
f 3840 3846 3842
f 4550 4562 4555
f 3840 4554 3846
f 3838 3844 3836
f 3836 3844 4553
f 4602 4571 4564
f 3844 4558 4553
f 4554 3840 3839
f 4548 4552 3837
f 3829 3841 3839
f 3843 3837 3834
f 3833 3842 4551
f 2144 1898 3845
f 3827 4552 3841
f 3841 3829 3827
f 3845 1898 582
f 3820 4564 3819
f 3840 3842 3831
f 4551 3838 3833
f 3835 3829 3839
f 3831 3842 3833
f 3838 4551 3844
f 3819 3845 582
f 3828 3834 3815
f 3832 3834 3828
f 3837 4552 3826
f 3839 3840 3835
f 3822 4552 3827
f 3836 3820 3808
f 3838 3836 3811
f 3835 3840 3831
f 3811 3836 3808
f 3823 3833 3838
f 3823 3831 3833
f 3822 3826 4552
f 3830 3831 3823
f 3823 3838 3811
f 3827 3829 3825
f 4554 3839 3841
f 3846 4547 3842
f 3829 3835 3830
f 3835 3831 3830
f 4578 4583 4569
f 4562 4569 4572
f 3824 3823 3811
f 3825 3829 3830
f 3821 3828 3815
f 3824 3811 3817
f 3824 3825 3830
f 3824 3830 3823
f 3812 3827 3825
f 3816 3826 3822
f 2764 3828 3821
f 3814 3822 3827
f 3837 3826 3815
f 3813 3825 3824
f 3815 3826 3818
f 3814 3827 3812
f 3813 3824 3817
f 3816 3822 3814
f 2764 3821 3810
f 3802 3812 3825
f 3806 3826 3816
f 3802 3825 3813
f 3821 3815 3818
f 3818 3826 3806
f 3779 3808 3820
f 3805 3817 3811
f 3820 3819 2719
f 3821 3818 3804
f 3805 3813 3817
f 3814 3812 3802
f 3810 3821 3804
f 3804 3818 3806
f 3814 3802 3809
f 3804 3806 3807
f 3802 3813 3803
f 3809 3806 3814
f 3806 3816 3814
f 3805 3811 3808
f 3803 3813 3805
f 3809 3802 3801
f 3806 3800 3807
f 3806 3809 3800
f 3804 3807 3799
f 3779 3792 3808
f 3805 3808 3798
f 3798 3808 3792
f 3803 3801 3802
f 3807 3800 3799
f 3804 3799 3797
f 3804 3788 3810
f 3803 3805 3798
f 3803 3795 3801
f 3795 3800 3801
f 3798 3795 3803
f 3800 3794 3799
f 3810 3788 3793
f 3796 3810 3793
f 3797 3799 3791
f 3794 3800 3795
f 3799 3794 3791
f 3798 3790 3795
f 3800 3809 3801
f 2680 3779 2719
f 3787 3798 3792
f 3783 3788 3797
f 3783 3797 3791
f 3792 3779 3784
f 3787 3789 3798
f 3794 3795 3790
f 3785 3794 3790
f 3791 3794 3785
f 3792 3784 3781
f 3781 3789 3787
f 3781 3787 3792
f 3770 3784 3779
f 3780 3791 3785
f 3778 3790 3789
f 3786 2688 3764
f 3778 3785 3790
f 3793 3767 2715
f 3793 3788 3774
f 3778 3780 3785
f 3767 3793 3774
f 3778 3789 3781
f 3783 3791 3780
f 3790 3798 3789
f 3781 3784 3778
f 3773 3780 3778
f 3778 3784 3773
f 3771 2681 3769
f 3776 3783 3773
f 2680 3770 3779
f 3776 3772 3774
f 3784 3770 3766
f 3763 2655 4947
f 3773 3772 3776
f 3766 3773 3784
f 3770 2680 2647
f 3772 3773 3766
f 3755 3777 3786
f 3775 3771 2649
f 3786 3764 3755
f 3763 3767 3765
f 3765 3767 3772
f 3755 3764 3742
f 3769 3761 3771
f 2644 2649 3756
f 3766 3770 3762
f 2647 3762 3770
f 3751 3769 2681
f 3762 3765 3766
f 3761 3769 3751
f 3752 2697 2682
f 3765 3772 3766
f 2633 3762 2647
f 2682 3768 3752
f 2681 2697 3751
f 3762 3758 3765
f 3765 3758 3763
f 3756 2649 3771
f 3750 2655 3763
f 3771 3761 3756
f 3740 3768 3777
f 3750 3763 3746
f 2640 3759 3753
f 3758 3746 3763
f 3740 3777 3755
f 3761 3751 3745
f 3753 3759 3756
f 3749 3757 3756
f 3753 3756 3757
f 3756 3761 3749
f 3768 3740 3752
f 3743 3761 3745
f 3748 3754 3753
f 3754 3748 3744
f 3747 3753 3757
f 3753 3747 3748
f 3757 3749 3747
f 3743 3749 3761
f 3752 3740 3736
f 3747 3749 3743
f 3755 3734 3735
f 3735 3740 3755
f 3737 3745 3751
f 3751 2697 3752
f 3748 3741 3744
f 3741 3748 3747
f 3743 3745 3737
f 3739 3737 3751
f 3737 3741 3747
f 3741 2566 3744
f 3734 3742 3728
f 3751 3752 3736
f 3738 3728 3742
f 4938 2586 3731
f 3732 3741 3737
f 2566 3741 3733
f 3730 3736 3740
f 3736 3739 3751
f 3730 3740 3725
f 3732 3737 3739
f 3727 3739 3736
f 3723 3735 3734
f 3733 3741 3724
f 3723 3734 3728
f 3722 3740 3735
f 3722 3725 3740
f 3723 3722 3735
f 3728 3738 3726
f 3727 3736 3730
f 3741 3732 3724
f 3737 3747 3743
f 3723 3728 3712
f 3725 3716 3730
f 3732 3739 3727
f 3727 3730 3716
f 3725 3722 3719
f 3728 3726 3712
f 3720 3732 3727
f 3720 3727 3716
f 3718 3719 3722
f 3712 3726 2480
f 3715 3723 3712
f 3755 3742 3734
f 3722 3723 3711
f 3711 3718 3722
f 2509 4936 3721
f 4936 4937 3721
f 3713 3721 4937
f 3714 3718 3711
f 3715 3712 3707
f 3714 3713 4937
f 3714 3711 3710
f 3716 3725 3719
f 3719 3718 3714
f 3716 3719 3714
f 3713 3714 3710
f 3723 3715 3711
f 3715 3713 3710
f 3709 3721 3713
f 3711 3715 3710
f 3715 3709 3713
f 3715 3707 3708
f 4927 3709 3708
f 3715 3708 3709
f 3712 2480 3717
f 3712 3717 3707
f 4927 2448 3709
f 3702 2275 3705
f 3705 2275 2278
f 3695 2265 3699
f 3698 2251 3702
f 3697 3704 2265
f 3705 4203 3702
f 3705 2243 3701
f 3705 3701 4203
f 4207 3700 3706
f 2217 3704 3697
f 3695 3699 2235
f 3697 2265 4208
f 2263 2241 4214
f 3701 4212 4203
f 3696 3703 3700
f 4216 2217 3697
f 4214 2241 3694
f 4210 2263 4214
f 4205 4208 2265
f 4203 3698 3702
f 4205 2265 3695
f 4207 3706 4210
f 3698 4203 4215
f 2217 4216 4191
f 4205 3695 2235
f 4202 3114 2274
f 4202 2274 3696
f 4189 3125 4211
f 2221 4188 4211
f 4212 2207 3112
f 3120 4174 3694
f 3697 4208 4213
f 2235 3698 4215
f 4205 2235 4198
f 1586 3688 1604
f 3690 3691 3692
f 3693 3688 1586
f 3688 3690 1604
f 3691 3689 3692
f 3688 3687 3690
f 3693 1586 3686
f 3684 3688 3693
f 3687 3688 3684
f 3690 3684 3691
f 3687 3684 3690
f 3689 3691 3685
f 3684 3685 3691
f 3686 3678 3693
f 3678 3684 3693
f 3679 3689 3682
f 3689 3685 3682
f 3683 3685 3684
f 3680 3678 3686
f 3683 3684 3681
f 3684 3678 3681
f 3683 3672 3685
f 3685 3672 3682
f 3682 3672 3675
f 3681 3676 3683
f 3674 3676 3681
f 3675 3679 3682
f 3674 3673 3676
f 1540 3679 3670
f 3678 3680 3647
f 3672 3683 3676
f 3676 3673 3671
f 3662 3673 3674
f 3677 3670 1497
f 3672 3665 3675
f 3660 3672 3676
f 3679 3675 3670
f 3678 3647 3681
f 3667 3670 3675
f 3676 3671 3669
f 3676 3669 3660
f 3673 3669 3671
f 3673 3662 3668
f 3672 3660 3665
f 3673 3668 3669
f 1489 3647 3680
f 3666 3668 3662
f 3670 3667 1497
f 4647 4664 3632
f 3664 3665 3663
f 3674 3649 3662
f 3664 3675 3665
f 4617 4641 4638
f 3674 3681 3657
f 3657 3681 3647
f 3660 3655 3665
f 3664 3663 3654
f 4664 4660 3632
f 3657 3649 3674
f 3656 3668 3666
f 3659 3663 3665
f 3666 3662 3649
f 3653 3669 3668
f 4633 4657 4647
f 3656 3666 3649
f 3651 4660 4641
f 3651 4641 3613
f 3632 4660 3651
f 3650 3669 3653
f 3613 4641 4617
f 3667 3675 3664
f 3642 3661 3664
f 3664 3658 3642
f 3667 3664 3661
f 3649 3657 1438
f 1497 3667 3615
f 3639 3656 3649
f 3659 3665 3655
f 3652 1497 3615
f 3654 3638 3658
f 1438 3657 3647
f 3643 4979 3641
f 3655 3660 3637
f 3630 4979 3633
f 3658 3638 3648
f 3646 3649 1438
f 3659 3655 3645
f 3660 3650 3637
f 3638 3654 3643
f 3641 3631 3643
f 3633 3636 3627
f 3640 3650 3653
f 3645 3655 3637
f 3648 3638 3634
f 3650 3660 3669
f 3635 3653 3656
f 3653 3668 3656
f 3647 1489 1438
f 3635 3656 3639
f 3639 3626 3635
f 3638 3643 3631
f 3626 3639 3649
f 3626 3649 3646
f 3661 3642 3616
f 3640 3653 3635
f 3642 3648 3634
f 3634 3638 3631
f 1446 3652 3615
f 3623 3634 3628
f 3644 3651 3613
f 3632 3651 3644
f 3641 4979 3630
f 3629 3633 3620
f 3627 3636 3637
f 3635 3619 3640
f 1410 3625 1438
f 3621 3641 3630
f 3622 3588 3635
f 3619 3635 3588
f 3623 3628 3631
f 3628 3634 3631
f 3631 3641 3621
f 3625 1410 1425
f 3622 3626 3611
f 3667 3661 3612
f 3616 3642 3623
f 3648 3642 3658
f 3631 3621 3623
f 3634 3623 3642
f 3622 3635 3626
f 3611 3626 3625
f 3625 3624 3617
f 3623 3621 3614
f 3640 3619 3637
f 3627 3637 3619
f 3627 3619 3610
f 3646 3625 3626
f 3621 3630 3618
f 3609 3644 3613
f 3618 3630 3633
f 3620 3627 3603
f 3612 3661 3616
f 3616 3623 3614
f 3621 3618 3601
f 3610 3619 3599
f 3607 3588 3622
f 3625 3617 3611
f 3620 3600 3629
f 3602 4633 3632
f 3615 3667 3612
f 3616 3614 3604
f 3617 3624 1414
f 3650 3640 3637
f 3607 3622 3611
f 3596 3617 1414
f 3609 3613 3598
f 3608 3619 3605
f 3611 3617 3586
f 3627 3610 3603
f 3605 3619 3588
f 3616 3604 3594
f 3612 3616 3594
f 3619 3608 3599
f 3664 3654 3658
f 3600 3620 3603
f 3618 3629 3597
f 3586 3607 3611
f 3591 3606 3612
f 3610 3599 3589
f 3579 3614 3601
f 1356 1414 1371
f 3597 3629 3600
f 3586 3617 3596
f 3608 3605 3595
f 3601 3618 3597
f 3603 3610 3589
f 3587 3600 3603
f 4978 4597 3602
f 3577 3595 3605
f 1414 1356 3596
f 3591 3612 3594
f 3590 3599 3608
f 3601 3597 3579
f 3605 3588 3572
f 3590 3608 3595
f 4633 3602 4597
f 3588 3607 3574
f 4633 4597 4579
f 3599 3576 3589
f 3593 3607 3586
f 3566 3595 3577
f 3577 3605 3572
f 3580 3586 3596
f 3576 3599 3590
f 3594 3604 3584
f 3569 3591 3594
f 3614 3579 3567
f 3584 3614 3567
f 3597 3600 3583
f 3574 3607 3593
f 4579 4597 3593
f 1339 3596 1356
f 3603 3589 3585
f 4579 3593 3586
f 3594 3584 3563
f 3588 3574 3572
f 3600 3587 3583
f 4659 4654 4602
f 3592 3598 3581
f 3609 3598 3592
f 3596 1339 3582
f 3580 3596 3582
f 3583 3579 3597
f 4579 3586 3555
f 3604 3614 3584
f 3571 3576 3590
f 3589 3576 3573
f 3585 3589 3573
f 3614 3621 3601
f 3555 3586 3580
f 3585 3575 3587
f 3578 3583 3575
f 3567 3579 3583
f 3603 3585 3587
f 3567 3583 3578
f 3580 3582 1305
f 3572 3574 3564
f 3574 3581 3568
f 3573 3576 3562
f 3592 3581 3574
f 3555 3580 1305
f 3567 3559 3584
f 3585 3573 3558
f 3577 3572 3561
f 3570 3575 3585
f 3558 3570 3585
f 3594 3563 3541
f 3570 3578 3575
f 3558 3573 3562
f 3555 4571 4579
f 3556 3572 3564
f 3568 3564 3574
f 3561 3566 3577
f 3575 3583 3587
f 3554 3584 3559
f 3557 3571 3566
f 3562 3576 3571
f 3581 4570 3843
f 3552 3559 3567
f 3552 3567 3560
f 3569 3594 3541
f 3560 3578 4975
f 3572 3556 3561
f 3565 3570 3558
f 4571 3555 4568
f 3554 3563 3584
f 3559 3552 3551
f 3566 3561 3557
f 3629 3618 3633
f 3568 3843 3549
f 3843 3568 3581
f 3565 3558 4976
f 3571 3553 3562
f 4977 4976 3558
f 3557 3553 3571
f 3549 3556 3568
f 3590 3595 3566
f 3590 3566 3571
f 3548 3554 3559
f 3545 3551 3552
f 3550 3556 3544
f 3557 3561 3553
f 3553 3561 3550
f 3547 3548 3551
f 3598 4570 3581
f 3540 4976 4977
f 3568 3556 3564
f 3559 3551 3548
f 3544 3556 3549
f 3545 3552 3539
f 3552 3560 3539
f 4652 4672 4644
f 4600 4594 4570
f 3843 4570 4562
f 3547 3551 3543
f 3563 3554 3529
f 3545 3543 3551
f 3533 3554 3548
f 3563 3529 3541
f 3550 3561 3556
f 3537 4976 3540
f 3542 3545 3546
f 3542 3546 3530
f 3547 3533 3548
f 3542 3543 3545
f 3537 3540 3538
f 3555 1219 4568
f 3547 3543 3531
f 3543 3542 3536
f 3546 3539 3532
f 4568 1219 3535
f 3845 4568 3535
f 2785 3532 3539
f 3540 3544 3538
f 3531 3543 2782
f 3545 3539 3546
f 3538 3544 3549
f 3535 1195 1186
f 3555 1253 1219
f 3532 3530 3546
f 3541 3529 1155
f 3531 2784 3547
f 3538 3549 3832
f 3529 3554 3533
f 3537 3538 2783
f 3533 3547 2784
f 2785 3539 3537
f 2770 3534 3543
f 2782 3543 3534
f 2785 3537 2783
f 3832 3549 3843
f 3507 2787 3488
f 3513 3522 3520
f 2825 2833 3515
f 3503 2797 3512
f 3495 2808 3506
f 3491 3505 2804
f 3518 646 3496
f 3506 2808 3469
f 3491 2804 3502
f 3515 2800 3528
f 2825 3515 3501
f 3496 646 3516
f 4527 3508 3520
f 3478 3527 2793
f 3502 3527 3451
f 2790 3504 3517
f 3514 2795 2792
f 2786 3499 3498
f 3509 2786 3498
f 3510 3525 3513
f 2790 3486 3504
f 2790 3521 3486
f 3505 3469 2808
f 2788 2794 3485
f 3494 3463 3519
f 2802 3511 3512
f 2799 3524 3455
f 3515 3528 3503
f 3508 3497 3520
f 2793 3477 3478
f 2792 3526 3474
f 3514 2792 3482
f 3502 3451 3491
f 3463 3494 3480
f 3523 3507 3452
f 3500 3466 2794
f 3493 1144 3504
f 3475 3511 3509
f 3513 3520 3497
f 3477 2793 3472
f 3500 3519 3473
f 3511 3475 3512
f 3474 3526 3523
f 3498 3499 3487
f 3506 3483 3495
f 3485 2794 3466
f 3516 3514 3482
f 3524 3518 3490
f 3469 3505 3491
f 3501 3515 3480
f 3479 3503 3512
f 3452 3507 3488
f 3492 3495 3483
f 2811 3523 3526
f 3519 3463 3473
f 3484 3503 3479
f 3472 3513 3497
f 3466 3500 3473
f 3472 3510 3513
f 3490 3518 3496
f 3475 3509 3498
f 3482 2792 3474
f 3469 3483 3506
f 3488 3485 3447
f 3480 3494 3501
f 3475 3479 3512
f 3475 3498 3487
f 3480 3515 3484
f 3492 3483 3487
f 3455 3490 3431
f 3451 3527 3478
f 3490 3455 3524
f 3458 3486 3395
f 3475 3487 3444
f 3483 3444 3487
f 3464 3474 3523
f 3496 3516 3471
f 3523 3452 3464
f 3497 3508 3449
f 3465 3516 3482
f 3504 3458 3454
f 3508 4527 3489
f 3471 3516 3465
f 3504 3486 3458
f 3493 3504 3454
f 4531 3449 3489
f 3480 3484 3460
f 3477 3472 3450
f 3478 3477 3450
f 3489 3449 3508
f 3462 3466 3473
f 3476 3493 3454
f 3471 3431 3490
f 3480 3430 3463
f 3424 3451 3478
f 3461 3472 3497
f 3468 3470 3453
f 3401 3474 3464
f 3490 3496 3471
f 3482 3474 3441
f 3377 3483 3469
f 3456 3469 3491
f 3470 3442 3453
f 3478 3439 3424
f 3491 3451 3456
f 3476 3454 1129
f 3438 3468 3453
f 3464 3452 3432
f 4531 4452 3449
f 3433 3453 3442
f 3448 3475 3444
f 3439 3478 3450
f 3468 3437 3470
f 3474 3401 3441
f 3460 3479 3381
f 3479 3448 3381
f 3467 3497 3449
f 3447 3466 3372
f 3447 3432 3452
f 3441 3465 3482
f 3447 3485 3466
f 3447 3452 3488
f 3410 3461 3467
f 3449 4452 3429
f 3430 3480 3411
f 3426 3437 3468
f 3446 3438 3453
f 3433 3442 3434
f 3449 3435 3467
f 3448 3444 3390
f 3439 3450 3461
f 3401 3464 3432
f 3440 3435 3449
f 3457 3443 3416
f 3381 3448 3399
f 3465 3441 3422
f 3434 3442 3421
f 3411 3460 3417
f 3377 3469 3456
f 3440 3421 3442
f 4974 3437 3428
f 3443 3436 3454
f 3399 3448 3390
f 3435 3419 3467
f 3451 3424 3456
f 3446 3426 3438
f 3433 3425 3453
f 3473 3463 3430
f 3438 3426 3468
f 3445 3416 3420
f 3445 3457 3416
f 3446 3453 3425
f 3410 3439 3461
f 3467 3419 3418
f 3382 3460 3381
f 3403 3426 3446
f 3440 3429 3421
f 3427 3437 3426
f 3403 3446 3425
f 3454 3458 3395
f 3417 3460 3382
f 3424 3439 3405
f 3450 3472 3461
f 4974 3428 3383
f 3425 3433 3413
f 3460 3484 3479
f 3409 3425 3413
f 3413 3433 3434
f 3399 3390 3393
f 3462 3473 3402
f 3408 3413 3434
f 3444 3483 3377
f 3427 3426 3414
f 4974 3470 3437
f 3423 3434 3421
f 3440 3449 3429
f 3443 3454 3391
f 3423 3421 3407
f 3390 3444 3377
f 3481 3455 3362
f 3408 3434 3423
f 3462 3372 3466
f 3432 3447 3372
f 3407 3429 3412
f 3441 3401 3422
f 3420 3416 3404
f 3427 3406 3389
f 3440 3442 3459
f 3406 3427 3414
f 3416 3443 3391
f 3431 3471 3397
f 3455 3431 3362
f 3465 3422 3397
f 3481 3362 3395
f 3398 3414 3426
f 3398 3426 3403
f 3407 3396 3423
f 3429 3407 3421
f 3428 3427 3389
f 3410 3418 3419
f 3412 3415 4388
f 3394 3414 3398
f 3473 3430 3402
f 3388 3398 3403
f 3401 3432 4973
f 3405 3439 3410
f 3456 3424 3386
f 3412 3429 3415
f 3416 3391 3404
f 3396 3407 3392
f 3424 3405 3384
f 3406 3414 3400
f 3394 3398 3388
f 3409 3413 3388
f 3413 3376 3388
f 3431 3397 3362
f 3424 3384 3386
f 3410 3419 3375
f 3376 3413 3408
f 3387 3390 3377
f 3383 3428 3389
f 3391 3395 3368
f 3391 3454 3395
f 3395 3362 3368
f 3432 3372 4973
f 3373 3417 3382
f 4879 3371 3385
f 3376 3408 4972
f 4972 3408 3396
f 3366 3404 3370
f 4971 3393 3390
f 3422 3401 4973
f 3365 3406 3400
f 3382 3381 3354
f 3385 3371 3378
f 3368 3362 3352
f 3359 3396 3392
f 3405 3375 3374
f 3419 3383 3375
f 3386 3377 3456
f 3380 3417 3373
f 3380 3411 3417
f 3384 3405 3374
f 3479 3475 3448
f 3375 3383 3389
f 3387 3377 3351
f 3393 4971 3364
f 1103 4879 3385
f 3400 3394 3357
f 3370 3404 3391
f 3368 3358 3391
f 3430 3411 3360
f 3406 3375 3389
f 3391 3358 3370
f 3359 3392 3341
f 3412 3341 3392
f 3397 3471 3465
f 4973 3379 3422
f 3422 3379 3397
f 3461 3497 3467
f 3405 3410 3375
f 3353 3387 3351
f 3351 3377 3361
f 3357 3394 3367
f 3320 3380 3373
f 3372 3462 3402
f 4973 3372 3340
f 3385 3378 1101
f 3397 3379 3363
f 3397 3363 3362
f 3359 4972 3396
f 3411 3380 3317
f 3402 3430 3360
f 3340 3372 3402
f 3367 3376 4972
f 4388 4397 3341
f 3347 3387 3353
f 3388 3367 3394
f 4878 4879 1103
f 3344 3365 3400
f 3310 4971 3347
f 3361 3386 3384
f 3349 3371 3355
f 3384 3374 3365
f 3370 3358 4878
f 3377 3386 3361
f 3378 3369 1094
f 3368 3352 3333
f 3365 3356 3384
f 3376 3367 3388
f 3399 3286 3381
f 3379 3340 3363
f 3356 3334 3384
f 3329 3400 3357
f 3331 4971 3310
f 3338 3373 3382
f 3315 3364 4971
f 3349 3369 3371
f 3276 3399 3364
f 3330 3351 3361
f 3344 3400 3329
f 4972 3359 3343
f 3364 3315 3302
f 3345 3334 3356
f 3361 3384 3334
f 3343 3341 3350
f 3286 3399 3276
f 3334 3345 3348
f 3394 3400 3414
f 3349 3355 3339
f 3427 3428 3437
f 3353 3351 3346
f 1094 1101 3378
f 3356 3365 3344
f 3320 3373 3299
f 3339 3355 3326
f 3373 3290 3299
f 3359 3341 3343
f 3399 3393 3364
f 3338 3382 3287
f 3380 3320 3298
f 3328 3402 3360
f 3339 3337 3327
f 3333 3326 3355
f 3342 3367 3343
f 3342 3343 3336
f 3412 3392 3407
f 3341 3412 4388
f 3341 4397 4354
f 3311 3347 3324
f 3363 3340 3335
f 3348 3345 3325
f 3302 3276 3364
f 4971 3331 3315
f 3330 3361 3334
f 3328 3360 3317
f 3324 3353 3346
f 3321 3348 3323
f 3339 3327 3301
f 3346 3351 3330
f 3350 3341 4354
f 3363 3335 3352
f 3301 3349 3339
f 3382 3354 3287
f 3335 3340 3328
f 3352 3308 3333
f 3369 3349 3301
f 3336 3329 3342
f 3336 3343 3314
f 3320 3299 3285
f 3343 3350 3314
f 3345 3356 3325
f 3335 3308 3352
f 3330 3334 3321
f 3369 3301 1094
f 3323 3348 3325
f 3318 3356 3344
f 3314 3350 4347
f 3339 3326 3312
f 3350 4354 4347
f 3334 3348 3321
f 3318 3319 3356
f 3344 3329 3318
f 3317 3380 3313
f 3337 3339 3312
f 3300 3327 3337
f 3330 3321 3346
f 3302 3315 3332
f 3335 3328 3309
f 3323 3325 3307
f 3319 3325 3356
f 3328 3317 3309
f 3411 3317 3360
f 3286 3354 3381
f 3329 3336 3296
f 3290 3373 3338
f 3300 3337 3312
f 3326 3333 3312
f 3318 3329 3296
f 3335 3309 3308
f 3324 3346 3311
f 3312 3333 3305
f 3346 3321 3322
f 3307 3325 3319
f 3307 3291 3323
f 3316 3327 3300
f 3315 3306 3332
f 3310 3306 3331
f 3333 3308 3305
f 3314 4347 4325
f 3336 3314 3296
f 3301 3327 3316
f 3291 3321 3323
f 3328 3340 3402
f 3310 3297 3306
f 3311 3346 3322
f 3304 3300 3312
f 3311 3322 3297
f 3307 3319 3291
f 3313 4970 3317
f 3322 3284 3297
f 4970 3308 3309
f 3303 3301 3279
f 3296 3280 3318
f 3315 3331 3306
f 3265 3293 3312
f 3311 3297 3310
f 3305 3265 3312
f 3321 3291 3322
f 3279 3301 3316
f 3287 3354 3283
f 3299 3294 3285
f 3319 3280 3291
f 3314 4325 3288
f 3298 3320 3285
f 3322 3291 3284
f 3296 3314 3288
f 3302 3332 3278
f 3297 3284 3292
f 3300 3295 3316
f 3295 3300 3304
f 3289 3303 3279
f 3299 3274 3294
f 3278 3332 3292
f 1080 3289 1069
f 3283 3354 3286
f 3271 3313 3298
f 3308 4970 3305
f 3271 4970 3313
f 3305 4970 3281
f 3299 3290 3274
f 3302 3282 3276
f 3281 4970 3271
f 3316 3295 3279
f 1069 3289 3279
f 3319 3318 3280
f 3293 3265 3275
f 3296 3254 3280
f 3380 3298 3313
f 3304 3293 3270
f 3304 3270 3273
f 3248 3288 4325
f 3292 3267 3278
f 3284 3267 3292
f 3295 3304 3273
f 3274 3338 3287
f 3283 3286 3261
f 3290 3338 3274
f 3271 3285 3263
f 3281 3265 3305
f 3270 3293 3275
f 3277 3279 3295
f 3285 3271 3298
f 3254 3296 3288
f 3281 3271 3265
f 3264 3274 3287
f 3269 3302 3278
f 3263 3285 3294
f 3278 3267 3269
f 1069 3279 1070
f 3304 3312 3293
f 3275 3265 3268
f 3287 3283 3255
f 3284 3250 3267
f 3237 3291 3280
f 3275 3268 3270
f 3259 3286 3276
f 3282 3302 3269
f 3287 3244 3264
f 3274 3264 3272
f 3273 3270 3262
f 3261 3286 3252
f 3287 3255 3244
f 3237 3280 3254
f 3244 3266 3264
f 3277 3295 3273
f 3271 3263 3260
f 3265 3271 3260
f 3249 3250 3291
f 3274 3236 3294
f 3263 3294 3236
f 3268 3260 3256
f 3237 3249 3291
f 3277 3273 3245
f 3283 3258 3255
f 3267 3282 3269
f 3250 3221 3267
f 3274 3272 3236
f 3268 3262 3270
f 1067 1070 3277
f 3259 3276 3239
f 3272 3264 3251
f 3247 3282 3267
f 3283 3261 3257
f 3257 3258 3283
f 3247 3239 3276
f 3265 3260 3268
f 3262 3268 3256
f 3248 3254 3288
f 3242 3261 3241
f 3249 3237 3235
f 3244 3253 3225
f 3247 3267 3221
f 3262 3256 3260
f 3250 3284 3291
f 3260 3224 3262
f 3277 3245 1067
f 3259 3239 3243
f 3242 3261 3252
f 3231 3263 3236
f 3257 3261 3242
f 3252 3286 3259
f 3259 3238 3252
f 3276 3282 3247
f 3253 3255 3227
f 3236 3272 3246
f 3263 3231 3260
f 3243 3239 3233
f 3242 3252 3238
f 3221 3250 3217
f 3240 3239 3247
f 3248 3232 3254
f 3243 3238 3259
f 3246 3272 3251
f 3245 3273 1055
f 3225 3253 3227
f 3266 3251 3264
f 3254 3232 3237
f 3243 3233 4968
f 3255 3228 3227
f 3255 3258 3228
f 3243 4968 3238
f 3238 3257 3242
f 3266 3230 3251
f 3213 3240 3247
f 3273 3262 1055
f 3227 3228 3215
f 3213 3247 3221
f 1055 3262 3224
f 3236 3246 3210
f 3224 3260 3231
f 3266 3244 3234
f 3266 3234 3230
f 4968 3229 3238
f 3230 3234 3226
f 3249 3217 3250
f 3237 3219 3235
f 3209 3213 3221
f 3255 3253 3244
f 3229 4968 4969
f 3226 3234 3225
f 3234 3244 3225
f 3237 3232 3214
f 3230 3246 3251
f 3257 3220 3223
f 3239 3240 3218
f 3226 3225 3222
f 3230 3210 3246
f 3223 3220 3216
f 3223 3216 3228
f 3218 3240 3205
f 3240 3213 3205
f 3227 3215 3225
f 3222 3225 3215
f 3219 3237 3214
f 3190 3221 3217
f 3210 3231 3236
f 3229 4969 3220
f 3235 3212 3249
f 4969 3218 3205
f 4969 3205 3220
f 3230 3222 3210
f 3222 3230 3226
f 3217 3249 3212
f 4303 4282 3248
f 3215 3228 3208
f 3222 3215 3208
f 3211 3214 3232
f 3221 3190 3209
f 3220 3205 3208
f 3208 3228 3216
f 3235 3219 3204
f 3211 3206 3214
f 3199 3232 3248
f 3207 3231 3210
f 3199 3211 3232
f 3208 3196 3222
f 3258 3257 3223
f 3228 3258 3223
f 3206 3219 3214
f 3207 3210 3188
f 3206 3204 3219
f 3189 3208 3205
f 3217 3212 3190
f 3212 3235 3193
f 3203 3212 3193
f 3224 3231 3207
f 3196 3210 3222
f 3202 3206 3211
f 3201 3205 3213
f 3203 3190 3212
f 3204 3193 3235
f 3202 3211 3199
f 3201 3213 3198
f 3224 3197 1055
f 3202 3199 3172
f 3192 3206 3202
f 3195 3193 3204
f 3224 3207 3197
f 3189 3205 3201
f 3188 3210 3186
f 3194 3209 3190
f 3198 3213 3209
f 3196 3208 3179
f 3204 3206 3192
f 3172 3199 4259
f 4282 3199 3248
f 3210 3196 3186
f 3187 3204 3192
f 3189 3179 3208
f 3190 3203 3191
f 3202 3172 3183
f 3207 3188 3200
f 3195 3203 3193
f 3184 3195 3204
f 3187 3184 3204
f 3194 3190 3191
f 3201 3198 3185
f 3194 3198 3209
f 3192 3173 3187
f 3203 3195 3191
f 3183 3192 3202
f 3194 3177 3198
f 3171 3172 4259
f 3191 3195 3182
f 3185 3198 3175
f 3191 3178 3194
f 3196 3180 3186
f 3181 3200 3188
f 3189 3201 3176
f 3195 3184 3182
f 3184 3170 3182
f 3183 3166 3192
f 3174 3179 3189
f 3186 3168 3188
f 3182 3178 3191
f 3175 3198 3177
f 3176 3201 3185
f 3188 3168 3181
f 3159 3184 3187
f 3173 3192 3166
f 3180 3179 3174
f 3196 3179 3180
f 3176 3185 3175
f 3162 3200 3181
f 3189 3176 3174
f 3194 3178 3177
f 3159 3187 3173
f 3160 3184 3159
f 3170 3167 3182
f 3178 3182 3154
f 3165 3168 3186
f 3180 3165 3186
f 3178 3154 3177
f 3170 3160 3167
f 3170 3184 3160
f 3159 3173 3169
f 3180 3174 3164
f 3174 3176 3152
f 3169 3173 3166
f 3183 3172 3150
f 3176 3175 3152
f 3162 3181 3149
f 3163 3154 3182
f 3158 3177 3154
f 3155 3172 3171
f 3161 3166 3183
f 3157 3168 3165
f 3162 3149 3140
f 3161 3183 3150
f 3161 3169 3166
f 3181 3168 3149
f 3182 3167 3163
f 3177 3148 3152
f 1045 3162 3140
f 3164 3141 3165
f 3155 3171 4250
f 3177 3158 3148
f 3165 3141 3157
f 3165 3180 3164
f 3169 3161 3156
f 3150 3172 3155
f 3156 3159 3169
f 3151 3160 3159
f 3145 3156 3161
f 3153 3163 3167
f 3160 3153 3167
f 3153 3160 3151
f 3151 3159 3156
f 3149 3157 3139
f 3145 3161 3150
f 3163 3153 3147
f 3142 3151 3156
f 3146 3142 3156
f 3143 3152 3148
f 3142 3138 3153
f 3164 3152 3143
f 3154 3163 3147
f 3147 3153 3138
f 3146 3145 3136
f 3154 3147 3144
f 3147 3138 3135
f 3149 3139 3140
f 3153 3151 3142
f 4246 3145 3150
f 3134 3146 4870
f 4246 3155 4250
f 3145 4246 3136
f 3142 3146 3134
f 3144 3148 3158
f 3135 3144 3147
f 3146 3136 4870
f 4240 3136 4246
f 3143 3144 3135
f 3130 3143 3135
f 3144 3158 3154
f 3140 3133 1041
f 3141 3164 3132
f 3140 3139 3133
f 3164 3143 3132
f 3135 3138 4849
f 3143 3130 3137
f 3139 3141 3132
f 4854 3138 3142
f 3139 3132 3131
f 3132 3143 3137
f 4854 3142 3134
f 4854 4849 3138
f 3168 3157 3149
f 3174 3152 3164
f 3156 3145 3146
f 3139 3157 3141
f 3132 3137 3126
f 3126 3131 3132
f 3135 4849 3127
f 3128 3133 3131
f 3130 3135 3127
f 3129 3130 4858
f 3143 3148 3144
f 4870 3136 4863
f 4858 3130 3127
f 3131 3126 3128
f 4246 3150 3155
f 3126 3137 4851
f 3137 3130 3129
f 3137 3129 4858
f 3137 4858 4861
f 3152 3175 3177
f 4851 3137 4861
f 3112 2207 3111
f 2228 3083 3116
f 2212 2202 3122
f 3118 2222 3062
f 2221 2232 4184
f 3117 3119 3107
f 3108 2203 3115
f 2208 3069 2204
f 3105 2230 2204
f 2200 3124 3063
f 2227 3070 3096
f 4184 2232 3114
f 2204 3069 3105
f 3109 3121 2212
f 4199 3111 4189
f 3110 3117 3107
f 3108 2206 4909
f 2227 2220 3070
f 3064 2214 2203
f 4193 4174 2205
f 3119 3106 3107
f 3064 2208 2214
f 2219 3121 3119
f 4204 3694 4174
f 3104 2211 2200
f 3113 2213 3057
f 3109 2212 3122
f 3121 3100 3119
f 3070 2220 3099
f 3095 3122 4190
f 3103 3108 4909
f 3108 3089 2203
f 3069 2208 3064
f 3109 3100 3121
f 2210 3090 3098
f 3119 3100 3106
f 3057 2213 3096
f 3109 3122 3102
f 3063 3124 2215
f 3112 3097 3078
f 3097 3111 4199
f 3089 3108 3103
f 3062 2222 3085
f 3094 3100 3109
f 4199 4189 4153
f 3099 2220 3092
f 3123 2226 3076
f 3087 3102 3095
f 3077 3101 3104
f 3083 2228 3101
f 4909 4908 3103
f 3068 3116 3083
f 3075 3093 3118
f 3064 2203 3089
f 3110 3107 3080
f 3122 3095 3102
f 3116 3067 3092
f 3084 2200 3063
f 3091 3097 4199
f 3105 3069 3051
f 2210 3098 3045
f 3083 3059 3068
f 3093 3075 3032
f 3116 3068 3067
f 3106 3100 3088
f 3030 2226 3073
f 913 3113 3081
f 3103 4908 3066
f 3093 3032 3090
f 3079 3100 3094
f 3078 3097 3091
f 3063 2215 3061
f 3076 3026 3123
f 3045 3073 2226
f 4188 4189 4211
f 2210 3045 2226
f 3072 3089 3103
f 3080 3071 3110
f 3100 3079 3088
f 3076 2226 3030
f 3081 3113 3057
f 3051 4967 3105
f 3079 3094 3102
f 3074 3087 3095
f 3096 3070 3052
f 3077 3104 3084
f 3057 3096 3052
f 3107 3106 3080
f 3084 3104 2200
f 2215 3026 3042
f 3080 3088 3071
f 3087 3074 3060
f 3072 3103 3066
f 3091 4199 4153
f 3083 3101 3059
f 3075 3118 3062
f 4175 4182 3078
f 3099 3092 3065
f 3087 3079 3102
f 3098 3090 3027
f 3070 3099 3028
f 4156 4175 3078
f 4156 3078 3091
f 3062 3085 4967
f 3071 3088 3079
f 3084 3063 3039
f 3077 3084 3005
f 3060 3074 3058
f 3080 3106 3088
f 3082 3086 3055
f 3060 3079 3087
f 3025 3089 3072
f 3039 3021 3084
f 3079 3060 3056
f 3025 3072 3043
f 3098 3027 3045
f 3082 3055 3054
f 3069 3064 3050
f 3061 3039 3063
f 3092 3033 3065
f 3047 3027 3090
f 4156 3091 4115
f 3101 3077 3059
f 3069 3050 3031
f 3025 3064 3089
f 3061 2215 3042
f 3073 3045 3035
f 3072 3066 3043
f 3054 3055 3044
f 3047 3090 3032
f 3060 3058 3053
f 3037 3067 3068
f 3058 4141 3049
f 3065 3007 3099
f 3091 4153 4121
f 3092 3067 3037
f 3099 3007 3028
f 4115 3091 4121
f 3053 3058 3049
f 3048 3057 3052
f 3057 3048 3081
f 3068 3059 3013
f 3044 3055 4910
f 3051 3069 3031
f 4966 3062 4967
f 3079 3056 3071
f 3053 3056 3060
f 3049 4141 4134
f 3035 3045 3024
f 3111 3097 3112
f 3046 3027 3047
f 3081 843 913
f 3062 4966 3075
f 4910 3038 3044
f 843 3081 3040
f 3043 3082 3054
f 3092 3037 3033
f 3036 3039 3061
f 2988 3061 3042
f 3023 3025 3043
f 3077 3005 2986
f 4967 3051 3009
f 3076 3030 3041
f 3045 3027 3011
f 3024 3045 3011
f 3064 3025 3050
f 3037 3068 2979
f 2979 3068 3013
f 3042 3026 2988
f 3047 3020 3046
f 3016 3025 3023
f 3026 3076 3041
f 3040 3081 3048
f 3001 3032 3075
f 3029 3022 4910
f 3034 3043 3054
f 3034 3044 3038
f 3054 3044 3034
f 3066 3082 3043
f 3070 3028 2978
f 3029 4139 3017
f 3029 4965 3022
f 3059 2991 3013
f 3051 3031 3009
f 3061 2990 3036
f 2972 3028 3007
f 3077 2986 2981
f 3037 2979 2980
f 3010 3035 2989
f 3047 3032 2969
f 3032 3001 2969
f 3015 3023 3034
f 3034 3023 3043
f 3048 3052 3070
f 3048 3070 2978
f 3025 3016 3003
f 3059 3077 2981
f 3035 3024 2989
f 2997 3037 2980
f 3001 3075 3019
f 3019 3075 4966
f 3025 3003 3031
f 3011 3027 3006
f 3047 2969 3020
f 3007 3065 3033
f 3059 2981 2991
f 3041 3030 2973
f 4966 2984 3019
f 2990 3061 2988
f 3012 3038 3022
f 4965 3029 3017
f 3008 3023 3015
f 2988 3026 3041
f 3034 3012 3015
f 2971 3007 3033
f 2973 3030 3010
f 2996 2984 3009
f 3002 3024 3011
f 3012 3034 3038
f 3015 3012 3014
f 2999 3021 3018
f 3028 2972 2978
f 3008 3015 3014
f 2971 3037 2997
f 2974 3040 2994
f 2962 3041 2973
f 2995 3022 4965
f 3013 2991 2964
f 3018 2998 2999
f 3008 3003 3016
f 2994 3040 3048
f 3008 3004 3003
f 2986 3005 2948
f 3022 2995 3012
f 3008 3016 3023
f 3008 3014 3004
f 3019 2984 2961
f 3010 2989 2992
f 3002 3020 2987
f 3002 3006 3020
f 3001 3019 2957
f 2992 2989 2954
f 3009 3031 3003
f 2993 3012 2995
f 2989 3024 3002
f 3014 3012 2993
f 2969 3001 2957
f 3014 2993 3004
f 3048 2978 2966
f 2985 3003 3000
f 2958 3010 2992
f 3048 2966 2994
f 2989 3002 2968
f 2982 4047 3000
f 2948 3005 3021
f 3009 3003 2950
f 3022 3038 4910
f 2985 3000 4047
f 2993 2995 2983
f 2983 2995 2975
f 2982 3000 2977
f 2979 3013 2964
f 2999 2998 4952
f 3004 2993 2977
f 3010 2958 2973
f 2990 2988 2945
f 2968 3002 2987
f 3020 2969 2970
f 2962 2988 3041
f 2977 2993 2983
f 4047 2982 4057
f 4958 2999 4952
f 2984 2976 2961
f 2982 2977 4044
f 2978 2972 2921
f 3003 2985 2950
f 2992 2954 2965
f 4048 2982 2960
f 4044 2977 2983
f 2983 2975 4044
f 2950 2985 2956
f 2989 2967 2954
f 2975 2943 4044
f 2974 2953 2936
f 2960 2982 4044
f 2996 3009 2950
f 2956 2985 4047
f 2975 2995 4965
f 2980 2979 2942
f 2962 2973 2952
f 2971 2972 3007
f 3011 3006 3002
f 2940 2967 2968
f 2960 4044 2955
f 2986 2948 2934
f 2934 2981 2986
f 2990 2945 2947
f 3035 3010 3073
f 2968 2967 2989
f 2933 2979 2964
f 2923 2997 2959
f 2940 2968 2987
f 3031 3050 3025
f 2991 2981 2938
f 2970 2944 2937
f 2964 2991 2938
f 2944 2969 2957
f 2997 2980 2959
f 2944 2970 2969
f 2987 2970 2937
f 2963 2990 2947
f 2959 2980 2942
f 2941 2954 2967
f 2932 2966 2978
f 2994 2966 2931
f 2921 2972 2912
f 2942 2979 2933
f 2961 2976 3988
f 2934 2948 2946
f 2996 2950 2925
f 2940 2987 2937
f 2939 2961 3988
f 4037 4048 2935
f 2953 2922 2936
f 2965 2954 2941
f 2953 2994 2922
f 4958 4952 2951
f 4048 2960 2935
f 2923 2971 2997
f 2912 2972 2971
f 2938 2981 2934
f 2950 2956 3995
f 2962 2952 2927
f 2946 2948 2949
f 2941 2967 2940
f 2935 2955 2943
f 2952 2958 2927
f 2926 2935 2943
f 2973 2958 2952
f 2918 2958 2965
f 2962 2927 2928
f 2945 2962 2928
f 2935 2960 2955
f 4964 4037 2930
f 2923 2912 2971
f 4952 4953 2951
f 2946 2949 4957
f 2921 2932 2978
f 2941 2918 2965
f 2926 4004 2935
f 2937 2944 2924
f 2958 2918 2920
f 4956 2941 2940
f 2940 2937 2924
f 3972 2950 3995
f 2963 2947 2929
f 2994 2931 2916
f 2935 4004 2930
f 4004 2926 4003
f 2909 747 2936
f 2958 2920 2927
f 2930 4037 2935
f 2964 2905 2933
f 4017 4018 4009
f 4003 4009 4019
f 2931 2966 2932
f 2909 2936 2892
f 4956 2940 2924
f 2927 2920 2907
f 2925 2950 3950
f 2936 2922 2891
f 2918 2941 2902
f 2902 2941 4956
f 2931 2932 2916
f 2947 2945 2900
f 2928 2927 2907
f 2939 3988 3989
f 2929 2947 2913
f 2903 2928 2907
f 2922 2994 2916
f 2921 2912 2911
f 2904 2936 2891
f 2947 2914 2913
f 2928 2900 2945
f 2920 2918 2919
f 2916 2932 2921
f 2950 3972 3950
f 2919 2917 2920
f 2907 2920 2917
f 2903 2907 2908
f 2958 2992 2965
f 2922 2916 2891
f 2916 2921 2911
f 2914 2947 2900
f 2917 2919 2902
f 2905 2938 2865
f 2896 2913 2914
f 2895 2923 2959
f 2902 2919 2918
f 2945 2988 2962
f 2894 2915 2890
f 2959 2942 2899
f 2929 2913 2910
f 2914 2900 2886
f 2938 2934 2865
f 2877 2892 2936
f 2890 2951 4953
f 2890 4953 2888
f 2885 2906 2903
f 2905 2889 2933
f 2897 2907 3960
f 2899 2933 2889
f 2914 2886 2896
f 2898 2913 2896
f 2942 2933 2899
f 2913 2898 2876
f 2906 2928 2903
f 2905 2865 2863
f 2917 2902 4955
f 2877 2904 2884
f 2885 2903 2893
f 2905 2863 2889
f 2901 2908 2897
f 2906 2886 2900
f 2907 2897 2908
f 2911 2912 2923
f 2910 2913 2876
f 2906 2900 2928
f 2895 2959 2899
f 2854 2910 2876
f 2893 2903 2908
f 2884 2904 2891
f 2885 2886 2906
f 3932 2897 3960
f 2946 4957 2880
f 2911 2923 2883
f 4955 3944 2917
f 4955 2902 4956
f 2898 2896 2881
f 2880 2915 2894
f 2893 2908 2901
f 2916 2872 2891
f 2909 2892 2882
f 2895 2883 2923
f 3941 2901 2897
f 2873 2896 4949
f 2880 4957 2915
f 2878 2890 2888
f 4949 2896 2887
f 2869 2946 2880
f 2934 2946 2870
f 2866 2884 2891
f 2870 2946 2869
f 2879 2901 3941
f 2882 2892 2874
f 3941 2897 3932
f 2916 2911 2872
f 2835 2865 2934
f 2886 2868 2887
f 2971 3033 3037
f 2835 2934 2870
f 2860 4949 2887
f 2881 2873 2864
f 2875 2873 4949
f 2866 2891 2871
f 2964 2938 2905
f 2850 2880 2894
f 2892 2877 2874
f 2863 2865 2849
f 2885 2862 2886
f 3941 2867 2879
f 2869 2880 2850
f 2886 2887 2896
f 2888 2861 2878
f 2875 4949 2860
f 2891 2872 2871
f 2895 2830 2856
f 2853 2876 2898
f 2884 2859 2877
f 2894 2890 2878
f 2866 2859 2884
f 2883 2895 2856
f 2878 2861 2831
f 4954 2873 2875
f 2885 2893 2862
f 2830 2895 2899
f 2851 2876 2853
f 2854 2876 2851
f 2847 2898 2881
f 2867 3941 3913
f 2911 2883 2872
f 2849 2865 2835
f 2889 2863 2857
f 2898 2847 2853
f 3895 2867 3913
f 2874 2877 2841
f 2847 2881 2864
f 2869 2835 2870
f 2830 2899 2857
f 2879 2862 2893
f 2879 2893 2901
f 2863 2849 2855
f 2862 2867 2858
f 2883 2856 2872
f 2860 2887 2843
f 2875 2860 2826
f 2862 2879 2867
f 2861 2827 2831
f 2817 2847 2864
f 4954 2875 2826
f 2860 2845 2826
f 2868 2858 2823
f 2852 2850 2894
f 2817 2864 2844
f 2886 2862 2868
f 2877 2859 2841
f 2872 2819 2871
f 2878 2831 2852
f 2852 2894 2878
f 4951 2845 2860
f 4951 2860 2843
f 2867 3895 2858
f 4954 2846 2836
f 2843 2887 2848
f 2835 2869 2834
f 2828 2887 2868
f 2887 2828 2848
f 2829 2866 2871
f 4948 2844 4954
f 2846 4954 2826
f 2823 2858 3882
f 2869 2850 2821
f 4948 4954 2836
f 2826 2845 2820
f 2840 2852 2831
f 2842 4951 2843
f 2868 2823 2828
f 2851 2853 2837
f 2854 2851 2827
f 2835 2833 2849
f 2821 2834 2869
f 2858 2868 2862
f 2858 3895 3882
f 2856 2819 2872
f 2874 2841 2811
f 2833 2835 2800
f 2811 2841 3507
f 2832 4838 2789
f 2855 2849 2833
f 2819 2856 2830
f 2834 2821 3528
f 2796 2836 2846
f 2838 2874 2811
f 2789 4838 4839
f 4951 2842 2839
f 2845 2816 2820
f 2843 2815 2842
f 2842 2818 2839
f 2826 2796 2846
f 2816 4951 2839
f 2841 2809 3507
f 2828 2823 2813
f 2831 2827 2814
f 2830 2822 2819
f 2838 2811 651
f 2857 2899 2889
f 2810 2839 2818
f 2825 2857 2855
f 2823 3882 2813
f 2829 2819 3519
f 2820 2816 2804
f 2817 2844 2791
f 2826 2808 2796
f 2851 2837 2827
f 2801 2842 2815
f 2805 2829 2794
f 2859 2829 2805
f 2834 2800 2835
f 3505 2808 2826
f 2806 2828 2813
f 2831 2814 2802
f 2797 2850 2852
f 2797 2852 2840
f 2840 2831 2802
f 2848 2828 2806
f 2814 2827 2837
f 2815 2848 4541
f 2791 2844 4948
f 2812 2816 2798
f 2829 2871 2819
f 2837 2853 2803
f 2816 2812 3502
f 2816 3502 2804
f 2797 2821 2850
f 2830 2857 2825
f 2859 2866 2829
f 2803 2847 2817
f 2836 2796 2808
f 2820 2804 3505
f 3525 2818 2842
f 2855 2833 2825
f 3507 2809 2787
f 2809 2805 2788
f 2822 2830 3501
f 3525 2842 2801
f 2824 3521 2790
f 2843 2848 2815
f 3522 2815 4541
f 2814 2837 3511
f 2816 2839 2798
f 2830 2825 3501
f 2834 3528 2800
f 2810 2798 2839
f 2817 2791 2786
f 3505 2826 2820
f 2799 2832 2789
f 2814 3511 2802
f 651 2792 2795
f 2809 2841 2859
f 2809 2859 2805
f 2819 2822 3519
f 3511 2837 2803
f 3526 651 2811
f 2787 2809 2788
f 2794 3519 3500
f 2816 2845 4951
f 2794 2829 3519
f 3512 2797 2840
f 2815 3525 2801
f 2822 3494 3519
f 651 3526 2792
f 3510 2810 2818
f 2799 2789 3524
f 4527 3520 3522
f 2805 2794 2788
f 3527 2812 2798
f 3494 2822 3501
f 2803 2853 2847
f 2811 3507 3523
f 2789 3518 3524
f 2802 3512 2840
f 4541 4527 3522
f 2793 2798 2810
f 3525 2815 3522
f 2821 3503 3528
f 2803 2817 2786
f 3503 2821 2797
f 3499 2786 2791
f 646 3518 2807
f 3527 3502 2812
f 2833 2800 3515
f 3503 3484 3515
f 3460 3411 3480
f 2855 2857 2863
f 2786 3509 2803
f 2803 3509 3511
f 3492 2791 4948
f 3492 4948 3495
f 2798 2793 3527
f 3510 2793 2810
f 3510 2818 3525
f 3510 3472 2793
f 3522 3513 3525
f 4481 4477 4458
f 4946 3530 3532
f 4946 2765 3530
f 2780 3531 2782
f 2774 3536 2781
f 3536 3542 2781
f 2772 2779 2781
f 2785 2778 3532
f 2783 3538 3832
f 2772 2781 3530
f 2782 3534 2776
f 2777 2783 3832
f 2768 1151 3529
f 2770 3536 2775
f 4946 3532 2778
f 3529 2784 2768
f 2784 3529 3533
f 2738 2785 2783
f 3843 3834 3832
f 3534 2767 2776
f 2768 2784 2771
f 3531 2762 2784
f 3531 2780 2762
f 2738 2783 2777
f 3534 2770 2755
f 2784 2762 2771
f 2767 3534 2755
f 2773 2762 2780
f 2777 3832 3828
f 4565 3841 4561
f 2778 2785 2766
f 2775 2774 2757
f 2772 2765 2750
f 2785 2738 2766
f 2774 2761 2752
f 3536 2774 2775
f 2760 2755 2770
f 2774 2781 2779
f 2776 2767 2754
f 2761 2774 2769
f 2777 3828 2764
f 2770 3543 3536
f 2771 2763 2758
f 2751 2771 2762
f 2769 2779 2749
f 2768 2771 2758
f 2748 2780 2782
f 2758 2763 2745
f 2772 3530 2765
f 2743 2772 2750
f 2748 2773 2780
f 2755 2753 2767
f 2749 2779 2772
f 2763 2771 2751
f 2773 2744 2762
f 3804 3797 3788
f 3837 3815 3834
f 2745 2763 2735
f 2756 4946 2733
f 2768 2758 2759
f 2760 2770 2775
f 2767 2753 2741
f 2757 2774 2752
f 2769 2774 2779
f 2721 2765 4946
f 2750 2765 2721
f 2773 2739 2744
f 2777 2764 3796
f 2722 2766 2738
f 2736 2767 2741
f 2752 2761 2731
f 2751 2762 2744
f 2760 2775 2740
f 3796 2764 3810
f 2754 2767 2736
f 2775 2757 2725
f 2747 2745 2735
f 2742 2758 2745
f 2773 2748 2739
f 2721 4946 2728
f 2782 2776 2754
f 2782 2754 2748
f 2742 469 2758
f 2751 2744 2734
f 2738 2777 3796
f 2752 2731 2746
f 2737 2754 2736
f 2743 2749 2772
f 2751 2734 2684
f 2769 2749 2732
f 2706 2735 2684
f 2717 2757 2752
f 2748 2754 2737
f 2729 2755 2740
f 2761 2769 3782
f 3782 2769 2732
f 3819 561 508
f 2743 2750 2716
f 2717 2752 2695
f 2731 2761 3782
f 2755 2760 2740
f 2727 2744 2739
f 2763 2751 2684
f 2763 2684 2735
f 2713 2742 2745
f 2747 2689 2713
f 2745 2747 2713
f 2775 2725 2740
f 2753 2755 2729
f 2746 2695 2752
f 2747 2735 2689
f 2735 2706 2692
f 2737 2736 2714
f 2730 2753 2729
f 2749 2743 2704
f 2723 2732 2749
f 2756 2733 2718
f 2726 2741 2712
f 2721 2728 2699
f 2722 2738 3796
f 2736 2741 2726
f 3530 2781 3542
f 2707 2729 2709
f 2720 2744 2727
f 2746 2731 2678
f 2724 2748 2737
f 2710 2757 2717
f 2697 2732 2723
f 2743 2716 2688
f 2723 2749 2704
f 2718 2722 2715
f 2699 2750 2721
f 2739 2748 2724
f 2697 2723 2682
f 3782 2732 2697
f 2720 2734 2744
f 2702 2727 2711
f 2742 2713 2693
f 2720 2691 2734
f 2699 2728 2675
f 2725 2757 2710
f 2686 2731 3782
f 2726 2712 2700
f 2735 2692 2708
f 2727 2739 2724
f 2730 2729 2676
f 2740 2709 2729
f 2729 2707 2696
f 2743 3786 2704
f 2689 2735 2708
f 2684 2734 2691
f 2720 2727 2702
f 2678 2731 2686
f 3777 2704 3786
f 2690 2737 2687
f 2737 2714 2687
f 2716 2750 2699
f 2681 3782 2697
f 2714 2736 2726
f 2711 2727 2724
f 2703 2707 2709
f 2700 2714 2726
f 508 2680 2719
f 2706 2684 2705
f 2648 2725 2710
f 2715 2722 3796
f 2709 2740 2703
f 2703 2725 2648
f 2719 3819 508
f 2692 2706 2705
f 2746 2678 2694
f 2707 2703 2696
f 2724 2737 2690
f 2695 2746 2694
f 2701 2717 2695
f 2715 3796 3793
f 2684 2679 2705
f 3768 2723 2704
f 2685 2691 2720
f 2687 2714 2636
f 2688 2716 2699
f 2705 2677 2692
f 2673 2729 2696
f 2691 2685 2652
f 2676 2729 2673
f 2700 2676 2667
f 2713 2689 2698
f 2696 2703 2671
f 2723 3768 2682
f 2683 2675 2655
f 2664 2689 2708
f 2693 2713 2698
f 2714 2700 2636
f 2684 2691 2679
f 2686 3782 2649
f 3775 2649 3782
f 3771 3775 3782
f 3771 3782 2681
f 3820 2719 3779
f 2699 3764 2688
f 2708 2677 2664
f 2658 2693 2698
f 2689 2664 2698
f 2645 2701 2695
f 3768 2704 3777
f 2636 2700 2667
f 2680 508 427
f 2710 2717 2701
f 2659 2694 2678
f 2687 2636 2643
f 2678 2686 2674
f 2701 2648 2710
f 2677 2708 2692
f 2685 2702 2669
f 2730 2741 2753
f 2724 2690 2672
f 2683 2699 2675
f 3767 4947 2715
f 2645 2695 2694
f 2690 2687 2643
f 2675 4947 2655
f 2724 2672 2711
f 2662 2680 427
f 2628 2703 2648
f 2665 2705 2679
f 2703 2628 2671
f 2665 2677 2705
f 2627 2711 2672
f 2696 2671 2673
f 2659 2674 2666
f 2642 2667 2668
f 2703 2740 2725
f 2670 2676 2673
f 2636 2667 2642
f 2634 2701 2645
f 2679 2691 2652
f 2658 2698 2663
f 4947 3767 3763
f 2702 2711 2669
f 2702 2685 2720
f 2646 2690 2643
f 3764 2699 2657
f 2654 2665 2679
f 2679 2652 2654
f 2659 2645 2694
f 2649 2666 2674
f 2676 2670 2667
f 2699 2683 2657
f 3742 3764 2657
f 2672 2690 2627
f 2646 2627 2690
f 2650 2665 2660
f 2678 2674 2659
f 2654 2629 2665
f 2701 2607 2648
f 2645 2659 2666
f 2669 2711 2627
f 2661 2664 2635
f 2663 2664 2661
f 2677 2650 2664
f 2677 2665 2650
f 2680 2662 2647
f 2664 2651 2635
f 2660 2665 2629
f 2654 2652 2625
f 362 4821 2662
f 2671 2628 2653
f 2649 2626 2666
f 2698 2664 2663
f 2664 2650 2651
f 2653 2628 2613
f 2630 2663 2661
f 2631 2632 2648
f 2645 2666 2626
f 2644 2626 2649
f 2623 2657 2683
f 2686 2649 2674
f 2625 2624 2654
f 2641 2650 2660
f 2631 2648 2607
f 3762 2633 3758
f 2658 2663 2656
f 2623 2683 3750
f 2683 2655 3750
f 2637 2635 2651
f 2670 2673 2574
f 2651 2650 2637
f 2637 2650 2641
f 2590 2636 2642
f 2626 2644 2638
f 2574 2673 2653
f 2628 2648 2632
f 4944 2633 2609
f 2638 3759 2640
f 2639 2661 2635
f 3759 2638 3760
f 2660 2629 2641
f 2625 2652 2669
f 2663 2630 2611
f 2618 2635 2637
f 2625 2669 4945
f 2652 2685 2669
f 2634 2645 2595
f 2640 3753 3754
f 2669 2627 2592
f 2621 2636 2590
f 2628 2632 2602
f 2653 2613 2574
f 2656 2663 2611
f 2615 2627 2646
f 2583 4944 2609
f 4944 3758 2633
f 2622 2629 2654
f 2613 2628 2602
f 2638 2644 3760
f 2633 2647 2609
f 2618 2620 2610
f 2637 2641 2620
f 2644 3756 3760
f 3759 3760 3756
f 2640 3754 2612
f 2639 2635 2618
f 2626 2638 2604
f 2592 4945 2669
f 2630 2661 2639
f 2618 2637 2620
f 2641 2629 2622
f 2624 2619 2622
f 2592 2627 2600
f 2647 2662 2570
f 2622 2619 2614
f 2638 2640 2612
f 2622 2654 2624
f 4941 2590 2642
f 2626 2595 2645
f 2646 2621 2591
f 2611 2630 2639
f 4945 2624 2625
f 2619 2624 4945
f 2585 3758 4944
f 2620 2614 2610
f 2631 2607 2601
f 2631 2601 2632
f 2613 2602 2616
f 2606 2618 2610
f 4821 2558 2570
f 2619 4945 2599
f 2662 4821 2570
f 2612 3754 3744
f 2608 2604 2638
f 2611 2639 2617
f 2614 2619 2603
f 2564 2590 4941
f 2563 2646 2591
f 2607 2634 2595
f 2595 2626 2604
f 2570 2572 2609
f 2559 2619 2599
f 2608 2612 2557
f 2610 2614 2603
f 2612 3744 2566
f 3742 2657 2623
f 2588 2605 304
f 2653 2673 2671
f 2601 2607 2578
f 2606 2610 2597
f 2617 2618 2606
f 2603 2559 2573
f 2643 2636 2621
f 2616 2602 2581
f 2647 2570 2609
f 2597 2610 2603
f 2589 2557 2612
f 2580 2613 2616
f 2578 2607 2595
f 2597 2603 2594
f 2591 2621 2563
f 2589 2612 2566
f 2564 4941 2537
f 2607 2701 2634
f 2608 2638 2612
f 2594 2582 2597
f 2593 2594 2603
f 291 2606 2597
f 2583 2609 2572
f 2593 2603 2573
f 2596 2592 2600
f 2616 2581 2580
f 2608 2557 2538
f 2552 2587 2584
f 291 2597 2582
f 4943 2608 2571
f 2582 2594 2577
f 2559 2599 2576
f 2602 2601 2578
f 2554 2582 2577
f 2615 2600 2627
f 2563 2615 2646
f 2579 2670 2574
f 2613 2580 2574
f 2583 2572 2527
f 2556 2621 2590
f 2582 2554 2562
f 2577 2594 2593
f 2603 2619 2559
f 2578 4943 2550
f 2586 2589 2566
f 2563 2621 2556
f 2556 2590 2564
f 2602 2578 2550
f 2588 350 2605
f 2571 2608 2538
f 2646 2643 2621
f 2596 2565 2541
f 3746 3758 2585
f 2545 2615 2563
f 2550 2581 2602
f 2557 2589 2531
f 2531 2589 2575
f 2577 2593 2561
f 2600 2615 2545
f 2568 2588 2540
f 2552 2584 2569
f 2581 2550 2580
f 273 2588 304
f 2565 2596 2567
f 2553 2580 2550
f 2593 2573 2544
f 2541 2599 2596
f 2569 2584 2542
f 2527 2555 2583
f 2536 2572 2570
f 2585 2552 2551
f 2560 2554 2539
f 2562 2554 2560
f 4940 2598 4928
f 2632 2601 2602
f 2519 4943 2571
f 3738 3750 3746
f 2534 2584 2555
f 2561 2593 2549
f 2530 2554 2577
f 2576 2573 2559
f 2573 2504 2544
f 2529 2553 2550
f 2540 2588 273
f 2551 2569 4933
f 2593 2544 2549
f 2600 2545 2567
f 3746 2585 2551
f 2543 2538 2557
f 2537 2548 2564
f 4943 2519 4942
f 2577 2561 2549
f 2543 2557 2531
f 2546 2576 2541
f 3750 3738 2623
f 2579 2574 2553
f 2504 2573 2576
f 2495 2565 2567
f 2570 2558 2522
f 2534 2542 2584
f 2545 2563 2556
f 2545 2556 2548
f 2526 4940 4928
f 3738 3742 2623
f 2505 2565 2495
f 4933 2569 2542
f 2558 2568 2528
f 2560 2539 2501
f 2568 2540 2502
f 2536 2524 2572
f 2535 2548 2537
f 2553 2529 2579
f 2547 2527 2572
f 2501 2539 2517
f 2539 2554 2517
f 2514 2544 2504
f 2574 2580 2553
f 2534 2525 2542
f 2577 2549 2530
f 2541 2565 2481
f 2535 2537 2521
f 2548 2512 2545
f 2523 2540 273
f 4931 2542 2525
f 2512 2548 2535
f 4942 2519 2508
f 2451 2567 2545
f 2517 2554 2513
f 2600 2567 2596
f 2570 2522 2536
f 2576 2546 2494
f 4933 2542 4931
f 2565 2505 2498
f 2541 2576 2599
f 2451 2495 2567
f 3746 2551 3726
f 2516 2504 2576
f 4928 4929 2526
f 2513 2554 2530
f 2529 4925 2579
f 2522 2558 2528
f 2451 2545 2512
f 2529 4942 2508
f 2536 2522 2520
f 3738 3746 3726
f 2549 2544 2514
f 2530 2549 2514
f 2534 2527 2525
f 2528 2520 2522
f 2488 2572 2524
f 2488 2547 2572
f 2516 2576 2494
f 2502 2540 2496
f 2529 2508 4925
f 2509 3729 4936
f 2521 2537 2532
f 2521 2532 2497
f 2506 2540 2523
f 2518 4931 4926
f 4931 2525 4926
f 2524 2536 2520
f 2512 2535 2515
f 2497 2515 2521
f 2488 2527 2547
f 2514 2513 2530
f 2506 2523 255
f 2499 2524 2520
f 2587 2583 2555
f 2587 2555 2584
f 2551 2480 3726
f 2556 2564 2548
f 2515 2535 2521
f 2506 2496 2540
f 203 2511 2560
f 2481 2565 2498
f 2494 2546 2473
f 2435 2519 2571
f 2490 2487 4929
f 2527 2488 2525
f 4932 4925 2508
f 2541 2462 2546
f 2487 2526 4929
f 2508 2519 2472
f 2571 2538 2435
f 2477 4934 2507
f 2512 2515 2474
f 2492 2510 2526
f 2480 2551 4933
f 2575 2533 2531
f 2524 2499 2493
f 2502 2499 2520
f 237 2491 2506
f 2546 2462 2473
f 2515 2497 2489
f 2532 2510 2492
f 2492 2526 2487
f 236 224 237
f 2446 2538 2543
f 2496 2499 2502
f 2541 2481 2422
f 2479 2485 2503
f 2483 2501 2517
f 2555 2527 2534
f 2475 2484 2533
f 2456 2499 2496
f 2524 2493 2488
f 2480 4933 2467
f 2476 2444 2494
f 2497 2532 2492
f 237 224 2491
f 2475 4934 2477
f 2513 2483 2517
f 2444 2516 2494
f 4939 2493 2465
f 2489 2497 2492
f 2493 2499 2465
f 2474 2515 2489
f 2466 4939 2465
f 2491 2456 2496
f 2496 2506 2491
f 2494 2473 2420
f 2499 2456 2478
f 2500 2531 2533
f 2491 224 2456
f 2435 2445 2519
f 2468 2487 2490
f 2488 2493 2486
f 2482 2485 2471
f 2484 2500 2533
f 2451 2512 2474
f 2465 2499 2478
f 2472 2519 2445
f 4939 2460 2486
f 2486 2460 2490
f 2481 2498 2432
f 2460 2468 2490
f 2490 2525 2488
f 2490 2488 2486
f 2509 3721 2470
f 2492 2487 2468
f 2520 2528 2502
f 2456 224 2450
f 2463 2505 2495
f 2466 2460 4939
f 2505 2432 2498
f 2479 2471 2485
f 2432 2505 2463
f 2480 2467 3717
f 2468 2489 2492
f 2458 2469 2516
f 203 2501 4811
f 2440 2464 2461
f 2470 3721 3709
f 2466 2465 2425
f 2454 2440 2461
f 2446 2435 2538
f 2475 2459 2484
f 2541 2422 2462
f 2380 2531 2500
f 2444 2476 2447
f 2464 2440 4922
f 2483 2513 2469
f 2476 2494 2420
f 2454 2457 2440
f 2425 2465 2443
f 2446 2543 2434
f 2543 2531 2434
f 2459 2475 2477
f 2460 2466 2425
f 2391 2455 2468
f 2449 2481 2432
f 2468 2460 2391
f 2464 2421 2461
f 2408 2481 2449
f 2483 2469 2376
f 2396 2428 2444
f 2474 2489 2455
f 2479 2470 2448
f 2455 2489 2468
f 2418 2416 2442
f 2481 2408 2422
f 192 2483 2376
f 2469 2458 2438
f 2443 2465 2398
f 2461 2421 2441
f 2470 3709 2448
f 2398 2465 2478
f 2495 2451 2395
f 2356 2463 2495
f 2458 2444 2428
f 2430 2451 2474
f 2380 2434 2531
f 2452 2471 2448
f 2454 2461 2441
f 2391 2460 2426
f 2458 2428 2438
f 2469 2438 2376
f 2414 2391 2426
f 2473 2462 2412
f 2425 2426 2460
f 2472 2445 2418
f 2367 2377 2456
f 2395 2356 2495
f 2437 2454 2441
f 2440 2457 2431
f 2430 2474 2429
f 2479 2448 2471
f 2374 2455 2391
f 2412 2420 2473
f 2441 2421 2402
f 2436 4923 2433
f 2478 2456 2423
f 4923 2436 2439
f 192 2376 189
f 2440 2431 2411
f 2384 2455 2333
f 2437 2441 2436
f 2428 2396 2295
f 2463 2356 2453
f 2436 2441 2402
f 2442 2416 2406
f 2514 2504 2469
f 2444 2447 2394
f 2451 2430 2357
f 2401 2446 2434
f 2419 2437 2433
f 2478 2423 2398
f 2436 2433 2437
f 2477 2427 2459
f 2436 2402 2397
f 2380 2500 2484
f 2357 2395 2451
f 2333 2455 2374
f 2368 2414 2426
f 2435 2446 2401
f 4923 2439 4924
f 2416 2418 2407
f 4924 2439 2417
f 2427 2477 2442
f 2410 2438 2415
f 2428 2415 2438
f 2412 2293 2420
f 2418 2445 2407
f 2444 2458 2516
f 2394 2447 2476
f 2313 2293 2412
f 2405 2437 2419
f 2417 2439 2424
f 2439 2436 2424
f 2405 2411 2431
f 2404 2413 2417
f 2411 4922 2440
f 2431 2437 2405
f 2380 2484 2342
f 2469 2513 2514
f 2357 2430 2337
f 2405 2413 2388
f 2423 2456 2377
f 2424 2397 2403
f 2408 2294 2422
f 2360 2362 2411
f 2401 2393 2435
f 2442 2406 2427
f 2411 2405 2378
f 2443 2398 2350
f 2409 2424 2403
f 2411 2378 2360
f 2405 2419 2413
f 2406 2416 2355
f 2383 2401 2434
f 2277 2408 2449
f 169 2438 2410
f 2424 2409 2404
f 2403 2381 2409
f 2436 2397 2424
f 2380 2383 2434
f 2410 2415 2299
f 4922 2411 2362
f 2301 2395 2357
f 2425 2365 2368
f 2392 2409 2381
f 2400 2390 2387
f 2385 2453 2356
f 2399 2402 2362
f 2368 2426 2425
f 2415 2428 2295
f 2508 2472 2418
f 2399 2401 2383
f 2393 2401 2399
f 2397 2399 2383
f 2387 2390 2371
f 2372 2395 2301
f 2429 2384 2306
f 2365 2443 2350
f 4919 2381 2403
f 2382 2404 2392
f 2402 2399 2397
f 2376 2438 169
f 2415 2295 2314
f 2382 2366 2404
f 2474 2384 2429
f 2355 2416 2407
f 4916 2361 2300
f 2371 2390 2403
f 2371 2403 2383
f 2383 2403 2397
f 2362 2393 2399
f 4920 4919 2403
f 2378 2359 2360
f 2378 2405 2366
f 2405 2388 2366
f 2373 2386 2400
f 2367 2450 2389
f 2382 2369 2366
f 2400 2387 2373
f 4920 2403 2390
f 2388 2404 2366
f 2423 2377 2292
f 2354 2371 2383
f 2360 2358 2362
f 2430 2336 2337
f 4921 2392 4919
f 2365 2324 2368
f 2363 2378 2366
f 2366 2369 4918
f 2373 2387 2354
f 2325 2462 2422
f 2348 2435 2393
f 4919 2392 2381
f 2364 2386 2373
f 2392 2404 2409
f 2354 2375 2373
f 2396 2444 2304
f 2338 2385 2356
f 2380 2329 2383
f 2341 2359 2378
f 2384 2305 2306
f 2347 2414 2368
f 2375 2364 2373
f 2444 2394 2304
f 2344 2370 4916
f 2363 4920 4917
f 2393 2362 2358
f 2395 2372 2356
f 2342 2459 2427
f 2342 2329 2380
f 2305 2384 2333
f 2375 2354 2346
f 2445 2435 2348
f 2352 2410 2299
f 2289 2379 2308
f 2379 2330 2410
f 2354 2383 2329
f 2330 169 2410
f 2379 2352 2246
f 2360 2359 2349
f 2336 2430 2429
f 2302 2350 2398
f 2406 2327 2427
f 2342 2427 2327
f 2319 2356 2372
f 2363 4917 2346
f 2412 2462 2325
f 2422 2294 2325
f 2321 2292 2377
f 2385 2338 2353
f 2294 2408 2277
f 2297 2377 2367
f 2407 2445 2348
f 2351 2359 2341
f 2352 2379 2410
f 2349 2358 2360
f 2290 2365 2350
f 2308 2379 2246
f 2377 2297 2321
f 2338 2356 2319
f 2341 2363 2316
f 2331 2349 2335
f 2339 2354 2329
f 2354 2387 2371
f 2330 2379 2289
f 2323 2361 2353
f 2358 2349 2331
f 2340 2349 2359
f 2345 2335 4915
f 2358 2331 2348
f 2346 2354 2339
f 2330 2289 2320
f 2449 2370 2276
f 2311 2374 2391
f 2355 2343 2406
f 2365 2290 2324
f 2316 2363 2346
f 2449 2276 2277
f 2393 2358 2348
f 2355 2407 2348
f 2368 2324 2258
f 2476 2420 2298
f 2343 2322 2406
f 2353 2338 2319
f 2316 2351 2341
f 2331 2335 2345
f 2406 2322 2327
f 2328 4915 2334
f 2343 2355 2348
f 2332 2337 2336
f 2317 2357 2337
f 2275 2336 2429
f 2329 2342 2307
f 2299 2415 2287
f 2412 2325 2313
f 2334 2326 2328
f 2311 2391 2414
f 2484 2459 2342
f 2345 2328 4913
f 2268 2372 2301
f 2314 2295 2264
f 2304 2295 2396
f 4915 2328 2345
f 2291 2352 2299
f 2310 4913 2328
f 2331 2345 2310
f 2269 2319 2372
f 2340 2359 2351
f 2351 2316 4914
f 2310 2345 4913
f 2348 2331 2309
f 2340 2326 2334
f 2275 2429 2306
f 2420 2293 2285
f 2307 2342 2327
f 2312 2326 2340
f 2340 2334 2349
f 2415 2314 2287
f 2303 2323 2353
f 2268 2269 2372
f 2333 2374 2305
f 2343 2348 2309
f 2339 2315 2316
f 2331 2310 2309
f 2311 2414 2347
f 2327 2322 2307
f 2303 2353 2270
f 2307 2315 2339
f 2307 2339 2329
f 2394 2298 2304
f 2344 4916 2300
f 2316 2315 4914
f 2322 2315 2307
f 2290 2350 2302
f 2298 2420 2285
f 2300 2296 2279
f 2268 2301 2271
f 2305 2374 2311
f 2339 2316 2346
f 4914 2315 2322
f 2317 2337 2332
f 2398 2423 2288
f 2288 2423 2292
f 2347 2368 2258
f 2293 2261 2285
f 2273 2268 2271
f 2301 2357 2317
f 2283 2320 2289
f 2260 2276 2370
f 2296 2300 2286
f 2344 2300 2279
f 2325 2294 2257
f 2270 2353 2269
f 2324 2290 2272
f 2288 2302 2398
f 2277 2262 2294
f 2306 2305 2278
f 2282 2370 2344
f 2292 2321 2284
f 2264 2295 2304
f 2394 2476 2298
f 2301 2317 2271
f 146 2320 2283
f 2269 2353 2319
f 2305 2280 2278
f 2275 2306 2278
f 2321 2297 2284
f 2336 2256 2332
f 2253 2276 2238
f 2293 2313 2250
f 2260 2370 2282
f 2313 2325 2257
f 2292 2284 2281
f 2274 2324 2272
f 2209 2294 2262
f 2449 2432 2370
f 2267 2250 2313
f 2336 2275 2251
f 2257 2294 2201
f 2201 2294 2209
f 2251 2256 2336
f 2258 2311 2347
f 2263 2288 2292
f 2281 2263 2292
f 2352 2227 2246
f 2352 2291 2227
f 2317 2265 2271
f 2249 2304 2298
f 2291 2299 2220
f 2276 2260 2238
f 2258 2245 2311
f 2256 2317 2332
f 2290 2302 3706
f 2278 2266 3705
f 2297 2367 2318
f 3699 2317 2256
f 2267 2313 2257
f 2297 2318 2255
f 3114 2258 2324
f 3706 2302 2288
f 2220 2299 2239
f 2237 2268 2273
f 2432 4916 2370
f 2272 2290 3706
f 3704 2271 2265
f 2324 2274 3114
f 2265 2317 3699
f 2277 2253 2262
f 2268 2237 2248
f 2269 2268 2248
f 2293 2250 2261
f 2303 2270 2247
f 2207 2280 2311
f 2249 2264 2304
f 2261 2223 2285
f 2270 2269 2248
f 2311 2245 3125
f 2249 2298 2231
f 2280 2243 2266
f 3700 2272 3706
f 2289 2213 2283
f 2234 2344 2279
f 2280 2305 2311
f 2275 3702 2251
f 2270 2248 2247
f 2245 2258 2232
f 2211 2264 2249
f 2252 2273 2271
f 2236 2271 3704
f 2278 2280 2266
f 2274 2272 3703
f 2288 2263 4210
f 2314 2264 3104
f 2291 2220 2227
f 2252 2271 2236
f 2243 2280 2207
f 2223 2261 2250
f 3116 2239 2299
f 2253 2277 2276
f 2207 2311 3125
f 2204 2262 2253
f 2282 2344 2234
f 2232 2258 3114
f 2263 2281 2241
f 2216 2257 2201
f 2233 2314 3104
f 2213 2289 2308
f 2262 2230 2209
f 2254 2242 2244
f 2243 3705 2266
f 3116 2299 2287
f 3116 2287 2228
f 2281 2284 2241
f 2286 2225 2229
f 2262 2204 2230
f 2284 2297 2255
f 2287 2233 2228
f 2212 2248 2237
f 3706 2288 4210
f 2252 2237 2273
f 2245 4211 3125
f 2296 2229 2240
f 2284 2255 3120
f 2253 2238 2214
f 2214 2204 2253
f 2202 2237 2252
f 2308 2246 3096
f 2248 2219 2247
f 2252 2236 2202
f 2259 2247 2224
f 3104 2264 2211
f 2245 2232 4211
f 2235 2256 3698
f 2255 115 2205
f 2249 2231 3124
f 3699 2256 2235
f 2224 2247 2219
f 4211 2232 2221
f 2219 2248 2212
f 2238 2260 2203
f 2242 2259 2224
f 2283 2213 987
f 2212 2237 2202
f 2285 2223 3123
f 2208 2204 2214
f 2224 2218 2242
f 2244 2242 2218
f 2241 2284 3120
f 2285 3123 2215
f 2215 2231 2285
f 2214 2238 2203
f 2209 2230 2222
f 2205 3120 2255
f 2244 2218 3117
f 2236 3704 2217
f 4212 2243 2207
f 2267 3090 2210
f 4212 3701 2243
f 3121 2219 2212
f 2228 2233 3101
f 2226 2250 2267
f 2246 2227 3096
f 2226 2267 2210
f 2274 3703 3696
f 3694 2241 3120
f 2267 2257 2216
f 2296 2286 2229
f 2279 2296 2240
f 2229 2225 4911
f 2218 2224 2219
f 2223 2250 2226
f 4911 2206 2240
f 2200 2249 3124
f 2211 2249 2200
f 2201 2209 3118
f 3115 2203 2282
f 987 2213 3113
f 3123 2223 2226
f 3101 2233 3104
f 2231 2215 3124
f 3093 2216 2201
f 3090 2267 2216
f 2229 4911 2240
f 3111 2207 3125
f 3118 2209 2222
f 2233 2287 2314
f 2231 2298 2285
f 3093 3090 2216
f 2218 2219 3119
f 2308 3096 2213
f 3092 2220 2239
f 3092 2239 3116
f 3123 3026 2215
f 3010 3030 3073
f 3118 3093 2201
f 2218 3119 3117
f 4909 2206 4911
f 3122 2236 2217
f 3122 2202 2236
f 2205 4174 3120
f 4189 3111 3125
f 4184 4196 2221
f 2272 3700 3703
f 2199 9 8
f 2194 8 51
f 2194 2199 8
f 2195 2196 2199
f 2192 2199 2194
f 2195 2199 2192
f 2193 2191 2198
f 2191 2194 2198
f 2192 2194 2184
f 1548 2190 2191
f 1548 2191 2193
f 2189 1548 1542
f 2187 2191 2190
f 1519 1548 2189
f 2190 1548 2186
f 2186 1548 1519
f 2184 2194 2191
f 2192 2188 2195
f 2196 2195 2175
f 2190 2186 2183
f 2187 2190 2183
f 2184 2191 2187
f 2186 1519 2181
f 2176 2187 2183
f 2185 2181 1519
f 2188 2192 2182
f 2175 2195 2188
f 2177 2186 2181
f 2181 2185 2179
f 2176 2180 2187
f 2183 2186 2177
f 2185 1498 2178
f 2179 2185 2178
f 2180 2184 2187
f 2174 2182 2192
f 2181 2179 2171
f 2181 2171 2177
f 2172 2180 2176
f 2178 1498 1466
f 2174 2192 2184
f 2174 2184 2180
f 2178 1466 2170
f 2179 2178 2170
f 2173 2175 2182
f 2176 2183 2177
f 2171 2179 2170
f 2174 2180 2172
f 2173 2182 2174
f 2168 2177 2171
f 2159 2172 2176
f 2166 2174 2172
f 2167 2176 2177
f 2170 2169 2171
f 2167 2177 2168
f 2165 2170 1437
f 2168 2171 2169
f 2175 2188 2182
f 2170 2165 2169
f 2159 2176 2167
f 2174 2164 2173
f 1427 2163 2165
f 2169 2167 2168
f 2164 2174 2166
f 2169 2165 2163
f 2162 2169 2163
f 2166 2172 2161
f 2161 2172 2159
f 2167 2169 2160
f 2160 2169 2154
f 2161 2164 2166
f 2156 2164 2161
f 2158 2161 2159
f 2159 2160 2157
f 2154 2169 2162
f 2167 2160 2159
f 2157 2160 2154
f 2156 2161 2158
f 2158 2159 2157
f 2155 2164 2156
f 2157 2154 2153
f 2155 2156 2151
f 2151 2156 2158
f 2152 2158 2157
f 2153 2154 1266
f 2150 2158 2152
f 2157 2153 2152
f 1266 2152 2153
f 2164 1897 2143
f 1274 2149 1266
f 1266 2149 2152
f 2158 2150 2151
f 1897 2164 2155
f 2149 2145 2152
f 2142 2155 2151
f 2152 2145 2150
f 1179 2146 2147
f 2141 2148 1224
f 2149 2139 2145
f 1889 2151 2150
f 2144 3535 2147
f 2149 2141 2139
f 1889 2142 2151
f 1889 2150 1893
f 2155 2142 1897
f 2140 1214 1895
f 2144 2147 1898
f 1887 1897 2142
f 2131 1903 2125
f 2124 2136 2130
f 2131 1907 1903
f 2128 2129 2137
f 2133 1902 2132
f 1135 1899 1136
f 2132 1902 2136
f 2128 1899 1135
f 2132 2136 2124
f 2125 1903 2135
f 2124 2130 2119
f 2123 2131 2125
f 2119 1907 2131
f 2130 1901 2119
f 2125 2135 2122
f 2113 2129 2128
f 2126 4881 2127
f 2131 2123 2121
f 2120 4489 2133
f 2118 2122 2135
f 2135 2129 2118
f 2128 1135 2113
f 2123 2125 2115
f 2125 2122 2109
f 2131 2121 2111
f 2129 2113 2104
f 2117 2127 4881
f 2119 2131 2114
f 2123 2115 2116
f 2118 2129 2104
f 2115 2125 2109
f 2132 2124 2103
f 2118 1124 2122
f 2103 2120 2132
f 2114 2107 2119
f 2116 2115 2110
f 2111 2121 2110
f 2110 2121 2116
f 2117 4881 4882
f 4489 2120 2088
f 2099 2124 2119
f 2103 2088 2120
f 4882 1123 2117
f 2114 2131 2111
f 2106 4479 4489
f 2110 2115 2108
f 2099 2119 2107
f 2113 1125 2102
f 2108 2115 2109
f 2111 2110 2112
f 2103 2124 2099
f 2106 4489 2088
f 2111 2112 2101
f 2114 2111 2107
f 2107 2111 2097
f 2098 2112 2110
f 2109 1122 2108
f 2110 2108 2098
f 2093 2099 2107
f 1114 2117 1123
f 2104 2113 2096
f 2101 2112 2098
f 2094 2111 2105
f 2101 2090 2105
f 2105 2090 2094
f 1109 2102 1125
f 2093 2107 2100
f 2095 2097 2094
f 2098 2108 1122
f 2098 1119 2101
f 2096 2102 1109
f 2089 2103 2099
f 2101 1119 2090
f 2113 2102 2096
f 2096 1109 1113
f 1114 1123 2092
f 2097 2111 2094
f 2100 2107 2097
f 2088 2103 2089
f 2097 2095 2085
f 2091 2106 2088
f 2099 2093 2089
f 2095 2094 2090
f 2087 2096 1113
f 2089 2091 2088
f 2086 2084 2095
f 2111 2101 2105
f 2083 2091 2082
f 2089 2093 2078
f 2078 2093 2100
f 2081 2097 2085
f 4396 4422 2083
f 2100 2097 2081
f 2073 2086 4873
f 2091 2089 2078
f 4422 2091 2083
f 2084 2085 2095
f 2084 2086 2073
f 2091 2078 2082
f 2080 4363 4396
f 2080 4396 2083
f 2079 2082 2078
f 2078 2100 2070
f 2085 2084 2077
f 4875 2075 2068
f 2084 2073 2077
f 2085 2077 2066
f 2076 1081 2075
f 2064 2080 2083
f 2074 2083 2071
f 2067 2081 2085
f 2069 2082 2079
f 2065 2068 2075
f 2072 4875 2068
f 2079 2078 2070
f 2071 2082 2069
f 4907 2080 2064
f 2075 1081 2065
f 2063 2071 2069
f 2083 2082 2071
f 2083 2074 2064
f 2079 2070 2062
f 2069 2079 2062
f 2100 2081 2070
f 2067 2085 2066
f 2060 2072 2068
f 4906 2068 2065
f 2067 2070 2081
f 2062 2070 2067
f 4905 2069 2062
f 2067 2066 2060
f 2066 2072 2060
f 2074 2063 2059
f 2065 2061 4906
f 1081 2055 2065
f 4903 4906 2061
f 2063 2069 4905
f 2059 2064 2074
f 2074 2071 2063
f 4905 2062 2058
f 2058 2062 2067
f 2057 4293 4294
f 4903 2061 2057
f 2055 2061 2065
f 4903 2057 2059
f 2057 2061 2056
f 2056 2055 2054
f 2053 2057 2056
f 4293 2057 4286
f 2053 2056 2054
f 4286 2057 2053
f 2053 2050 4286
f 2061 2055 2056
f 2052 2053 2051
f 2051 2054 1050
f 2050 2053 2052
f 1050 1052 2049
f 2050 2052 2047
f 2046 2047 2052
f 2046 2049 2043
f 2044 2047 2046
f 2051 2046 2052
f 2046 2051 2049
f 2049 1052 2043
f 2046 2043 2045
f 4280 4279 4274
f 2045 2044 2046
f 2048 2047 2044
f 2040 2048 2044
f 2041 2045 2043
f 2043 1052 1039
f 2044 2045 2041
f 2041 2043 1034
f 2042 4248 2048
f 2040 2044 2041
f 2042 2048 2040
f 2041 1034 2039
f 1034 1030 2039
f 2038 2040 2041
f 2038 2041 2039
f 2042 2040 2038
f 2039 1030 1022
f 2037 2042 2038
f 2038 2039 2035
f 2035 2037 2038
f 2035 2036 2037
f 2035 2039 1022
f 2035 1022 2033
f 2035 2033 2034
f 2036 2035 2034
f 4217 2036 2034
f 4217 2034 4856
f 4217 4856 4850
f 4856 2033 4859
f 4856 2034 2033
f 2024 2032 103
f 2024 103 2031
f 2031 100 2029
f 2031 2020 2024
f 2028 2029 100
f 2028 100 2030
f 2020 2031 2029
f 2032 4160 4187
f 2021 2029 2028
f 2030 973 2026
f 2021 2028 2023
f 947 2026 973
f 2022 2027 1011
f 1011 878 2022
f 4160 2032 2024
f 947 2025 2013
f 2025 2027 2022
f 2026 947 2015
f 2029 2021 2019
f 2013 2015 947
f 2020 2029 2019
f 2017 2018 2026
f 2017 2026 2015
f 2024 2020 2016
f 2023 2026 2018
f 2012 2025 2022
f 2012 2013 2025
f 2016 4160 2024
f 2011 2022 878
f 2011 2012 2022
f 2005 2019 2021
f 2011 878 2014
f 2021 2023 2018
f 2008 2018 2017
f 2016 2019 2010
f 2020 2019 2016
f 2003 2013 2012
f 1999 2012 2011
f 2011 2014 2009
f 2015 2013 2003
f 2021 2018 2005
f 1999 2003 2012
f 2019 2005 2002
f 2003 2006 2015
f 2005 2018 2008
f 2007 2017 2006
f 2007 2008 2017
f 2006 2017 2015
f 2009 1999 2011
f 2016 2001 4103
f 2010 2019 2002
f 2001 2016 2010
f 1998 2005 2008
f 2009 2014 1997
f 2005 1986 2002
f 2014 2004 1997
f 1994 2003 1999
f 2010 2002 2000
f 1986 2005 1998
f 1994 1999 2009
f 2007 2006 1995
f 1998 2008 2007
f 1993 1995 2003
f 1993 2003 1994
f 1998 2007 1983
f 2003 1995 2006
f 1978 2000 2002
f 2009 1997 1990
f 2009 1990 1994
f 1976 2004 753
f 1984 4005 2001
f 2007 1995 1983
f 2001 2000 1984
f 1986 1977 2002
f 2010 2000 2001
f 1995 1993 1987
f 1988 1989 771
f 1995 1987 1983
f 1988 771 1996
f 1978 2002 1977
f 1990 1997 1992
f 1991 1989 1988
f 1979 1985 1983
f 1984 2000 1972
f 1991 743 763
f 1981 1994 1990
f 1993 1994 1981
f 753 743 1980
f 1987 1993 1981
f 1972 2000 1978
f 1990 1992 1981
f 710 1988 1996
f 1998 1983 1985
f 1979 1983 1982
f 1969 4005 1984
f 1978 1977 1967
f 1987 1981 1971
f 1970 1986 1998
f 1983 1987 1974
f 1982 1983 1974
f 1981 1992 1973
f 1976 1973 1992
f 1969 1984 1972
f 1974 1987 1971
f 1964 1976 1980
f 1966 1988 710
f 1979 1982 1963
f 1975 1991 1960
f 1982 1974 1965
f 1970 1998 1985
f 1981 1973 1971
f 1988 1960 1991
f 1973 1976 1964
f 1977 1970 1967
f 1982 1965 1963
f 1980 743 1991
f 1977 1986 1970
f 1961 1978 1967
f 1970 1985 1979
f 1964 1980 1959
f 1972 1978 1961
f 1979 1950 1970
f 1974 1971 1964
f 1975 1980 1991
f 1960 1988 1966
f 1953 1963 1965
f 1962 1974 1955
f 1957 1969 1968
f 1967 1970 1950
f 1959 1980 1975
f 1974 1964 1955
f 1956 1963 1953
f 1979 1939 1950
f 1953 1965 1958
f 1955 1964 1959
f 1959 1975 1951
f 1946 1967 1950
f 1979 1963 1939
f 1951 1975 1960
f 710 1936 1966
f 1972 1961 1938
f 1961 1967 1946
f 1951 1960 1954
f 1938 1968 1972
f 1954 1966 1936
f 1963 1956 1939
f 710 685 1936
f 1933 1961 1946
f 1966 1954 1960
f 1948 1956 1953
f 1950 1939 1947
f 1968 1938 1945
f 1938 1961 1922
f 1949 1955 1944
f 1955 1959 1944
f 1948 1953 1942
f 1968 1969 1972
f 1957 1968 1952
f 1942 1953 1943
f 1941 1946 1947
f 1958 1943 1953
f 1945 1952 1968
f 1958 1940 1937
f 1971 1973 1964
f 1936 685 661
f 1947 1939 1935
f 1948 1934 1956
f 1922 1961 1933
f 1956 1934 1939
f 3919 1952 1945
f 1947 1946 1950
f 1944 4901 1949
f 1937 1940 1929
f 1929 1940 1924
f 1931 1943 1932
f 1925 1941 1947
f 1939 1934 1935
f 1938 1922 1914
f 1945 1938 1930
f 1934 1948 1942
f 1942 1943 1931
f 1921 1933 1941
f 3919 1945 1930
f 1933 1921 1922
f 1947 1926 1925
f 1930 1938 1914
f 1910 1931 1932
f 1931 1916 1942
f 1958 1937 1943
f 1919 1943 1937
f 1926 1935 1928
f 1927 3919 1930
f 1916 1931 1910
f 1932 1943 1919
f 1937 1929 1911
f 1918 1930 1914
f 1919 1937 1911
f 1917 1910 1932
f 1926 1947 1935
f 1928 1935 1934
f 1924 1920 1912
f 1929 1924 1912
f 1926 1923 1925
f 1933 1946 1941
f 1928 1913 1923
f 1925 1923 1915
f 1941 1925 1915
f 1911 1929 1912
f 1932 1919 1917
f 1913 1928 1916
f 1899 1917 1919
f 1941 1915 1908
f 1901 1922 1921
f 1919 1909 1899
f 1909 1919 1911
f 1923 1913 1906
f 1901 1914 1922
f 1913 1916 1910
f 1923 1906 1915
f 1921 1941 1908
f 1910 1917 1900
f 1927 1930 1918
f 1913 2137 1906
f 1917 1899 1900
f 1912 1920 1905
f 1907 1921 1908
f 1909 1911 2138
f 1918 1902 1927
f 1914 1901 2130
f 1915 1903 1908
f 1913 1910 2137
f 1912 1905 1904
f 2136 1918 1914
f 1918 2136 1902
f 1905 1920 661
f 2136 1914 2130
f 2137 1910 2128
f 1901 1921 1907
f 1923 1926 1928
f 1904 1905 2134
f 1899 1909 2138
f 1912 1904 2138
f 1900 1899 2128
f 1915 1906 2135
f 1915 2135 1903
f 2135 1906 2129
f 1906 2137 2129
f 1908 1903 1907
f 1911 1912 2138
f 2128 1910 1900
f 2133 2132 2120
f 2116 2121 2123
f 2119 1901 1907
f 2146 1898 2147
f 2150 2145 1893
f 1897 1887 1892
f 2145 2139 1896
f 2141 2140 1891
f 1895 1886 1894
f 2139 2141 1891
f 2145 1896 1893
f 1886 1895 1147
f 2141 1224 2140
f 1887 2142 1889
f 1896 2139 1891
f 1885 1891 1894
f 1891 2140 1894
f 1886 1147 1890
f 1894 1886 1888
f 1896 1891 1885
f 1881 1897 1892
f 1884 1896 1885
f 2148 2141 2149
f 1884 1893 1896
f 1883 1887 1889
f 2140 1895 1894
f 1888 1886 1890
f 1884 1883 1889
f 1885 1880 1884
f 1885 1894 1888
f 1873 1888 1890
f 1885 1888 1880
f 1890 1882 1879
f 1884 1878 1883
f 1879 1873 1890
f 1892 1887 1877
f 1889 1893 1884
f 1880 1878 1884
f 1888 1878 1880
f 1877 1881 1892
f 1890 560 1882
f 1878 1876 1883
f 1879 1882 1875
f 1887 1883 1876
f 1873 1879 1872
f 1873 1878 1888
f 1877 1887 1876
f 1867 466 1881
f 1874 1878 1872
f 1865 1881 1877
f 1878 1873 1872
f 1876 1878 1874
f 1872 1879 1871
f 1879 1875 1869
f 1876 1870 1877
f 1871 1879 1869
f 1874 1872 1871
f 1869 1875 467
f 1867 1881 1865
f 1871 1869 1866
f 1870 1876 1868
f 1865 1877 1864
f 1870 1864 1877
f 1874 1868 1876
f 1875 471 467
f 1869 1863 1866
f 1874 1871 1861
f 1871 1866 1861
f 1863 1869 458
f 1868 1874 1861
f 458 1869 467
f 1861 1866 1862
f 1866 1863 1862
f 466 1867 421
f 1863 458 1862
f 1854 1868 1861
f 1870 1868 1856
f 1870 1856 1864
f 1861 1862 1854
f 1862 458 1860
f 1865 1855 1859
f 1860 1857 1862
f 1856 1868 1854
f 1853 1864 1856
f 1855 1864 1853
f 1855 1853 1852
f 1867 1865 1859
f 1867 318 421
f 1854 1862 1857
f 1857 1860 1858
f 1849 1858 359
f 1857 1858 1849
f 1856 1854 1853
f 1857 1851 1854
f 1851 1853 1854
f 318 1867 1859
f 1855 1844 1859
f 1844 1855 1852
f 1850 1851 1857
f 1850 1857 1849
f 318 1859 1845
f 1850 1853 1851
f 1849 359 1848
f 1848 1853 1850
f 1849 1848 1850
f 1865 1864 1855
f 1848 359 349
f 1844 1852 1846
f 1848 349 1846
f 1844 1845 1859
f 318 1845 1847
f 1853 1848 1852
f 1847 1845 1840
f 1841 1845 1844
f 1846 1841 1844
f 309 1845 1843
f 1846 349 329
f 1848 1846 1852
f 1846 329 1841
f 309 1840 1845
f 1842 1847 1840
f 1839 1834 1835
f 1834 1837 1835
f 1831 1837 1834
f 1838 1839 1835
f 1828 1831 1834
f 1837 1836 1835
f 1834 1839 1830
f 1833 1829 1834
f 1837 1831 1836
f 1824 1835 1836
f 1828 1834 1829
f 1833 1834 1830
f 1839 1826 1830
f 1836 1831 1827
f 1826 1839 1838
f 1832 1824 1836
f 1833 1830 1821
f 1836 1827 1825
f 1836 1825 1818
f 1836 1818 1832
f 1826 1823 1821
f 1830 1826 1821
f 1826 1838 1824
f 1824 1838 1835
f 1814 1828 1829
f 1829 1833 1807
f 1811 1833 1821
f 1822 1827 1831
f 1826 1824 1823
f 1807 1833 1815
f 1833 1811 1815
f 1825 1827 1822
f 1831 1810 1822
f 1811 1821 1813
f 1824 1808 1823
f 1817 1829 1807
f 1818 1819 1832
f 1820 1824 1832
f 1829 1817 1814
f 1818 1825 1822
f 1823 4900 1816
f 1807 1815 1804
f 1808 1824 1820
f 1832 1819 1820
f 1817 1807 1812
f 1809 1821 1816
f 1818 1822 1806
f 1810 1828 1799
f 1823 1808 4900
f 1820 1819 1801
f 1806 1805 1818
f 1803 1814 1817
f 4899 1813 1809
f 1822 1810 1806
f 1810 1799 1806
f 1800 1815 1802
f 1815 1811 1802
f 4899 4898 1813
f 1810 1831 1828
f 1828 1803 1799
f 1812 1807 1804
f 1815 1800 1804
f 1809 1816 4896
f 1821 1823 1816
f 1813 1821 1809
f 1811 1813 4898
f 1798 1803 1812
f 1800 1797 1804
f 1793 1808 1820
f 1803 1789 1799
f 1795 4898 4899
f 4899 1809 4896
f 4896 1816 4900
f 1811 4898 1802
f 1812 1803 1817
f 1801 1805 1806
f 1801 1819 1805
f 1805 1819 1818
f 1820 1801 1787
f 1793 1820 1787
f 1794 1812 1804
f 4898 1776 1802
f 1776 1800 1802
f 1788 1795 4899
f 1812 1794 1798
f 1788 4899 4896
f 1790 1799 1789
f 1768 1800 1776
f 4900 1808 1793
f 1780 1796 1797
f 1801 1806 1792
f 1775 1800 1768
f 1787 1801 1792
f 1791 4900 1793
f 1784 1794 1804
f 1796 1804 1797
f 1803 1798 1789
f 1792 1799 1790
f 1791 1793 1786
f 1779 1795 1788
f 1793 1787 1786
f 1778 1798 1794
f 1780 1800 1775
f 1788 4896 1777
f 1790 1783 1792
f 1792 1783 1785
f 1787 1792 1785
f 1792 1806 1799
f 1786 1787 1773
f 1777 4896 1781
f 1798 1774 1789
f 1782 1781 4896
f 1772 1791 1786
f 1797 1800 1780
f 1782 4896 4900
f 4900 1791 1772
f 1771 1776 4897
f 1782 4900 1772
f 1783 1790 1767
f 1784 1796 1780
f 4897 1779 1766
f 1767 1790 1765
f 1765 1789 1774
f 1785 1762 1773
f 1774 1798 1769
f 1782 1772 1758
f 1785 1773 1787
f 1784 1804 1796
f 1776 1764 1768
f 1772 1786 1770
f 1794 1784 1778
f 1764 1776 1771
f 1803 1828 1814
f 1783 1763 1785
f 1756 1786 1773
f 1765 1774 1769
f 1778 1769 1798
f 1756 1770 1786
f 1769 1778 1784
f 1766 1771 4897
f 1757 1773 1762
f 1758 1761 1781
f 1785 1763 1753
f 1768 1754 1775
f 1779 1788 1777
f 1763 1783 1767
f 1771 1766 1764
f 1790 1789 1765
f 1759 1784 1780
f 1766 1777 1755
f 1760 1769 1759
f 1759 1769 1784
f 1768 1764 1754
f 1757 1762 1753
f 1759 1780 1754
f 1760 1765 1769
f 1756 1773 1757
f 1754 1780 1775
f 1742 1764 1766
f 1770 1756 1749
f 1758 1748 1761
f 1752 1757 1753
f 1756 1757 1752
f 1765 1753 1763
f 1749 1756 1752
f 1753 1762 1785
f 1750 1765 1760
f 1759 1750 1760
f 1742 1766 1755
f 1753 1765 1745
f 1758 1751 1748
f 1766 1779 1777
f 1755 1761 1748
f 1749 1752 1740
f 1747 1764 1742
f 1752 1753 1740
f 1737 1749 1740
f 1751 1742 1748
f 1750 1747 1743
f 1750 1743 1746
f 1740 1753 1745
f 1749 1737 1751
f 1745 1765 1746
f 1738 1745 1746
f 1739 1745 1738
f 1750 1759 1747
f 1744 1742 1741
f 1740 1745 1736
f 1736 1745 1739
f 1738 1746 1734
f 1743 1747 1744
f 1740 1736 1737
f 1735 1751 1737
f 1735 1742 1751
f 1734 1746 1743
f 1734 1732 1738
f 1750 1746 1765
f 1765 1763 1767
f 1734 1743 1744
f 1736 1739 1729
f 1744 1741 1731
f 1736 1729 1730
f 1729 1739 1738
f 1735 1737 1736
f 1744 1731 1734
f 1729 1738 1733
f 1735 1725 4895
f 4898 4897 1776
f 1747 1742 1744
f 1728 1726 1733
f 1727 1731 4895
f 1732 1734 1731
f 1726 1729 1733
f 1735 1736 1725
f 1721 1729 1726
f 1725 1736 1730
f 1719 1732 1731
f 1730 1729 1721
f 1730 1721 1718
f 1718 1725 1730
f 1728 1733 1732
f 1733 1738 1732
f 1732 1719 1723
f 1727 1719 1731
f 1725 1718 1724
f 1728 1732 1723
f 1720 1726 1728
f 1726 1722 1721
f 1781 1782 1758
f 1751 1758 1749
f 1714 1728 1723
f 1716 1723 1719
f 1719 1724 1707
f 1718 1721 1708
f 1722 1720 1717
f 1708 1721 1722
f 1719 1707 1712
f 1716 1719 1712
f 1720 1714 1710
f 1720 1728 1714
f 1705 1716 1712
f 1714 1716 1713
f 1722 1717 1687
f 1713 1716 1705
f 1722 1687 1708
f 4894 1717 1702
f 1717 1715 1702
f 1717 1720 1715
f 1724 1718 1711
f 1710 1714 1713
f 1713 1705 1690
f 1714 1723 1716
f 1718 1708 1711
f 1707 1724 1704
f 1710 1715 1720
f 1703 1668 1701
f 1698 1712 1707
f 1690 1709 1713
f 1690 1705 1673
f 1704 1711 1706
f 1708 1687 1692
f 1711 1708 1692
f 1698 1707 1704
f 1695 1700 1702
f 1705 1712 1673
f 1699 1700 1695
f 1724 1711 1704
f 1696 1695 1702
f 1687 1717 4894
f 1673 1712 1698
f 1696 1702 1715
f 1696 1715 1710
f 1704 1706 1698
f 1710 1713 1696
f 1701 1668 1680
f 1694 1699 1695
f 1683 1703 31
f 1706 1711 1692
f 1687 4894 1700
f 1691 1700 1699
f 1700 4894 1702
f 1695 1696 1686
f 1668 1703 1688
f 29 1701 1680
f 1694 1689 1699
f 1678 1696 1709
f 1693 1699 1689
f 1709 1690 1678
f 1681 1690 1673
f 1677 1698 1706
f 1695 1686 1694
f 1696 1713 1709
f 1686 1696 1678
f 1685 1686 1678
f 1684 1694 1685
f 1694 1686 1685
f 1693 1689 1682
f 1706 1664 1677
f 1689 1694 1684
f 1706 1692 1664
f 1691 1693 1687
f 21 1679 1660
f 1687 1682 1666
f 1687 1693 1682
f 1697 1674 31
f 1685 1678 1675
f 1678 1681 1672
f 1662 1687 1666
f 1662 1692 1687
f 1684 1676 1689
f 1684 1675 1676
f 1665 1673 1698
f 1665 1698 1677
f 1680 1660 1679
f 1682 1676 1670
f 1671 1676 1675
f 1675 1678 1669
f 1692 1662 1664
f 1693 1691 1699
f 1676 1682 1689
f 1677 1664 1665
f 1682 1659 1666
f 1678 1672 1669
f 1674 1683 31
f 1624 1681 1673
f 1663 1670 1667
f 1675 1669 1671
f 1682 1670 1659
f 1670 1676 1671
f 1678 1690 1681
f 1624 1673 1665
f 1688 1645 1668
f 1573 1688 1703
f 1703 1683 1573
f 1687 1700 1691
f 1670 1663 1659
f 1661 1666 1659
f 1667 1671 1669
f 1650 1674 1697
f 1670 1671 1667
f 2199 20 9
f 1663 1667 1658
f 1680 1668 1610
f 1659 1663 1651
f 1667 1669 1652
f 1665 1664 1637
f 1664 1662 1611
f 1653 1681 1634
f 1685 1675 1684
f 1668 1645 1610
f 1650 1697 1656
f 12 1660 1657
f 1651 1661 1659
f 1634 1681 1624
f 2199 2196 20
f 1656 20 2196
f 1645 1688 1573
f 1642 1667 1652
f 1651 1663 1649
f 1662 1666 1655
f 1664 1611 1637
f 1660 1680 1615
f 1657 1660 1615
f 1672 1653 1654
f 1666 1661 1655
f 1615 1680 1636
f 1662 1655 1567
f 1669 1672 1648
f 1661 1627 1655
f 1661 1651 1640
f 1654 1653 1647
f 1658 1667 1642
f 1663 1658 1649
f 1648 1672 1654
f 1648 1642 1652
f 1680 1610 1636
f 1646 1658 1642
f 1658 1646 1649
f 1640 1651 1649
f 1661 1640 1627
f 1613 14 1657
f 1653 1634 1596
f 1646 1638 1649
f 1601 1647 1653
f 1642 1648 1635
f 1653 1672 1681
f 1573 1571 1645
f 1639 1627 1640
f 1638 1646 1644
f 1640 1649 1638
f 1638 1639 1640
f 1644 1646 1642
f 1628 1644 1642
f 1652 1669 1648
f 1601 1653 1596
f 1633 1641 1643
f 1632 1643 1641
f 1643 1629 1631
f 1573 1550 1571
f 1629 1643 1632
f 1641 1633 1612
f 1633 1643 1631
f 1555 1573 1683
f 1555 1683 1674
f 5 1613 1594
f 1624 1596 1634
f 2197 1656 2196
f 1638 1623 1639
f 1628 1635 1625
f 1616 1633 1631
f 1610 1595 1636
f 1627 1639 1574
f 1574 1591 1627
f 1626 1630 4893
f 1619 1635 1626
f 1543 1674 1650
f 1638 1644 1622
f 1619 1625 1635
f 1635 1648 1630
f 2197 1650 1656
f 1635 1630 1626
f 1645 1547 1610
f 1621 1638 1622
f 1623 1638 1621
f 1628 1625 1620
f 1531 1624 1665
f 1616 1605 1633
f 1605 1612 1633
f 1614 1621 1622
f 1614 1622 1620
f 1657 1583 1613
f 1621 1614 1608
f 1606 1612 1605
f 1629 1632 1584
f 1616 1631 1586
f 1623 1621 1617
f 4891 1647 1601
f 1632 1641 1587
f 1600 1612 1606
f 1547 1645 1571
f 1617 1574 1623
f 1625 1619 1618
f 1615 1603 1558
f 1628 1642 1635
f 1593 1620 1625
f 1604 1616 1586
f 1621 1608 1602
f 1609 1614 1620
f 1622 1628 1620
f 1593 1609 1620
f 1586 1631 1598
f 1603 1615 1636
f 1617 1621 1602
f 1606 1607 1600
f 1613 1583 1594
f 1584 1632 1587
f 1636 1595 1603
f 1657 1615 1558
f 1531 1665 1637
f 3692 1607 1606
f 1616 1604 1605
f 1584 1598 1629
f 1598 1631 1629
f 1593 1574 1617
f 1602 1608 1592
f 1593 1617 1602
f 1608 1614 1592
f 1537 1596 1624
f 1607 1585 1600
f 1574 4891 1601
f 3692 1605 3690
f 1612 1600 1590
f 1641 1612 1590
f 1581 1600 1585
f 1614 1589 1592
f 1589 1614 1609
f 1628 1622 1644
f 1590 1600 1581
f 1584 1587 1599
f 1558 1603 1572
f 1594 1583 1545
f 1637 1611 1476
f 1587 1641 1590
f 1555 1674 1543
f 4890 1580 1609
f 1624 1531 1537
f 1589 1609 1580
f 4890 1609 1593
f 1587 1590 1599
f 1577 1589 1580
f 1584 1599 1588
f 1543 1650 2197
f 1581 1585 3689
f 1602 1576 4890
f 1546 1597 1575
f 1579 1580 4890
f 1585 1607 3689
f 1586 1598 3686
f 1589 1577 1582
f 1607 3692 3689
f 1592 1582 1578
f 1590 1581 1568
f 1606 1605 3692
f 3686 1598 1597
f 4890 1576 1579
f 1595 1610 1533
f 1575 1597 1598
f 1582 1592 1589
f 4892 1602 1592
f 1592 1578 4892
f 1588 1599 1553
f 1572 1603 1595
f 1566 1584 1588
f 1575 1584 1561
f 1577 1580 1579
f 1576 1564 1579
f 3686 1597 1560
f 1545 1569 1594
f 1599 1590 1568
f 1598 1584 1575
f 1582 1577 1570
f 1577 1579 1570
f 4892 1578 1562
f 1560 1597 1546
f 1482 1611 1662
f 1545 1583 1558
f 1541 1557 1575
f 3689 1563 1581
f 1550 1555 1559
f 1575 1561 1541
f 1578 1582 1570
f 1579 1564 1570
f 1596 1565 1601
f 1584 1566 1561
f 1546 1575 1557
f 1572 1595 1549
f 1578 1570 1562
f 1482 1476 1611
f 1565 1574 1601
f 1566 1588 1552
f 1561 1529 1541
f 1553 1599 1568
f 3689 3679 1563
f 1545 1542 1569
f 1530 1464 1550
f 1533 1610 1554
f 1464 1571 1550
f 1572 1549 1558
f 1536 1523 1545
f 1558 1549 1545
f 1549 1536 1545
f 1568 1517 1539
f 1556 1546 1538
f 1552 1588 1553
f 1554 1610 1547
f 1560 1546 1556
f 1535 1543 2197
f 1555 1543 1559
f 1604 3690 1605
f 1538 1546 1557
f 1515 1556 1538
f 1545 1523 1542
f 1563 1551 1581
f 1517 1568 1551
f 1561 1566 1544
f 1 1563 1540
f 1542 1548 1569
f 1563 3679 1540
f 1549 1533 1506
f 1530 1550 1559
f 1554 1547 1527
f 1547 1571 1527
f 1551 1563 1
f 1662 1567 1481
f 1538 1557 1541
f 1544 1472 1521
f 3680 1560 1520
f 1544 1566 1472
f 1508 1561 1544
f 1534 1568 1539
f 3680 3686 1560
f 1549 1524 1536
f 1559 1543 1513
f 1591 1565 1469
f 1551 1 1528
f 1482 1662 1481
f 2175 2197 2196
f 1567 1655 1518
f 1529 1561 1508
f 1478 1520 1560
f 1581 1551 1568
f 1 1532 1528
f 1627 1430 1484
f 1517 1551 1525
f 1526 1516 1539
f 1553 1534 1486
f 1513 1543 1493
f 1534 1539 1516
f 1472 1566 1552
f 1524 1549 1506
f 1528 1522 1551
f 1531 1637 1405
f 1526 1539 1517
f 1553 1568 1534
f 1627 1591 1430
f 1489 3680 1520
f 1512 1538 1529
f 1405 1637 1476
f 1527 1464 1511
f 1544 1521 1508
f 1458 1536 1524
f 1542 1523 1514
f 1542 1514 2189
f 2197 2175 1535
f 2189 1504 1519
f 1655 1627 1484
f 1552 1553 1473
f 1506 1533 1554
f 1529 1508 1503
f 1525 1551 1522
f 1528 1532 1522
f 1523 1536 1495
f 1655 1484 1518
f 1522 1532 3677
f 1554 1527 1509
f 1560 1556 1478
f 1515 1478 1556
f 1505 1501 1525
f 1505 1525 1522
f 1481 1567 1518
f 1513 1530 1559
f 1509 1527 1511
f 1573 1555 1550
f 2185 1519 1504
f 1501 1510 1525
f 1507 1516 1526
f 1554 1509 1499
f 1506 1554 1499
f 1514 1523 1470
f 1499 1509 1511
f 1522 1497 1505
f 1502 1524 1506
f 1538 1541 1529
f 1517 1487 1526
f 1516 1507 1491
f 1434 1464 1530
f 1474 1478 1515
f 1515 1538 1512
f 1514 1498 1504
f 1497 1522 3677
f 1473 1553 1486
f 1517 1525 1487
f 1534 1516 1491
f 1529 1503 1512
f 1472 1552 1465
f 1458 1495 1536
f 1507 1526 1496
f 1526 1487 1496
f 1470 1523 1495
f 1501 1505 1492
f 2185 1504 1498
f 1497 1490 1505
f 1465 1552 1473
f 1488 1525 1510
f 1500 1468 1515
f 1474 1515 1468
f 1477 1507 1496
f 1462 1511 1464
f 1500 1515 1512
f 1469 1596 1398
f 1506 1499 1502
f 1452 1520 1478
f 1504 2189 1514
f 1430 1591 1428
f 1488 1510 1494
f 1496 1487 1454
f 1483 1473 1486
f 1524 1502 1458
f 1486 1534 1491
f 1512 1503 1456
f 1490 1492 1505
f 1477 1491 1507
f 1480 1537 1531
f 1501 1479 1510
f 1520 1452 1489
f 1456 1500 1512
f 1591 1469 1428
f 1486 1491 1457
f 1499 1467 1485
f 1595 1533 1549
f 1475 1495 1458
f 1494 1510 1479
f 1530 1513 1361
f 1392 1531 1405
f 1490 1479 1492
f 1454 1487 1471
f 1477 1496 1454
f 1470 1495 1475
f 1488 1494 1471
f 1521 1503 1508
f 1487 1488 1471
f 1490 1497 3652
f 3652 1479 1490
f 1493 1543 1535
f 1498 1514 1466
f 1479 3652 1459
f 1452 1478 1474
f 1488 1487 1525
f 1485 1432 1502
f 1479 1501 1492
f 1448 1483 1486
f 1471 1479 1459
f 1473 1483 1461
f 1426 1458 1502
f 1480 1596 1537
f 1449 1513 1493
f 1448 1486 1457
f 1502 1432 1439
f 1471 1494 1479
f 1398 1596 1480
f 1454 1471 1459
f 1457 1491 1477
f 1467 1511 1462
f 1483 1448 1461
f 1434 1530 1361
f 1460 1521 1463
f 1428 1469 1398
f 1475 1458 1445
f 1460 1503 1521
f 1459 3652 1453
f 1451 1459 1455
f 1448 1457 1429
f 1434 1462 1464
f 1444 1440 1435
f 1502 1439 1426
f 1430 1447 1484
f 1454 1459 1451
f 1453 1450 1442
f 1455 1459 1453
f 1485 1467 1432
f 1502 1499 1485
f 1489 1452 1410
f 1474 1410 1452
f 1457 1477 1404
f 1440 1465 1408
f 1458 1426 1445
f 1419 1421 1503
f 1475 1424 1470
f 1493 1535 2175
f 1453 3652 1446
f 1467 1499 1511
f 1438 1489 1410
f 1514 1470 1466
f 1433 1451 1455
f 1481 1518 1418
f 1430 1428 1349
f 1454 1451 1404
f 1421 1456 1503
f 1476 1482 1417
f 1455 1442 1433
f 1361 1513 1449
f 1418 1482 1481
f 1436 1462 1397
f 1393 1474 1468
f 1450 1453 1446
f 1470 1431 1443
f 1450 1446 1441
f 1442 1450 1441
f 1500 1456 1393
f 1397 1462 1434
f 1408 1435 1440
f 1393 1456 1421
f 1466 1470 1443
f 1404 1451 1433
f 1419 1503 1460
f 1412 1413 1444
f 1463 1444 1413
f 2170 1466 1437
f 1433 1442 1441
f 1445 1426 1422
f 1410 1474 1407
f 1448 1429 1423
f 1448 1423 1461
f 1465 1473 4889
f 1463 1521 1444
f 1437 1443 1427
f 1468 1500 1393
f 1418 1518 1386
f 1416 1473 1461
f 1420 1408 1465
f 1443 1431 1427
f 1405 1476 1417
f 1472 1465 1440
f 1394 1434 1361
f 1475 1445 1411
f 3624 3625 1425
f 2175 1449 1493
f 1461 1409 1416
f 1394 1358 1434
f 1460 1463 1413
f 1445 1422 1411
f 3624 1425 1396
f 1415 1446 3615
f 1467 1462 1436
f 1444 1435 1412
f 1484 1447 1386
f 1409 1461 1423
f 1434 1358 1397
f 1454 1404 1477
f 1429 1457 1390
f 1441 1446 1415
f 1422 1426 1403
f 1399 1425 1410
f 1473 1416 4889
f 1436 1397 1382
f 1392 1402 1480
f 1383 1432 1467
f 1393 1407 1474
f 1414 3624 1396
f 1430 1349 1447
f 1420 1465 4889
f 1403 1426 1439
f 1373 1460 1413
f 1435 1408 1395
f 1404 1433 1441
f 1518 1484 1386
f 1412 1435 1395
f 1449 2175 2173
f 1415 1380 1441
f 1406 1390 1401
f 1373 1419 1460
f 1437 1466 1443
f 1442 1455 1453
f 1441 1380 1404
f 1400 1412 1381
f 1422 1403 1353
f 1416 1389 4889
f 1436 1383 1467
f 1424 1384 1431
f 1412 1400 1413
f 1482 1418 1417
f 1402 1398 1480
f 1423 1406 1409
f 1407 1399 1410
f 1396 1425 1399
f 1415 3615 3606
f 1409 1406 1401
f 1420 4889 1378
f 1431 1470 1424
f 1415 3606 1380
f 1408 1420 1378
f 1431 1384 1391
f 1414 1396 1371
f 1423 1429 1406
f 1412 1395 1381
f 1396 1399 1371
f 1457 1369 1390
f 1409 1401 1388
f 1388 1401 1355
f 4889 1389 1363
f 1431 1391 1368
f 1480 1531 1392
f 1409 1389 1416
f 1365 1419 1373
f 1393 1421 1419
f 1360 1393 1419
f 1368 1427 1431
f 1403 1329 1353
f 1390 1406 1429
f 1378 4889 1377
f 1395 1408 1378
f 1382 1397 1385
f 1383 1403 1432
f 1403 1439 1432
f 1371 1399 1407
f 1371 1407 1372
f 1379 1428 1398
f 1405 1417 1331
f 1357 1379 1398
f 1352 1401 1390
f 1389 1409 1388
f 1397 1358 1385
f 1383 1436 1382
f 1447 1344 1386
f 1355 1401 1352
f 1389 1355 1363
f 1364 1375 1381
f 1384 1387 1359
f 1340 1400 1375
f 1411 1422 1374
f 1384 1336 1391
f 1424 1387 1384
f 1427 1368 2163
f 3606 3615 3612
f 1377 4889 1363
f 1377 1376 1378
f 1374 1422 1353
f 1369 1457 1404
f 1335 1352 1390
f 1413 1400 1373
f 1367 1395 1378
f 1345 1381 1395
f 1395 1367 1345
f 1347 1365 1373
f 1387 1374 1359
f 1357 1398 1342
f 1342 1398 1402
f 1342 1402 1370
f 1335 1390 1369
f 1340 1373 1400
f 1331 1392 1405
f 1369 1404 1380
f 1362 1375 1364
f 1366 1345 1367
f 1331 1320 1392
f 3591 1380 3606
f 1369 1380 1343
f 1369 1351 1335
f 1386 1283 1418
f 1356 1371 1372
f 1369 1343 1276
f 1325 1367 1378
f 1375 1400 1381
f 1354 1345 1366
f 1391 1336 1368
f 1349 1428 1379
f 1350 1377 1341
f 1329 1403 1383
f 1347 1373 1340
f 1372 1393 1360
f 1376 1377 1350
f 1444 1521 1472
f 1440 1444 1472
f 1375 1333 1340
f 1365 1347 1337
f 1277 1417 1418
f 1343 1380 3591
f 1351 1369 1276
f 1325 1378 1338
f 1337 1360 1365
f 1565 1591 1574
f 1565 1596 1469
f 1333 1328 1340
f 1370 1402 1320
f 2173 2164 1449
f 1338 1378 1376
f 1475 1411 1424
f 1424 1374 1387
f 1384 1359 1336
f 1347 1340 1321
f 1372 1407 1393
f 1320 1402 1392
f 1377 1363 1341
f 1447 1349 1344
f 1363 1348 1341
f 1364 1345 1362
f 1374 1353 1329
f 1372 1360 1316
f 1424 1411 1374
f 1394 1361 1346
f 1316 1356 1372
f 2162 2163 1368
f 1343 3591 3569
f 1348 1355 1352
f 1314 1358 1394
f 1346 1361 1449
f 1337 1347 1311
f 1293 1320 1331
f 1362 1345 1333
f 1331 1417 1277
f 1316 1360 1337
f 1336 1359 1326
f 1382 1270 1383
f 1383 1270 1309
f 1354 1366 1330
f 1345 1354 1333
f 1382 1385 1298
f 1375 1362 1333
f 1356 1316 1334
f 1350 1341 1327
f 1296 1374 1329
f 1341 1348 1323
f 1376 1350 1338
f 1325 1366 1367
f 1296 1359 1374
f 1346 1449 2164
f 1277 1418 1283
f 1352 1289 1348
f 1340 1328 1321
f 1298 1385 1314
f 1314 1385 1358
f 1285 1349 1379
f 1335 1351 1313
f 1342 1273 1357
f 1285 1344 1349
f 1334 1339 1356
f 1289 1352 1335
f 1336 1326 2162
f 1366 1325 1330
f 3625 3646 1438
f 1359 1318 1326
f 1386 1344 1275
f 1317 1379 1357
f 1327 1341 1323
f 1324 1337 1311
f 1325 1338 4887
f 1333 1354 1330
f 1311 1347 1321
f 1309 1329 1383
f 1312 1311 1321
f 1324 1316 1337
f 1306 1318 1359
f 2162 1318 2154
f 1318 2162 1326
f 1335 1313 1289
f 2162 1368 1336
f 1270 1382 1298
f 1332 1328 1299
f 1379 1317 1213
f 1289 1315 1348
f 1249 1370 1320
f 1291 1325 4887
f 1321 1328 1332
f 1299 1319 1332
f 1296 1329 1322
f 1329 1309 1294
f 4888 1339 1334
f 1355 1348 1363
f 1357 1273 1317
f 1339 4888 1301
f 1301 3582 1339
f 1327 1323 1292
f 1330 1287 1333
f 1263 1333 1287
f 1344 1285 1275
f 1343 3569 1227
f 1315 1323 1348
f 1323 1315 1297
f 1249 1342 1370
f 1351 1276 1233
f 1334 1290 4888
f 1318 1284 2154
f 1338 1350 1300
f 1294 1322 1329
f 1272 1316 1324
f 1285 1379 1213
f 1350 1327 1300
f 1300 4887 1338
f 1311 1312 1319
f 1297 1315 1303
f 1296 1322 1280
f 1316 1290 1334
f 1306 1296 1240
f 1249 1304 1342
f 1310 1273 1342
f 1325 1291 1288
f 1330 1325 1288
f 1303 1315 1302
f 1327 1292 1300
f 1299 1328 1269
f 1293 1331 1277
f 1310 1342 1304
f 1278 1323 1297
f 1310 1304 4886
f 1295 1310 4886
f 1261 1298 1314
f 1301 4888 1305
f 1307 1273 1310
f 1343 1227 1233
f 1311 1319 1324
f 3582 1301 1305
f 1308 1318 1306
f 1267 1297 1303
f 1300 1292 4887
f 1328 1263 1269
f 4888 1290 1305
f 1284 1308 1306
f 1268 1296 1280
f 1306 1359 1296
f 2154 1284 1274
f 1255 4886 1258
f 1276 1343 1233
f 1255 1295 4886
f 1260 1303 1302
f 1253 1290 1272
f 1272 1290 1316
f 1304 1249 1271
f 1322 1294 1280
f 1290 1253 1305
f 2154 1274 1266
f 1264 1265 1307
f 1307 1295 1282
f 1279 1288 1291
f 1240 1296 1268
f 2165 1437 1427
f 1273 1307 1242
f 1264 1307 1282
f 1314 1346 1261
f 1262 1299 1269
f 1281 1330 1288
f 1306 1235 1284
f 1258 4886 1271
f 1292 1323 1278
f 1270 1298 1207
f 1242 1307 1265
f 1289 1313 1226
f 1292 1278 1259
f 1250 1256 1324
f 1271 4886 1304
f 1248 1271 1249
f 1289 1226 1302
f 1263 1287 1281
f 1293 1277 1239
f 1286 1320 1293
f 1351 1233 1192
f 1289 1302 1315
f 1252 1279 1292
f 1250 1324 1319
f 1267 1303 1260
f 2143 1346 2164
f 1284 1235 1274
f 4883 1282 1255
f 1319 1299 1232
f 1273 1242 1213
f 1268 1280 1241
f 1282 1295 1255
f 1259 1278 1257
f 1306 1240 1235
f 1277 1283 1239
f 1297 1257 1278
f 1324 1256 1272
f 1242 1265 1244
f 1249 1320 1286
f 1211 1351 1192
f 1232 1299 1262
f 1246 1251 1263
f 1292 1259 1252
f 1236 1288 1279
f 1285 1213 1176
f 1260 1302 1226
f 1259 1257 1254
f 1236 1279 1252
f 1218 1280 1294
f 1280 1218 1241
f 1293 1189 1286
f 1232 1262 1269
f 1269 1263 1251
f 1313 1351 1211
f 1246 1263 1281
f 4885 1254 1257
f 1250 1319 1232
f 1153 1255 1258
f 1234 1272 1256
f 1241 1214 1268
f 1240 1268 1214
f 1238 4885 1216
f 1283 1275 1230
f 1191 1239 1283
f 1233 1227 1247
f 1313 1211 1226
f 4885 1238 1254
f 1256 1245 1231
f 1248 1249 1286
f 1297 1267 1257
f 1232 1269 1251
f 1229 1264 1223
f 1200 1238 1216
f 1254 1238 1210
f 1220 1259 1254
f 1271 1248 1197
f 1255 1212 4883
f 1257 1225 4885
f 1261 1346 1198
f 1250 1232 1245
f 1275 1285 1176
f 1257 1267 1225
f 1267 1260 1225
f 1244 1264 1175
f 4883 1221 1223
f 1210 1238 1237
f 1223 1264 4883
f 1217 1216 1222
f 1298 1261 1206
f 1228 1246 1281
f 1253 3555 1305
f 1265 1264 1244
f 1225 1216 4885
f 1207 1298 1206
f 1261 1198 1206
f 1253 1272 1234
f 1198 1346 2143
f 1233 1181 1192
f 1288 1243 1228
f 1153 1258 1202
f 1228 1281 1288
f 1245 1205 1231
f 1250 1245 1256
f 1286 1174 1248
f 1234 1195 1253
f 1237 1238 1200
f 1203 1309 1270
f 629 1218 1294
f 1201 1256 1231
f 1274 2148 2149
f 1191 1283 1230
f 1225 1260 1196
f 1252 1259 1215
f 1252 1215 1169
f 1208 1236 1252
f 1328 1333 1263
f 1197 1258 1271
f 1258 1197 1202
f 1216 1217 1200
f 1208 1252 1169
f 1150 1244 1175
f 1200 1221 1237
f 1229 1188 1163
f 1200 1217 1204
f 1219 1253 1195
f 1193 1237 1221
f 1209 1260 1226
f 1259 1220 1215
f 1201 1231 1205
f 1274 1235 2148
f 1175 1229 1163
f 1294 1309 1203
f 1224 1240 1214
f 3541 1227 3569
f 1217 1222 4884
f 1209 1226 1211
f 1195 1234 1201
f 1213 1242 1176
f 1200 1223 1221
f 1188 1229 1223
f 1232 1251 1194
f 629 1241 1218
f 1220 1254 1210
f 1207 1183 1270
f 1207 1206 1156
f 1247 1227 3541
f 1237 1193 1210
f 1199 1211 1192
f 1182 1222 1216
f 1205 1168 1165
f 1294 1203 629
f 1275 1176 1161
f 1211 1199 1209
f 1182 1216 1196
f 1216 1225 1196
f 1201 1205 1165
f 1230 1275 1161
f 1241 1164 1214
f 1223 1200 1178
f 1185 1215 1220
f 1182 4884 1222
f 1196 1260 1209
f 1196 1209 1199
f 1198 2143 617
f 1228 1243 1172
f 1241 629 1164
f 1235 1224 2148
f 624 1244 1150
f 1189 1239 633
f 1178 1200 1204
f 1173 1210 1193
f 1153 1212 1255
f 1171 1246 1228
f 1186 1195 1201
f 1235 1240 1224
f 1244 1187 1242
f 1187 1244 624
f 1182 1196 1190
f 1203 1270 1159
f 1314 1394 1346
f 1178 1204 4884
f 1243 1288 1236
f 1167 1243 1236
f 1248 627 1197
f 4884 1182 1178
f 1171 1194 1246
f 1186 1201 1157
f 1239 1189 1293
f 1155 1247 3541
f 1174 1286 626
f 1185 1220 1210
f 1185 1210 608
f 1167 1236 1208
f 1192 1181 1199
f 1170 1169 1215
f 1184 1186 1157
f 1179 1184 1157
f 1223 1178 637
f 606 1160 1212
f 1152 1154 1190
f 1169 1167 1208
f 1177 1206 1198
f 3535 1219 1195
f 1154 1178 1182
f 1182 1190 1154
f 1199 631 1152
f 1152 1190 1199
f 1184 3535 1186
f 1179 2147 1184
f 1180 1170 1215
f 1173 608 1210
f 1206 1177 1166
f 632 1181 1247
f 1162 1160 622
f 1183 1207 616
f 1171 1228 1172
f 1165 1168 638
f 1184 2147 3535
f 633 1239 636
f 614 1188 637
f 1188 1223 637
f 627 1248 1174
f 1178 628 637
f 1190 1196 1199
f 1165 1157 1201
f 629 1147 1164
f 608 1180 1185
f 1207 1156 616
f 1171 1168 1194
f 1199 1181 1151
f 571 624 1150
f 594 1202 1197
f 1247 1155 632
f 1171 1172 1149
f 1232 1194 1168
f 1242 1187 1176
f 584 1150 1175
f 1172 1167 640
f 1172 1243 1167
f 1895 1214 1164
f 1151 631 1199
f 1166 639 1156
f 2140 1224 1214
f 1239 1191 636
f 1149 640 1166
f 640 1149 1172
f 632 1151 1181
f 619 1166 1177
f 1168 1171 638
f 1205 1232 1168
f 3529 632 1155
f 1180 1215 1185
f 1177 1198 617
f 627 1174 601
f 1181 1233 1247
f 623 628 1178
f 1156 639 616
f 638 1171 1148
f 634 1157 1158
f 1148 1171 1149
f 1213 1317 1273
f 630 1170 1180
f 1203 1159 625
f 1147 629 615
f 1176 1187 1161
f 623 1178 1154
f 1212 1153 606
f 635 640 1167
f 619 1177 617
f 1167 1169 605
f 1166 640 639
f 613 1158 638
f 614 1163 1188
f 626 1189 633
f 1169 1170 605
f 640 635 639
f 621 638 1148
f 1141 649 645
f 642 1143 1142
f 650 647 1131
f 1136 2138 1904
f 1144 3517 3504
f 1140 1141 1138
f 2134 1140 2126
f 1141 645 1142
f 2126 1140 1138
f 1139 1146 1132
f 656 1146 1139
f 1134 1145 1137
f 1126 1146 1133
f 2134 2127 1904
f 1141 1142 1138
f 1135 1136 1127
f 1136 1904 1128
f 1146 1126 1132
f 1137 3476 1134
f 1127 1136 1128
f 1145 1134 1129
f 1129 1133 1145
f 3443 1131 1139
f 1138 1142 1130
f 1131 3457 1143
f 3443 1139 1132
f 1129 1126 1133
f 1143 3445 1142
f 1135 1127 2113
f 1130 1142 3445
f 3457 1131 3443
f 3445 1143 3457
f 1134 3476 1129
f 1132 3436 3443
f 3436 1132 1126
f 1127 1125 2113
f 1899 2138 1136
f 1126 1129 3436
f 4882 1130 3445
f 1129 3454 3436
f 1127 1128 1125
f 3445 3420 4882
f 2109 2122 1124
f 1122 2109 1124
f 1124 2118 2104
f 1123 4882 3420
f 1118 2104 2096
f 1124 2104 1118
f 1118 1121 1124
f 1122 1124 1121
f 1122 4877 1119
f 1109 1125 1114
f 1123 3420 2092
f 4877 1118 1116
f 1120 4877 1116
f 1120 1116 1115
f 1120 1119 4877
f 2092 3420 3366
f 3420 3404 3366
f 2090 1119 1112
f 1120 1115 1117
f 1122 1119 2098
f 1115 1116 1111
f 1112 1120 1117
f 1118 2096 2087
f 1119 1120 1112
f 2090 1112 2086
f 2092 3366 1082
f 1111 1116 4876
f 1112 1117 1110
f 1110 1115 1107
f 1106 3366 3370
f 3366 1106 1082
f 1114 2092 1109
f 2090 2086 2095
f 1105 2087 1113
f 1111 1107 1115
f 4873 2086 1112
f 1105 1118 2087
f 1097 1109 2092
f 3371 3369 3378
f 1113 1109 1097
f 1105 1113 1097
f 1112 1110 4873
f 4878 1104 1106
f 3370 4878 1106
f 1103 3385 1101
f 1104 4878 1103
f 1097 2092 1096
f 1108 1107 1102
f 1111 4876 1091
f 1108 1110 1107
f 1096 2092 1082
f 1098 1103 1101
f 1090 1106 1104
f 1101 1094 1093
f 1098 1101 1093
f 1104 1103 1098
f 1104 1098 1095
f 1106 1090 1082
f 1097 1099 1105
f 1100 1102 1107
f 1104 1095 1089
f 1099 1091 1105
f 1097 1096 1084
f 1090 1089 1082
f 1094 1088 1093
f 1104 1089 1090
f 1098 1093 1092
f 1100 1091 1085
f 1102 1100 1085
f 1095 1098 1092
f 1110 1117 1115
f 1087 1091 1099
f 1094 3301 3303
f 1088 1092 1093
f 1089 1095 1080
f 1084 1087 1099
f 1088 1094 3303
f 1082 1089 1077
f 1100 1107 1111
f 1100 1111 1091
f 1091 1087 1085
f 1080 1092 3289
f 1095 1092 1080
f 1096 1082 1083
f 1086 1084 1096
f 1086 1096 1083
f 1082 1077 1083
f 1089 1080 1077
f 1079 1086 1076
f 1084 1086 4874
f 4874 1086 1079
f 1081 1079 1078
f 1077 1080 1074
f 1072 1083 1077
f 1079 1076 1071
f 1072 1076 1083
f 1078 2055 1081
f 1072 1077 1064
f 1077 1074 1075
f 1074 1080 1069
f 1077 1075 1064
f 1075 1074 1068
f 1078 1079 1071
f 1076 1072 1071
f 1066 1078 1071
f 1062 1069 1070
f 1075 1068 1073
f 1062 1074 1069
f 2055 1078 1060
f 1073 1068 1065
f 3277 1070 3279
f 1072 1064 1071
f 1078 1066 1060
f 1068 1074 1062
f 1068 1059 1065
f 1063 1073 1065
f 1058 1070 1067
f 1059 1062 1070
f 1059 1068 1062
f 1059 1061 1065
f 1071 1064 1063
f 1059 1070 1058
f 1057 1067 3245
f 2054 1060 1056
f 3245 1055 1057
f 1059 1058 1061
f 1060 2054 2055
f 1067 1057 1058
f 1057 1055 1054
f 1056 1060 1061
f 1056 1061 1058
f 1084 1099 1097
f 1056 1058 1053
f 1054 1055 3197
f 2054 1056 1050
f 1058 1057 1047
f 1047 1053 1058
f 1050 1056 1053
f 1057 1054 1047
f 1049 1054 3197
f 3197 3207 1051
f 1051 3207 3200
f 1054 1049 1047
f 1043 1053 1047
f 1050 1053 1048
f 3200 3162 1051
f 1053 1043 1048
f 1050 1048 1052
f 2049 2051 1050
f 1044 1047 1049
f 1046 1049 1051
f 3162 1045 1051
f 1044 1049 1046
f 1049 3197 1051
f 1051 1042 1046
f 1042 1051 1045
f 1036 1047 1044
f 1043 1047 1036
f 1044 1046 1042
f 1041 1045 3140
f 1039 1048 1035
f 1044 1042 1040
f 1045 1037 1042
f 1035 1048 1043
f 1031 1036 1044
f 1037 1040 1042
f 1044 1040 1038
f 1035 1043 1036
f 1033 1045 1041
f 1033 1037 1045
f 1039 1052 1048
f 1031 1044 1038
f 1041 3128 1033
f 3133 3139 3131
f 1035 1036 1028
f 3128 1041 3133
f 1037 1033 1032
f 1040 1037 1027
f 1040 1027 1038
f 1034 1035 1030
f 1030 1035 1028
f 1034 1039 1035
f 1032 1033 1029
f 1027 1037 1026
f 1034 2043 1039
f 3128 1029 1033
f 1038 1024 1031
f 1020 3128 3126
f 1025 1036 1023
f 1036 1025 1028
f 1029 3128 1020
f 1032 1029 1026
f 1038 1027 1024
f 1037 1032 1026
f 1036 1031 1023
f 1030 1028 1025
f 1029 1020 1026
f 2053 2054 2051
f 1027 1026 1024
f 1022 1030 1025
f 1024 1026 1021
f 1022 1025 1023
f 1031 1024 1023
f 1023 1024 1021
f 4868 3126 4851
f 1021 1020 4862
f 2033 1023 1021
f 1020 3126 4868
f 1022 1023 2033
f 4862 1020 4868
f 2033 1021 4866
f 4859 2033 4866
f 1026 1020 1021
f 1021 4862 4866
f 4810 968 60
f 111 53 1007
f 974 57 989
f 54 111 1007
f 81 63 73
f 1005 70 1002
f 1000 999 883
f 1011 1010 69
f 1007 53 1015
f 981 1003 962
f 992 56 52
f 59 964 998
f 62 1010 959
f 1011 69 994
f 995 1015 981
f 1006 991 990
f 59 1009 964
f 54 1007 986
f 974 63 57
f 73 63 963
f 977 78 1017
f 85 1004 945
f 63 974 963
f 945 1004 988
f 986 1007 995
f 985 78 977
f 976 1012 941
f 69 85 984
f 994 69 984
f 995 981 1001
f 1001 983 995
f 985 1013 65
f 1003 1016 922
f 951 977 1017
f 54 986 980
f 1005 1002 953
f 972 988 1018
f 922 1016 1014
f 997 956 950
f 52 997 950
f 997 998 982
f 883 999 931
f 1014 55 872
f 996 995 971
f 992 52 950
f 1018 976 972
f 993 887 1008
f 915 988 972
f 1019 68 942
f 973 2030 1019
f 938 966 996
f 931 999 1005
f 1009 968 979
f 996 975 938
f 971 995 983
f 986 996 966
f 943 4846 952
f 935 998 964
f 983 4846 943
f 918 1014 872
f 980 986 966
f 964 1009 957
f 73 963 967
f 1001 4846 983
f 1017 1000 951
f 941 1012 1013
f 68 959 942
f 933 998 935
f 967 953 1002
f 85 894 984
f 968 4810 961
f 1003 922 873
f 944 981 955
f 4848 980 969
f 992 950 946
f 957 1009 979
f 958 938 975
f 992 946 989
f 945 988 978
f 973 1019 942
f 971 983 965
f 975 971 958
f 948 985 977
f 972 976 895
f 975 996 971
f 953 967 970
f 935 964 957
f 2027 959 1011
f 895 976 941
f 68 62 959
f 888 61 1008
f 987 3113 913
f 979 968 961
f 962 1003 873
f 958 971 965
f 980 966 969
f 990 940 961
f 983 954 965
f 934 970 967
f 1008 900 892
f 939 1013 985
f 876 922 1014
f 955 981 962
f 1014 918 876
f 990 991 940
f 989 946 949
f 956 982 932
f 960 985 948
f 926 945 978
f 888 1008 892
f 1000 883 924
f 950 928 946
f 941 1013 939
f 947 973 942
f 957 979 961
f 974 989 949
f 930 953 970
f 924 951 1000
f 934 967 963
f 900 1008 887
f 934 963 949
f 969 966 938
f 960 939 985
f 993 987 919
f 961 4847 957
f 909 954 983
f 918 872 893
f 961 940 4847
f 925 940 991
f 931 953 930
f 930 970 934
f 946 928 949
f 983 943 909
f 963 974 949
f 885 977 951
f 933 935 916
f 889 885 951
f 978 988 915
f 942 959 2027
f 872 61 888
f 932 982 933
f 969 938 937
f 2030 2026 2023
f 2030 2023 2028
f 919 987 913
f 938 958 929
f 950 956 928
f 935 957 898
f 929 965 927
f 916 935 898
f 889 951 924
f 929 958 965
f 870 887 919
f 917 944 955
f 921 934 949
f 898 957 4847
f 885 948 977
f 922 875 873
f 897 904 915
f 937 938 929
f 928 912 949
f 916 914 933
f 928 956 932
f 915 972 895
f 949 912 921
f 908 948 885
f 927 965 954
f 923 929 927
f 894 945 926
f 932 933 901
f 928 932 901
f 910 943 952
f 878 1011 994
f 928 901 912
f 909 943 910
f 952 907 910
f 920 934 921
f 904 978 915
f 937 929 923
f 930 934 920
f 859 984 894
f 948 908 886
f 942 2027 2025
f 925 991 891
f 896 941 939
f 947 942 2025
f 917 955 899
f 931 930 920
f 954 880 927
f 936 4843 4844
f 910 907 4845
f 904 926 978
f 859 994 984
f 886 960 948
f 901 933 903
f 882 914 916
f 920 921 902
f 933 914 903
f 902 921 912
f 828 872 888
f 875 922 876
f 923 927 880
f 954 909 880
f 994 859 878
f 931 905 861
f 881 885 889
f 911 962 873
f 912 901 902
f 875 844 873
f 955 962 911
f 909 910 890
f 931 920 905
f 906 936 4844
f 902 901 884
f 884 901 903
f 866 925 891
f 874 898 4847
f 919 913 843
f 880 909 863
f 909 890 863
f 826 894 926
f 902 877 879
f 905 920 879
f 902 884 877
f 895 799 915
f 828 888 892
f 857 893 872
f 903 882 884
f 895 941 845
f 883 931 861
f 875 809 844
f 845 941 896
f 926 904 858
f 781 900 887
f 860 918 893
f 858 904 897
f 882 903 914
f 891 880 866
f 799 840 915
f 924 883 856
f 824 875 876
f 866 880 863
f 840 897 915
f 865 960 886
f 861 905 879
f 939 960 865
f 850 881 889
f 848 918 860
f 884 882 862
f 877 884 864
f 826 842 894
f 859 894 842
f 873 844 804
f 872 828 857
f 865 886 839
f 850 889 924
f 869 874 4847
f 920 902 879
f 866 827 869
f 861 879 871
f 871 877 853
f 822 874 869
f 877 864 847
f 910 4845 846
f 850 924 856
f 826 926 838
f 900 781 831
f 871 879 877
f 804 911 873
f 893 857 860
f 824 876 848
f 870 919 803
f 838 926 858
f 803 919 843
f 875 824 809
f 900 831 892
f 878 859 2014
f 876 918 848
f 851 827 866
f 892 849 828
f 841 874 836
f 856 861 854
f 840 858 897
f 863 855 851
f 908 885 881
f 866 869 925
f 871 853 861
f 854 861 853
f 883 861 856
f 839 886 908
f 863 890 855
f 868 874 841
f 836 874 822
f 846 890 910
f 855 890 846
f 822 869 830
f 899 955 832
f 847 864 868
f 866 863 851
f 884 862 864
f 821 896 939
f 847 853 877
f 852 868 841
f 850 856 829
f 856 854 829
f 835 881 850
f 896 821 845
f 830 869 827
f 833 2014 859
f 820 865 839
f 939 865 821
f 816 848 860
f 837 853 847
f 908 881 835
f 892 831 754
f 854 853 837
f 955 911 832
f 906 4844 770
f 829 854 813
f 841 836 811
f 817 841 811
f 822 830 802
f 827 851 855
f 854 837 823
f 839 908 835
f 827 825 830
f 852 817 823
f 770 867 906
f 786 838 858
f 819 895 845
f 850 829 834
f 812 836 822
f 841 817 852
f 761 824 765
f 836 812 811
f 837 852 823
f 870 803 807
f 860 857 773
f 854 823 813
f 846 4845 774
f 839 834 806
f 809 824 761
f 825 827 855
f 834 839 835
f 895 819 799
f 842 833 859
f 800 834 829
f 826 838 777
f 832 911 758
f 806 820 839
f 777 838 786
f 822 802 812
f 802 830 814
f 843 3040 2974
f 823 817 818
f 865 820 821
f 857 815 773
f 770 4844 775
f 830 825 814
f 867 770 792
f 845 798 819
f 800 829 813
f 797 833 842
f 787 844 809
f 825 855 846
f 846 774 796
f 828 815 857
f 787 804 844
f 798 845 821
f 784 817 811
f 774 4845 810
f 765 848 816
f 823 818 805
f 807 887 870
f 820 806 808
f 823 805 813
f 796 825 846
f 776 808 806
f 785 828 849
f 825 796 801
f 809 761 787
f 843 747 803
f 849 892 754
f 816 860 769
f 779 802 814
f 834 800 790
f 791 834 790
f 795 820 808
f 797 826 777
f 860 773 769
f 807 803 760
f 801 779 814
f 818 794 780
f 834 791 806
f 747 843 2974
f 813 805 783
f 766 819 798
f 858 840 786
f 802 789 812
f 776 793 808
f 805 818 780
f 818 817 784
f 802 779 789
f 775 788 764
f 783 800 813
f 795 821 820
f 799 819 766
f 778 793 796
f 784 811 768
f 887 807 781
f 786 840 767
f 758 911 804
f 811 789 768
f 794 818 784
f 849 754 785
f 779 796 793
f 796 779 801
f 831 781 754
f 811 812 789
f 767 799 766
f 752 810 867
f 833 797 2004
f 767 840 799
f 4841 791 790
f 801 814 825
f 783 790 800
f 867 792 752
f 778 808 793
f 4842 832 735
f 772 783 805
f 795 808 720
f 772 805 780
f 774 810 738
f 720 808 778
f 763 777 786
f 749 758 804
f 815 828 785
f 832 758 735
f 771 786 767
f 772 794 784
f 770 775 746
f 790 783 4841
f 772 780 794
f 784 768 4840
f 4840 772 784
f 782 776 4841
f 764 788 4842
f 4841 783 772
f 810 752 738
f 778 796 756
f 746 775 755
f 821 762 798
f 753 2004 797
f 727 781 807
f 765 816 748
f 775 764 755
f 764 4842 735
f 737 762 821
f 727 754 781
f 772 4840 4841
f 4840 782 4841
f 834 835 850
f 791 4841 776
f 806 791 776
f 792 770 759
f 804 787 749
f 767 766 771
f 769 773 751
f 761 765 739
f 796 774 756
f 747 2974 2936
f 797 777 753
f 750 766 798
f 803 747 733
f 1989 786 771
f 759 746 734
f 756 774 738
f 795 720 718
f 763 786 1989
f 2994 2953 2974
f 803 733 760
f 798 762 750
f 785 754 757
f 757 815 785
f 766 750 1996
f 773 730 751
f 771 766 1996
f 770 746 759
f 755 764 741
f 787 761 744
f 748 816 769
f 730 773 815
f 744 761 739
f 752 792 724
f 848 765 824
f 792 759 736
f 749 787 742
f 739 765 748
f 741 745 755
f 757 754 727
f 724 792 736
f 746 755 745
f 740 727 807
f 730 815 713
f 756 738 732
f 821 795 737
f 740 807 760
f 760 733 740
f 742 758 749
f 769 751 711
f 725 815 757
f 715 746 745
f 763 743 777
f 1991 763 1989
f 738 752 724
f 712 737 795
f 739 748 731
f 757 727 725
f 714 764 735
f 720 778 732
f 1980 1976 753
f 735 742 722
f 748 769 711
f 722 742 744
f 742 787 744
f 719 744 739
f 712 795 718
f 726 762 737
f 744 719 722
f 737 712 726
f 764 714 728
f 729 711 751
f 717 745 741
f 815 725 713
f 717 741 728
f 735 721 714
f 751 730 729
f 1996 750 710
f 735 722 721
f 718 691 712
f 748 711 708
f 736 759 734
f 748 708 731
f 707 740 733
f 705 732 709
f 778 756 732
f 727 740 707
f 715 745 717
f 750 762 726
f 738 709 732
f 701 732 700
f 736 716 724
f 735 758 742
f 709 724 716
f 694 729 730
f 734 723 693
f 736 734 693
f 750 726 710
f 732 705 700
f 725 727 686
f 683 731 708
f 718 720 701
f 705 709 699
f 704 731 683
f 691 718 701
f 733 747 2909
f 736 693 695
f 730 713 694
f 716 736 695
f 726 712 691
f 728 714 706
f 701 720 732
f 709 716 699
f 706 714 721
f 725 686 703
f 723 715 717
f 713 725 703
f 741 764 728
f 713 703 694
f 722 719 697
f 702 728 706
f 688 678 711
f 717 702 690
f 733 2909 2882
f 683 708 696
f 729 688 711
f 696 708 678
f 710 726 685
f 727 707 692
f 707 733 684
f 697 719 674
f 676 722 697
f 4837 680 723
f 716 695 698
f 688 729 694
f 685 726 691
f 733 2882 684
f 686 660 703
f 693 682 695
f 721 675 706
f 693 680 682
f 692 707 684
f 675 721 722
f 701 700 673
f 691 701 671
f 697 674 672
f 700 705 673
f 691 671 685
f 703 679 694
f 722 676 675
f 706 687 702
f 695 682 698
f 694 679 688
f 673 705 699
f 680 4837 677
f 2838 684 2882
f 683 696 667
f 671 701 673
f 4837 668 677
f 675 687 706
f 716 681 689
f 2874 2838 2882
f 709 738 724
f 682 680 677
f 696 4838 667
f 704 667 664
f 667 704 683
f 690 687 670
f 692 655 686
f 679 703 663
f 652 674 664
f 670 687 669
f 666 681 698
f 698 682 666
f 676 697 672
f 673 689 653
f 685 671 661
f 4839 688 679
f 682 677 650
f 666 682 657
f 663 703 660
f 686 727 692
f 679 663 4839
f 669 687 675
f 655 692 2795
f 4838 2832 667
f 692 684 2795
f 676 672 662
f 677 668 659
f 642 682 650
f 660 686 655
f 667 2832 2824
f 652 672 674
f 2795 684 2838
f 652 664 4836
f 652 662 672
f 659 668 665
f 665 668 670
f 650 677 659
f 669 675 676
f 673 653 643
f 671 673 643
f 670 669 648
f 689 681 653
f 653 681 649
f 671 643 658
f 665 670 648
f 699 689 673
f 716 689 699
f 671 658 661
f 648 669 676
f 682 642 657
f 2795 2838 651
f 641 676 662
f 660 655 654
f 2936 2904 2877
f 4836 664 644
f 648 656 665
f 664 667 3517
f 664 3517 644
f 656 659 665
f 681 666 649
f 657 649 666
f 728 702 717
f 690 702 687
f 655 2795 654
f 648 676 641
f 647 659 656
f 1920 1936 661
f 653 649 1141
f 662 652 1145
f 648 1146 656
f 1920 4902 1936
f 643 653 1141
f 2807 2789 4839
f 3514 654 2795
f 3518 2789 2807
f 652 4836 644
f 3517 667 2790
f 646 663 654
f 654 663 660
f 649 657 645
f 641 662 1145
f 2134 1905 661
f 652 644 1145
f 1145 644 1137
f 1143 642 650
f 658 643 1140
f 661 658 1140
f 2134 661 1140
f 644 3517 1144
f 642 1142 657
f 3514 3516 646
f 2824 2790 667
f 657 1142 645
f 1139 647 656
f 646 654 3514
f 641 1145 1133
f 1146 641 1133
f 641 1146 648
f 3486 3481 3395
f 1139 1131 647
f 650 659 647
f 643 1141 1140
f 650 1131 1143
f 1174 626 601
f 622 1160 606
f 4833 1162 622
f 1158 1165 638
f 587 1154 1152
f 635 1167 605
f 620 1149 619
f 587 591 1154
f 631 587 1152
f 1246 1194 1251
f 2146 1179 634
f 611 2146 634
f 591 623 1154
f 630 1180 4826
f 1170 630 605
f 1149 620 1148
f 613 638 621
f 1158 1157 1165
f 4831 1173 1162
f 599 1187 624
f 1161 1187 563
f 571 1150 589
f 632 3529 1151
f 1149 1166 619
f 1275 1283 1386
f 563 1187 599
f 1191 1230 636
f 629 625 615
f 611 1898 2146
f 589 1150 584
f 595 1159 1270
f 619 617 609
f 1158 602 618
f 570 1202 529
f 1162 4833 4831
f 616 639 635
f 621 1148 588
f 588 1148 620
f 1147 615 610
f 629 1203 625
f 1147 1895 1164
f 1230 1161 612
f 611 1158 618
f 1179 1157 634
f 594 1197 627
f 1153 1202 570
f 613 621 604
f 596 1898 611
f 637 628 558
f 625 610 615
f 602 1158 613
f 1234 1256 1201
f 613 604 602
f 612 1161 563
f 584 1175 1163
f 620 619 609
f 551 1163 614
f 546 622 606
f 635 605 593
f 607 618 602
f 633 636 581
f 529 1202 594
f 600 609 585
f 636 1230 612
f 628 623 558
f 581 626 633
f 626 555 601
f 596 611 572
f 603 637 558
f 591 550 623
f 4831 608 1173
f 630 4826 4827
f 1270 1183 595
f 597 621 588
f 1360 1419 1365
f 611 634 1158
f 585 617 1897
f 618 607 577
f 555 626 592
f 609 617 585
f 608 4831 580
f 635 593 540
f 604 621 597
f 598 611 618
f 600 620 609
f 4835 607 602
f 616 635 540
f 1890 1147 610
f 577 607 4835
f 577 598 618
f 636 612 581
f 598 572 611
f 2768 586 1151
f 596 572 573
f 559 612 563
f 631 548 587
f 600 590 620
f 582 1898 596
f 558 623 565
f 4835 604 578
f 599 624 571
f 565 623 550
f 631 586 548
f 578 604 597
f 551 584 1163
f 591 587 583
f 592 581 574
f 617 2143 1897
f 585 1897 466
f 588 620 590
f 592 626 581
f 4833 622 562
f 1890 610 560
f 548 583 587
f 601 537 579
f 4833 562 557
f 564 577 4835
f 596 573 582
f 546 562 622
f 588 578 597
f 520 551 614
f 592 574 555
f 588 549 578
f 510 589 584
f 575 581 612
f 593 630 542
f 552 595 1183
f 573 556 576
f 574 581 575
f 600 585 590
f 627 601 579
f 594 627 579
f 630 4827 542
f 576 582 573
f 610 1159 560
f 568 586 2768
f 550 591 583
f 548 586 568
f 603 558 538
f 582 576 561
f 599 571 536
f 575 612 524
f 532 590 585
f 1159 610 625
f 569 572 598
f 560 1159 513
f 1183 616 552
f 578 539 567
f 554 569 564
f 601 555 553
f 567 566 564
f 564 566 554
f 564 598 577
f 569 598 564
f 524 612 559
f 1881 466 1897
f 580 4831 521
f 588 590 549
f 573 572 556
f 519 510 584
f 539 578 549
f 536 571 526
f 579 547 525
f 579 537 547
f 561 3819 582
f 556 572 569
f 560 513 541
f 558 565 528
f 571 589 526
f 530 559 563
f 594 579 529
f 526 589 510
f 548 568 503
f 561 576 556
f 599 536 530
f 631 1151 586
f 556 569 544
f 531 554 567
f 534 568 2768
f 580 521 545
f 569 554 531
f 568 543 503
f 565 550 473
f 533 570 529
f 533 546 570
f 531 544 569
f 595 518 1159
f 560 517 1882
f 583 548 446
f 555 574 4828
f 518 513 1159
f 534 2768 2759
f 506 558 528
f 1193 1221 4883
f 1175 1264 1229
f 506 538 558
f 553 555 4828
f 525 547 496
f 574 575 523
f 616 490 552
f 531 567 539
f 559 512 524
f 553 4828 511
f 563 599 530
f 477 520 603
f 557 562 509
f 508 561 556
f 575 524 523
f 542 4827 504
f 616 540 490
f 499 549 532
f 543 568 534
f 446 548 503
f 4830 521 4831
f 4815 542 504
f 517 560 541
f 559 530 512
f 528 565 535
f 549 590 532
f 546 533 562
f 614 603 520
f 515 533 529
f 513 517 541
f 553 537 601
f 535 565 473
f 529 579 470
f 466 532 585
f 518 595 552
f 537 553 497
f 486 536 527
f 530 536 486
f 524 512 494
f 500 517 513
f 496 547 537
f 490 495 552
f 512 530 491
f 493 521 4830
f 545 521 505
f 515 529 470
f 614 637 603
f 551 520 514
f 534 516 543
f 488 538 506
f 517 500 471
f 497 553 511
f 498 540 4817
f 552 495 518
f 539 544 531
f 501 551 514
f 540 593 4817
f 540 498 490
f 507 500 513
f 477 603 488
f 508 556 544
f 514 520 477
f 509 562 533
f 603 538 488
f 489 530 486
f 583 457 473
f 519 501 510
f 528 535 487
f 2759 469 516
f 465 526 510
f 474 503 543
f 440 512 491
f 1875 1882 471
f 527 526 465
f 472 579 525
f 513 518 507
f 484 510 501
f 498 4817 4816
f 508 544 468
f 482 486 527
f 440 494 512
f 528 487 506
f 499 522 549
f 485 532 466
f 2759 2758 469
f 530 489 491
f 1882 517 471
f 446 503 464
f 476 515 470
f 481 489 486
f 518 450 507
f 453 469 2742
f 490 480 495
f 480 518 495
f 501 514 484
f 4827 4825 442
f 499 532 370
f 474 464 503
f 450 518 480
f 482 455 486
f 491 479 440
f 515 476 502
f 491 489 479
f 483 472 525
f 523 524 456
f 505 521 493
f 456 524 494
f 543 516 400
f 455 481 486
f 483 496 4834
f 479 489 481
f 492 468 522
f 516 469 400
f 473 441 535
f 4832 509 502
f 500 507 451
f 461 523 456
f 537 497 4834
f 490 498 478
f 487 535 441
f 4834 497 475
f 583 446 457
f 460 4825 422
f 474 543 400
f 498 4816 478
f 490 445 480
f 370 532 485
f 490 478 445
f 470 579 472
f 522 539 549
f 403 499 370
f 484 514 463
f 465 510 484
f 483 525 496
f 437 504 442
f 477 463 514
f 455 482 416
f 4834 475 448
f 431 476 470
f 504 4827 442
f 4815 504 437
f 470 472 431
f 479 481 452
f 483 4834 448
f 452 481 462
f 439 481 455
f 444 493 443
f 1858 500 451
f 463 477 408
f 505 493 444
f 4822 492 522
f 482 527 465
f 469 453 346
f 425 440 479
f 472 483 431
f 4832 502 419
f 411 502 476
f 435 479 452
f 467 471 433
f 401 457 446
f 483 448 454
f 443 4832 419
f 340 449 499
f 4822 522 449
f 474 400 426
f 399 474 426
f 431 483 454
f 468 544 539
f 468 539 522
f 395 453 2742
f 408 477 459
f 462 481 429
f 481 439 429
f 448 461 417
f 438 4822 449
f 427 508 468
f 401 473 457
f 485 466 421
f 420 461 456
f 480 412 450
f 387 482 465
f 456 494 432
f 380 465 484
f 429 439 424
f 476 431 411
f 442 4825 460
f 450 430 507
f 435 425 479
f 420 417 461
f 419 502 411
f 451 507 430
f 346 400 469
f 380 484 436
f 337 473 401
f 477 488 459
f 392 412 428
f 412 480 428
f 433 471 1858
f 416 482 387
f 399 426 358
f 406 506 487
f 436 484 463
f 420 456 432
f 454 448 417
f 432 440 425
f 494 440 432
f 416 439 455
f 424 439 416
f 409 462 429
f 478 4816 4818
f 443 447 444
f 434 478 4818
f 1858 451 359
f 441 406 487
f 370 485 421
f 389 452 409
f 407 431 415
f 458 467 433
f 407 411 431
f 415 454 417
f 409 452 462
f 340 499 375
f 420 432 425
f 431 454 415
f 1860 458 433
f 346 453 395
f 408 459 406
f 389 435 452
f 420 384 417
f 383 419 411
f 464 474 399
f 401 464 413
f 459 488 406
f 395 2742 385
f 422 396 460
f 406 488 506
f 337 441 473
f 420 425 384
f 499 403 375
f 423 428 445
f 3845 3535 2144
f 362 492 4822
f 430 359 451
f 435 405 425
f 428 390 392
f 409 429 393
f 387 465 380
f 417 397 415
f 338 438 449
f 418 447 419
f 429 424 4824
f 381 442 460
f 405 435 389
f 418 422 444
f 396 422 418
f 362 427 492
f 338 449 340
f 441 337 4820
f 441 4820 355
f 416 387 378
f 412 392 365
f 385 2742 2693
f 358 426 388
f 394 436 364
f 363 409 393
f 4818 410 434
f 428 480 445
f 463 408 364
f 424 357 4824
f 415 397 407
f 386 411 407
f 389 409 363
f 434 410 398
f 4824 391 414
f 357 416 378
f 444 447 418
f 492 427 468
f 372 412 365
f 379 442 381
f 372 450 412
f 413 464 369
f 374 392 390
f 387 380 335
f 383 411 402
f 402 411 386
f 367 460 396
f 397 386 407
f 381 460 367
f 425 405 384
f 414 429 4824
f 1858 471 500
f 383 396 418
f 414 391 4823
f 337 401 413
f 424 416 357
f 377 430 372
f 386 382 402
f 380 436 330
f 405 389 382
f 384 397 417
f 383 402 382
f 447 443 419
f 382 389 363
f 1284 1318 1308
f 386 397 384
f 368 383 382
f 391 376 4823
f 406 441 355
f 384 405 382
f 345 436 394
f 384 382 386
f 367 396 383
f 361 373 379
f 371 381 367
f 387 335 378
f 382 363 368
f 398 410 348
f 339 403 370
f 371 4823 376
f 379 381 371
f 365 392 320
f 360 421 318
f 383 368 367
f 390 398 326
f 338 404 438
f 339 370 421
f 374 390 326
f 358 369 399
f 419 383 418
f 343 392 374
f 322 400 317
f 361 391 356
f 338 340 303
f 406 355 334
f 363 393 366
f 368 371 367
f 368 366 371
f 326 398 347
f 363 366 368
f 2662 427 362
f 388 426 322
f 436 463 364
f 317 346 395
f 339 421 360
f 342 372 365
f 398 348 347
f 408 406 334
f 337 413 331
f 550 583 473
f 394 364 319
f 307 355 4820
f 330 436 345
f 356 344 361
f 378 335 357
f 343 308 320
f 359 430 377
f 364 408 334
f 307 4820 353
f 342 365 320
f 373 361 344
f 410 4814 348
f 375 403 312
f 350 404 325
f 2693 2658 2656
f 351 344 356
f 315 357 335
f 301 2693 2656
f 354 357 315
f 404 338 325
f 292 339 360
f 328 377 342
f 317 395 333
f 332 4820 337
f 352 373 344
f 353 4820 336
f 314 356 354
f 395 385 298
f 333 395 298
f 369 358 289
f 319 364 334
f 413 369 331
f 342 320 323
f 359 377 349
f 345 316 300
f 311 343 374
f 369 289 327
f 300 330 345
f 401 446 464
f 338 303 325
f 343 311 308
f 426 400 322
f 303 340 312
f 2605 350 325
f 334 355 307
f 307 353 321
f 342 323 1843
f 349 377 328
f 342 1843 328
f 377 372 342
f 4813 352 344
f 349 328 329
f 374 326 311
f 331 369 327
f 1843 1841 328
f 1841 1843 1845
f 314 354 315
f 330 300 306
f 328 1841 329
f 326 324 311
f 388 322 274
f 340 375 312
f 310 2656 2611
f 337 331 284
f 309 1843 323
f 263 394 319
f 335 330 306
f 1842 318 1847
f 288 327 289
f 332 337 284
f 2656 310 301
f 385 2693 301
f 358 388 289
f 312 403 339
f 334 307 283
f 293 318 1842
f 1840 309 313
f 346 317 400
f 347 348 267
f 324 326 276
f 276 326 347
f 428 423 390
f 372 430 450
f 317 333 278
f 304 2605 325
f 303 299 325
f 323 320 4819
f 392 343 320
f 298 278 333
f 2617 310 2611
f 321 353 286
f 313 302 1842
f 385 301 298
f 324 302 311
f 323 4819 309
f 1842 1840 313
f 295 1842 302
f 335 306 314
f 304 325 299
f 4819 320 308
f 292 360 318
f 341 394 257
f 331 327 288
f 276 347 280
f 285 312 339
f 294 301 310
f 305 341 257
f 295 302 324
f 313 4819 302
f 310 2617 291
f 257 394 263
f 313 309 4819
f 300 316 279
f 293 292 318
f 293 1842 295
f 298 301 294
f 278 298 294
f 278 294 296
f 297 294 310
f 322 317 274
f 267 280 347
f 353 336 252
f 283 307 321
f 272 267 348
f 275 295 324
f 2606 291 2617
f 272 348 4814
f 273 304 299
f 4813 344 351
f 271 292 293
f 275 293 295
f 317 278 270
f 286 353 252
f 283 319 334
f 324 276 275
f 288 284 331
f 279 316 268
f 306 279 314
f 332 284 260
f 281 272 4814
f 275 271 293
f 296 277 278
f 277 297 269
f 288 289 265
f 339 292 271
f 263 319 283
f 351 314 282
f 306 300 279
f 314 279 282
f 297 310 291
f 297 291 269
f 284 288 266
f 321 251 283
f 252 336 249
f 287 305 257
f 269 291 2562
f 264 316 305
f 4814 4813 281
f 276 280 275
f 290 271 275
f 289 274 265
f 289 388 274
f 270 278 277
f 271 285 339
f 274 270 265
f 285 303 312
f 316 264 268
f 270 277 265
f 260 284 266
f 336 332 249
f 269 2562 2511
f 2511 2562 2560
f 279 268 248
f 299 303 255
f 269 2511 261
f 277 269 262
f 263 283 251
f 303 285 255
f 271 290 258
f 265 277 262
f 321 286 251
f 234 290 259
f 332 260 249
f 258 290 234
f 273 299 255
f 259 267 272
f 258 285 271
f 262 269 253
f 264 287 246
f 259 272 250
f 255 285 238
f 253 269 261
f 229 262 253
f 282 281 4813
f 266 288 254
f 282 279 248
f 241 285 258
f 449 522 499
f 288 265 254
f 256 260 266
f 251 240 263
f 259 290 267
f 2562 291 2582
f 257 263 240
f 516 534 2759
f 229 253 225
f 270 274 317
f 229 233 211
f 254 256 266
f 286 221 251
f 314 351 356
f 282 4813 351
f 233 229 205
f 227 260 256
f 250 272 242
f 2523 273 255
f 287 264 305
f 240 287 257
f 272 281 242
f 244 229 211
f 256 254 232
f 249 260 227
f 235 238 285
f 247 255 238
f 252 249 209
f 268 264 243
f 235 285 241
f 244 262 229
f 246 287 240
f 248 242 282
f 281 282 242
f 248 268 243
f 221 245 251
f 249 227 209
f 231 248 243
f 239 259 250
f 252 221 286
f 228 246 240
f 2506 255 237
f 237 255 247
f 220 253 261
f 227 256 232
f 232 244 219
f 231 239 250
f 231 242 248
f 251 245 240
f 259 239 230
f 231 250 242
f 230 235 241
f 214 233 205
f 219 244 211
f 205 229 225
f 211 233 214
f 227 232 218
f 230 241 234
f 237 247 236
f 232 254 244
f 245 221 217
f 228 240 245
f 225 253 202
f 232 219 218
f 243 222 239
f 241 258 234
f 238 235 230
f 223 247 238
f 239 231 243
f 224 236 226
f 226 236 223
f 223 236 247
f 261 2511 199
f 245 217 228
f 246 228 215
f 215 243 246
f 239 222 216
f 222 243 215
f 230 223 238
f 209 227 218
f 4812 223 230
f 224 226 2450
f 215 228 217
f 201 216 222
f 218 219 213
f 195 222 215
f 196 222 195
f 246 243 264
f 230 239 216
f 193 261 199
f 2511 203 199
f 213 208 218
f 209 218 208
f 221 209 217
f 219 211 212
f 210 195 215
f 219 197 213
f 221 252 209
f 210 215 217
f 212 211 183
f 217 208 210
f 208 217 209
f 211 214 177
f 222 196 206
f 216 201 207
f 369 464 399
f 4820 332 336
f 197 219 212
f 208 213 210
f 206 201 222
f 253 220 202
f 220 261 193
f 214 205 177
f 194 220 200
f 226 216 207
f 2450 226 207
f 202 205 225
f 211 177 183
f 2389 2450 207
f 195 210 180
f 191 212 183
f 188 207 201
f 210 213 180
f 201 206 179
f 199 203 193
f 206 196 186
f 197 204 184
f 204 197 212
f 180 213 184
f 200 193 194
f 2560 2501 203
f 213 197 184
f 196 195 171
f 188 201 179
f 2367 2456 2450
f 190 192 189
f 205 202 177
f 193 198 194
f 196 171 187
f 186 196 187
f 202 173 177
f 174 198 192
f 183 177 185
f 234 259 230
f 174 192 190
f 189 2376 178
f 2389 207 176
f 195 180 171
f 180 184 182
f 207 143 176
f 202 220 194
f 202 194 173
f 190 189 174
f 220 193 200
f 206 186 164
f 194 181 173
f 184 204 175
f 143 207 188
f 174 181 198
f 178 2376 169
f 185 177 170
f 164 179 206
f 212 191 156
f 204 212 175
f 180 182 171
f 186 160 164
f 173 181 159
f 212 152 175
f 152 212 156
f 174 189 167
f 154 171 182
f 4811 2501 2483
f 191 183 158
f 181 174 167
f 167 159 181
f 184 175 153
f 187 171 154
f 2318 2367 2389
f 188 179 168
f 167 189 178
f 178 169 166
f 169 2330 166
f 151 186 187
f 158 185 170
f 156 191 158
f 178 166 167
f 176 2318 2389
f 155 184 172
f 172 184 153
f 182 184 155
f 170 177 173
f 167 166 165
f 149 166 150
f 166 162 165
f 163 2330 146
f 151 187 154
f 226 223 4812
f 168 143 188
f 179 164 135
f 150 166 163
f 159 167 165
f 166 149 157
f 158 183 185
f 146 2330 2320
f 163 166 2330
f 168 179 141
f 141 179 135
f 162 166 157
f 2318 176 115
f 145 156 158
f 165 162 147
f 163 146 126
f 157 149 133
f 147 161 159
f 142 162 157
f 144 147 162
f 132 115 176
f 156 145 124
f 124 145 139
f 186 151 69
f 142 157 127
f 150 138 149
f 137 157 133
f 165 147 159
f 157 137 127
f 2469 2504 2516
f 138 150 123
f 93 155 172
f 150 163 123
f 130 145 148
f 172 153 101
f 147 144 136
f 155 72 182
f 154 96 151
f 160 186 125
f 160 125 86
f 2255 2318 115
f 144 142 136
f 164 160 86
f 144 162 142
f 96 154 182
f 116 148 161
f 124 152 156
f 140 114 151
f 146 2283 95
f 72 155 93
f 128 149 138
f 80 168 141
f 149 128 133
f 132 176 143
f 146 95 126
f 123 163 126
f 140 151 96
f 127 137 129
f 120 129 137
f 120 137 133
f 138 123 118
f 104 175 152
f 113 152 124
f 124 139 112
f 143 168 80
f 132 143 100
f 116 161 147
f 148 134 130
f 116 147 136
f 96 182 72
f 131 136 127
f 134 148 108
f 125 186 69
f 135 164 86
f 119 136 117
f 127 129 122
f 114 69 151
f 129 120 122
f 130 134 90
f 113 104 152
f 93 172 101
f 106 123 107
f 128 138 102
f 128 75 133
f 121 136 119
f 95 2283 58
f 120 133 75
f 139 145 130
f 112 139 105
f 139 130 90
f 102 138 111
f 105 139 109
f 121 116 136
f 124 112 83
f 131 127 122
f 118 123 106
f 140 96 1004
f 134 108 98
f 139 90 109
f 131 122 117
f 108 116 121
f 113 124 83
f 110 83 112
f 123 126 107
f 76 111 138
f 76 138 118
f 117 94 119
f 135 68 141
f 115 132 103
f 106 107 92
f 87 109 90
f 69 114 85
f 128 102 84
f 100 143 80
f 2031 132 100
f 75 64 120
f 68 135 86
f 117 122 94
f 114 140 85
f 72 93 1018
f 2205 115 103
f 60 122 120
f 103 132 2031
f 107 126 95
f 60 120 64
f 65 113 83
f 122 60 97
f 61 107 95
f 99 108 121
f 109 87 82
f 94 122 97
f 125 69 1010
f 86 125 1010
f 75 128 84
f 118 106 88
f 76 118 88
f 85 140 1004
f 88 106 92
f 107 61 55
f 94 74 121
f 1019 80 141
f 99 121 74
f 98 108 91
f 71 98 91
f 90 98 81
f 90 134 98
f 110 112 1000
f 93 101 976
f 976 1018 93
f 1019 141 68
f 112 105 999
f 58 2283 987
f 79 97 60
f 2032 2205 103
f 91 108 99
f 82 87 73
f 83 110 1017
f 1000 112 999
f 94 97 79
f 92 89 77
f 89 107 55
f 90 81 87
f 1017 78 83
f 1006 75 84
f 67 84 102
f 57 98 71
f 70 109 82
f 57 81 98
f 87 81 73
f 65 83 78
f 66 99 74
f 62 68 86
f 1012 104 113
f 88 92 77
f 94 121 119
f 91 99 56
f 113 65 1013
f 56 99 66
f 1004 96 72
f 1012 113 1013
f 95 58 1008
f 61 95 1008
f 63 81 57
f 105 109 1005
f 88 77 76
f 105 1005 999
f 74 52 66
f 77 89 1016
f 91 56 992
f 62 86 1010
f 75 1006 990
f 55 1016 89
f 1019 2030 80
f 872 55 61
f 1006 67 4848
f 77 1016 1003
f 60 64 4810
f 997 52 94
f 109 70 1005
f 89 92 107
f 111 76 53
f 992 71 91
f 72 1018 988
f 67 102 111
f 58 993 1008
f 52 74 94
f 72 988 1004
f 1006 84 67
f 997 94 998
f 80 2030 100
f 53 77 1015
f 53 76 77
f 58 987 993
f 66 52 56
f 94 79 998
f 1000 1017 110
f 998 79 59
f 60 968 1009
f 1015 77 1003
f 67 111 54
f 887 993 919
f 55 1014 1016
f 4848 991 1006
f 933 982 998
f 982 956 997
f 59 60 1009
f 59 79 60
f 992 989 71
f 71 989 57
f 1002 70 82
f 967 1002 82
f 967 82 73
f 953 931 1005
f 985 65 78
f 826 797 842
f 945 894 85
f 1011 959 1010
f 2032 4193 2205
f 7 2 51
f 8 7 51
f 51 2 2193
f 2198 51 2193
f 49 48 50
f 45 50 48
f 48 49 46
f 46 49 40
f 44 50 47
f 49 44 39
f 45 48 38
f 46 32 48
f 32 38 48
f 47 50 43
f 39 40 49
f 41 46 40
f 43 50 45
f 26 43 34
f 47 26 35
f 39 33 40
f 43 37 34
f 42 39 44
f 47 42 44
f 35 42 47
f 32 46 36
f 39 42 33
f 43 45 37
f 33 41 40
f 47 43 26
f 37 38 1703
f 37 29 34
f 33 42 30
f 32 31 38
f 1703 1701 37
f 45 38 37
f 41 36 46
f 27 41 33
f 37 1701 29
f 32 36 1697
f 42 35 30
f 35 26 24
f 34 28 26
f 25 33 30
f 23 25 30
f 1697 31 32
f 35 24 18
f 27 33 25
f 27 36 41
f 24 26 28
f 22 1697 36
f 22 36 27
f 28 34 1679
f 21 28 1679
f 11 23 30
f 11 30 35
f 11 35 18
f 25 20 27
f 18 24 19
f 24 28 17
f 19 24 17
f 1703 38 31
f 21 17 28
f 22 27 20
f 13 20 25
f 34 29 1679
f 13 25 23
f 19 16 18
f 21 1660 16
f 16 17 21
f 15 13 23
f 29 1680 1679
f 16 14 18
f 22 20 1656
f 20 13 9
f 23 11 15
f 1660 12 16
f 14 16 12
f 18 14 11
f 15 11 10
f 16 19 17
f 9 13 15
f 1656 1697 22
f 10 11 14
f 14 12 1657
f 7 8 15
f 8 9 15
f 10 14 5
f 15 10 4
f 5 14 1613
f 6 3 4
f 4 10 6
f 6 5 3
f 5 6 10
f 1558 1583 1657
f 4 3 2
f 3 5 1594
f 1594 1569 3
f 7 15 4
f 7 4 2
f 2 1548 2193
f 1548 3 1569
f 2 3 1548
f 2194 51 2198
